product_id,onsale_web,price,stock_quantity,stock_status,sku,total_sales,tax_status,post_author,post_date,post_date_gmt,post_title,post_excerpt,post_status,comment_status,ping_status,post_name,post_modified,post_modified_gmt,guid,post_type,post_mime_type,z-score,premium
4965,1,7.1,203.0,instock,16586,26.0,taxable,2,2018-06-02 00:00:00,2018-06-02 00:00:00,Château Turcaud Entre-Deux-Mers 2019,"<div id=""wrapper"">
<div id=""container-wrapper"">
<div id=""content-wrapper"">
<div class=""contenu""><section id=""vue"">
<div class=""wysiwyg"">

<span style=""float: none; background-color: transparent; color: #454545; font-family: 'Helvetica Neue',Helvetica,Roboto,Arial,sans-serif; font-size: 16px; font-style: normal; font-variant: normal; font-weight: 400; letter-spacing: normal; line-height: 25.6px; text-align: left; text-decoration: none; text-indent: 0px;"">Arômes très intenses d’agrumes, de fruits exotiques, mangue, lychee, citron vert, et notes florales.</span> <span style=""float: none; background-color: transparent; color: #454545; font-family: 'Helvetica Neue',Helvetica,Roboto,Arial,sans-serif; font-size: 16px; font-style: normal; font-variant: normal; font-weight: 400; letter-spacing: normal; line-height: 25.6px; text-align: left; text-decoration: none; text-indent: 0px;"">Fruité, vivacité et une bonne longueur; même complexité aromatique que celle présente au nez avec une extrême finesse.</span>

</div>
</section></div>
</div>
</div>
</div>
<footer>
<div id=""footer-wrapper"">
<div id=""footer-container""></div>
</div>
</footer>",publish,closed,closed,chateau-turcaud-entre-deux-mers-2019,2020-08-27 00:00:00,2020-08-27 00:00:00,"https://www.bottle-neck.fr/?post_type=product&#038;p=16586",product,,-0.9130765178228876,0
4393,1,57.0,2.0,instock,13765,0.0,taxable,2,2018-03-22 00:00:00,2018-03-22 00:00:00,Wemyss Malts Blended Malt Scotch Whisky Vanilla Burst,"Nouveau Blended malt proposé par la maison Wemyss et produit à 4800 exemplaires : Les éclats de Vanille. Whisky à la texture assez souple? sur le miel, la vanille et les pêches blanches. La seconde partie de bouche est plus citronnée avec un peu d'herbe coupée. On trouve également du caramel, du malt, de muscade et une pointe de gingembre. La composition est étonnamment carrée avec une jolie fluidité.",publish,closed,closed,whisky-wemyss-vanilla-burst,2020-08-20 00:00:00,2020-08-20 00:00:00,"https://www.bottle-neck.fr/?post_type=product&#038;p=13765",product,,0.8812082049348953,0
5810,1,24.0,95.0,instock,14429,0.0,taxable,2,2019-03-20 00:00:00,2019-03-20 00:00:00,Château Tour De Pez Saint-Estèphe 2017,"<p class=""first"">Vignoble au parcellaire morcelé souvent voisin des grands noms de Saint-Estèphe, il est exclusivement sur sol de graves girondines. La révélation de ce terroir donne des vins d’un gras et d’une profondeur inégalées, les tanins sont soyeux, le terme « vin fin » prend alors toute sa signification. L’équilibre de ce vin est sa première qualité, c’est un vin de terroir.</p>",publish,closed,closed,chateau-tour-de-pez-saint-estephe-2017,2020-07-28 00:00:00,2020-07-28 00:00:00,"https://www.bottle-neck.fr/?post_type=product&#038;p=14429",product,,-0.3053929143237587,0
4356,1,51.6,5.0,instock,12585,12.0,taxable,2,2018-03-02 00:00:00,2018-03-02 00:00:00,Champagne Egly-Ouriet Premier Cru Les Vignes de Vrigny,"La cuvée Les Vignes de Vrigny est atypique dans la gamme de la maison Egly-Ouriet car élaborée uniquement à partir de Pinot Meunier, là où la maison a bâti sa réputation sur sa maîtrise incroyable du Pinot Noir. C’est un champagne qui démontre tout le savoir-faire de Francis Egly, une cuvée tout en subtilité, qui laisse le terroir de Vrigny  s’exprimer au mieux grâce à un dosage très léger. C’est un champagne qui possède une robe or pâle, constellée de bulles fines. Au nez, Les Vignes de Vrigny offrent des notes exotiques qui évoluent au second nez vers une touche briochée. La bouche est élégante, crémeuse, avec une effervescence qui apporte une touche de sapidité. C’est une cuvée offrant un beau volume sur le palais. Une très belle introduction à la maison Egly-Ouriet.",publish,closed,closed,champagne-egly-ouriet-premier-cru-vrigny,2020-07-30 00:00:00,2020-07-30 00:00:00,"https://www.bottle-neck.fr/?post_type=product&#038;p=12585",product,,0.6870371126925702,0
4231,1,11.1,0.0,outofstock,15461,1.0,taxable,2,2018-02-17 00:00:00,2018-02-17 00:00:00,Argentine Mendoza Alamos Malbec 2018,"Nez très complexe et puissant de fruits noirs, de pain grillé et de caramel. La bouche est très ronde sur des saveurs de mûre, de réglisse et de noix de muscade. Des tanins présents mais bien fondus.",publish,closed,closed,catena-zapata-mendoza-alamos-malbec-2018,2020-08-26 00:00:00,2020-08-26 00:00:00,"https://www.bottle-neck.fr/?post_type=product&#038;p=15461",product,,-0.7692460791248689,0
4926,1,7.9,92.0,instock,15456,0.0,taxable,2,2018-05-18 00:00:00,2018-05-17 00:00:00,Domaine La Croix Belle Côtes de Thongue Blanc Champ des Lys 2018,Robe jaune doré aux reflets brillants. Nez doté d’une belle complexité aromatique avec des de notes de citron confit. Vin mûr et charnu dont la finale en bouche est longue et épicée.,publish,closed,closed,domaine-la-croix-belle-cotes-de-thongue-blanc-champ-des-lys-2018,2020-08-20 00:00:00,2020-08-20 00:00:00,"https://www.bottle-neck.fr/?post_type=product&#038;p=15456",product,,-0.8843104300832839,0
4103,1,16.3,6.0,instock,16505,12.0,taxable,2,2018-02-13 00:00:00,2018-02-13 00:00:00,Emile Boeckel Riesling Grand Cru Wiebelsberg 2016,"Vin sec et typé, très floral, au fruité délicat. Belle finesse avec des nuances minérales. Long en bouche, corps noble et racé.",publish,closed,closed,emile-boeckel-riesling-gc-wiebelsberg-2016,2020-08-20 00:00:00,2020-08-20 00:00:00,"https://www.bottle-neck.fr/?post_type=product&#038;p=16505",product,,-0.5822665088174447,0
4632,1,50.0,3.0,instock,2179,0.0,taxable,2,2018-04-14 00:00:00,2018-04-14 00:00:00,Marcel Windholtz Eau de Vie de Quetsch d'Alsace Réserve Particulière,"Les eaux de vie naissent d'une subtile alchimie où deux éléments fondamentaux se conjuguent pour que la réussite soit présente au creux de votre verre à dégustation... D'abord on ne s'improvise pas distillateur: chez les Windholtz ce sont trois  générations qui ont accumulé le plein d'expérience dans l'art subtil de ""séparer par la chaleur les principes fixes et volatiles"".
Ensuite entre moûts et alambic au long col, au milieu des vapeurs, c'est le savoir-faire qui préside à la transmutation mystérieuse et réfléchie destinées à sublimer et à faire chanter les fruits...",publish,closed,closed,marcel-windholtz-eau-de-quetsch-dalsace-reserve-particuliere,2019-10-17 00:00:00,2019-10-17 00:00:00,"https://www.bottle-neck.fr/?post_type=product&#038;p=2179",product,,0.6295049372133626,0
4223,1,9.7,180.0,instock,16585,3.0,taxable,2,2018-02-17 00:00:00,2018-02-17 00:00:00,Xavier Frissant Touraine Sauvignon 2019,"Un joli sauvignon frais et minéral, avec d'intenses notes exotiques. Des très beaux produits à petit prix.",publish,closed,closed,xavier-frissant-touraine-sauvignon-2019,2020-08-27 00:00:00,2020-08-27 00:00:00,"https://www.bottle-neck.fr/?post_type=product&#038;p=16585",product,,-0.8195867326691755,0
4962,1,11.3,95.0,instock,15737,14.0,taxable,2,2018-06-02 00:00:00,2018-06-02 00:00:00,Château Turcaud Bordeaux Blanc Cuvée Majeure 2018,"<div id=""wrapper"">
<div id=""container-wrapper"">
<div id=""content-wrapper"">
<div class=""contenu""><section id=""vue"">
<div class=""wysiwyg"">

<span style=""float: none; background-color: transparent; color: #454545; font-family: 'Helvetica Neue',Helvetica,Roboto,Arial,sans-serif; font-size: 16px; font-style: normal; font-variant: normal; font-weight: 400; letter-spacing: normal; line-height: 25.6px; text-align: left; text-decoration: none; text-indent: 0px;"">Délicatesse et complexité. Fruité d’abricot sec, de noisette fraîche et de poire williams. Notes florales avec une très belle fraîcheur aromatique. Notes grillées, fumées et épicées, de poivre et de muscade.</span> <span style=""float: none; background-color: transparent; color: #454545; font-family: 'Helvetica Neue',Helvetica,Roboto,Arial,sans-serif; font-size: 16px; font-style: normal; font-variant: normal; font-weight: 400; letter-spacing: normal; line-height: 25.6px; text-align: left; text-decoration: none; text-indent: 0px;"">Le fruité se prolonge en une bouche grasse, riche et longue.</span>

</div>
</section></div>
</div>
</div>
</div>
<footer>
<div id=""footer-wrapper"">
<div id=""footer-container""></div>
</div>
</footer>",publish,closed,closed,chateau-turcaud-bordeaux-blanc-cuvee-majeure-2018,2020-08-27 00:00:00,2020-08-27 00:00:00,"https://www.bottle-neck.fr/?post_type=product&#038;p=15737",product,,-0.762054557189968,0
6104,1,33.2,0.0,outofstock,14092,0.0,taxable,2,2019-06-08 00:00:00,2019-06-08 00:00:00,Stéphane Tissot Arbois Blanc Savagnin 2015,"Vin puissant marqué par la noix, les épices, le céleri. Bouche longue et concentrée toujours marquée par de nobles arômes de noix, mais tout en gardant une grande fraicheur.",publish,closed,closed,stephane-tissot-arbois-blanc-savagnin-2015,2020-01-19 00:00:00,2020-01-19 00:00:00,"https://www.bottle-neck.fr/?post_type=product&#038;p=14092",product,,0.025417094681684314,0
4899,1,21.2,35.0,instock,16062,9.0,taxable,2,2018-05-15 00:00:00,2018-05-15 00:00:00,Domaine Brintet Mercurey Blanc Vieilles Vignes 2018,"<div id=""wrapper"">
<div id=""container-wrapper"">
<div id=""content-wrapper"">
<div class=""contenu""><section id=""vue"">
<div class=""wysiwyg"">

Issu de vieilles vignes, ce Mercurey Vieilles Vignes présente un supplément de finesse, de gras et de tension. C'est de doré du Chardonnay qui amène des arômes de fleurs blanches de noisettes, d'amandes et d'épices. Une touche minérale participe à sa typicité. Il est riche et soyeux.

</div>
</section></div>
</div>
</div>
</div>",publish,closed,closed,domaine-brintet-mercurey-blanc-vieilles-vignes-2018,2020-08-05 00:00:00,2020-08-05 00:00:00,"https://www.bottle-neck.fr/?post_type=product&#038;p=16062",product,,-0.4060742214123718,0
5914,1,36.0,2.0,instock,14265,1.0,taxable,2,2019-04-05 00:00:00,2019-04-05 00:00:00,Darnley's London Dry Gin Spiced,"Un gin épicé contemporain, plein et rond. 10 plantes sont utilisées pour son élaboration, dont la cannelle, la noix de muscade, le clou de girofle ou encore le gingembre pour créer un caractère réconfortant avec des épices douces et boisées. <span title="""">Le nez rappelle l'orange, l'aiguilles de pin, le romarin, la cannelle, la coriandre, le grains de poivre et girofle. </span><span title="""">La bouche évoque un mélange d'épices, du gingembre, du poivre fraîchement moulu suivi d'un soupçon de zeste d'orange.</span>

&nbsp;",publish,closed,closed,darnleys-london-dry-gin-spiced,2020-08-09 00:00:00,2020-08-09 00:00:00,"https://www.bottle-neck.fr/?post_type=product&#038;p=14265",product,,0.12609840177029727,0
4276,1,17.6,1.0,instock,14527,0.0,taxable,2,2018-02-28 00:00:00,2018-02-28 00:00:00,I Fabbri Chianti Classico Terra Di Lamole 2015,"Un nez complexe de fleurs et de fruits rouges intenses. La bouche est structurée avec des tanins présents mais très discrets. La finale est longue et agréable, principalement sur des petits fruits rouges.",publish,closed,closed,i-fabbri-chianti-classico-terra-di-lamole-2015,2020-07-03 00:00:00,2020-07-03 00:00:00,"https://www.bottle-neck.fr/?post_type=product&#038;p=14527",product,,-0.5355216162405886,0
4937,1,9.9,28.0,instock,16283,4.0,taxable,2,2018-05-18 00:00:00,2018-05-17 00:00:00,Domaine Rouge Garance Côtes du Rhône Feuille de Garance 2019,"Un vin flamboyant porté par l'énergie folliculaire de la vigne. Les tanins mûrs et denses dirigent des saveurs de jus de raisin frais nimbées d'eucalyptus et de garrigue.

&nbsp;

&nbsp;",publish,closed,closed,domaine-rouge-garance-cotes-du-rhone-feuille-de-garance-2019,2020-08-27 00:00:00,2020-08-27 00:00:00,"https://www.bottle-neck.fr/?post_type=product&#038;p=16283",product,,-0.8123952107342746,0
4891,1,27.9,0.0,outofstock,15807,36.0,taxable,2,2018-05-12 00:00:00,2018-05-12 00:00:00,Jacqueson Rully Blanc 1er Cru La Pucelle 2018,"<div id=""wrapper"">
<div id=""container-wrapper"">
<div id=""content-wrapper"">
<div class=""contenu""><section id=""vue"">
<div class=""wysiwyg"">

Ce climat est très précoce en maturité et produit des vins d'une grande amplitude, très fruités, au nez de miel et de fleurs blanches.On trouve des arômes de beurre au fur et à mesure du vieillissement du vin.

</div>
</section></div>
</div>
</div>
</div>
<footer>
<div id=""footer-wrapper"">
<div id=""footer-container""></div>
</div>
</footer>",publish,closed,closed,jacqueson-rully-blanc-1er-cru-la-pucelle-2018,2020-08-26 00:00:00,2020-08-26 00:00:00,"https://www.bottle-neck.fr/?post_type=product&#038;p=15807",product,,-0.16515823659319057,0
6635,1,22.4,23.0,instock,15763,1.0,taxable,2,2020-01-26 00:00:00,2020-01-26 00:00:00,Domaine de la Monardière Vacqueyras Vieilles Vignes 2016,"Sélection des plus vieilles parcelles du domaine, ce vin de garde est l’expression la plus aboutie des terroirs de la Monardière. Concentration, finesse et longueur pour cette belle cuvée.",publish,closed,closed,domaine-de-la-monardiere-vacqueyras-les-vieilles-vignes-2016,2020-08-21 00:00:00,2020-08-21 00:00:00,"https://www.bottle-neck.fr/?post_type=product&#038;p=15763",product,,-0.3629250898029662,0
7338,1,16.3,45.0,instock,16230,0.0,taxable,2,2020-07-20 00:00:00,2020-07-20 00:00:00,Domaine Saint-Nicolas Vin de France Blanc Les Clous 2019,"Issu d'un assemblage de chenin blanc et de chardonnay, ce vin présente des notes iodées ainsi que des arômes de fleurs blanches. En bouche, un vin d'une grande tension se dévoile, avec des saveurs salées et une fine amertume.",publish,closed,closed,domaine-saint-nicolas-fiefs-vendeens-blanc-les-clous-2019,2020-08-13 00:00:00,2020-08-13 00:00:00,"https://www.bottle-neck.fr/?post_type=product&#038;p=16230",product,,-0.5822665088174447,0
4250,1,19.5,14.0,instock,16317,30.0,taxable,2,2018-02-20 00:00:00,2018-02-20 00:00:00,Domaine Saint-Denis Bourgogne Rouge Clos de la Coque 2018,"Un Bourgogne rouge plein de finesse et de gourmandise. Une très grande intensité de petits fruits rouges croquants. Un joli vin tout en facilité. Les 12 mois sous bois lui apportent de la charpente, mais il reste tout en rondeur.",publish,closed,closed,domaine-saint-denis-bourgogne-clos-coque-2018,2020-08-26 00:00:00,2020-08-26 00:00:00,"https://www.bottle-neck.fr/?post_type=product&#038;p=16317",product,,-0.46720215785902974,0
5969,1,69.0,0.0,outofstock,13211,0.0,taxable,2,2019-04-19 00:00:00,2019-04-19 00:00:00,Zind-Humbrecht Riesling Clos Windsbuhl 2014,"Le nez dévoile des arômes complexes, encore un peu discrets, rappelant le minéral (pierres mouillées), épices et plantes aromatiques et un peu fumés. Une aération modérée permet une belle évolution, preuve que ce vin ne demande qu’à vieillir. Le palais est marqué par une structure construite autour de l’acidité, qui, en présence de sucres résiduels très discrets, dicte les règles ! Le pH très faible (malgré une fermentation lente et 18 mois sur lies totales) augmente la force de l’acidité en bouche. Forte, mais pas brutale ni agressive, bien au contraire, la finale saline et salivante rend ce vin très agréable et harmonieux. La finale est nette, tendue et devrait encore se resserrer avec le temps.

&nbsp;",publish,closed,closed,zind-humbrecht-riesling-clos-windsbuhl-2014,2019-10-17 00:00:00,2019-10-17 00:00:00,"https://www.bottle-neck.fr/?post_type=product&#038;p=13211",product,,1.3126995210289514,0
5963,1,13.5,28.0,instock,15574,0.0,taxable,2,2019-04-18 00:00:00,2019-04-18 00:00:00,Domaine de l'Ancienne Cure Bergerac Blanc Sec L'Abbaye 2016,"Nez de fruits exotiques et aux arômes floraux. La bouche a de la rondeur, avec un fruit blanc mature, accompagné d'une belle minéralité. Une finale expressive et équilibrée sur un bouquet de fleurs blanches.",publish,closed,closed,ancienne-cure-bergerac-blanc-sec-2016,2020-07-25 00:00:00,2020-07-25 00:00:00,"https://www.bottle-neck.fr/?post_type=product&#038;p=15574",product,,-0.6829478159060577,0
4794,1,41.6,0.0,outofstock,12771,0.0,taxable,2,2018-04-20 00:00:00,2018-04-20 00:00:00,Maurice Schoech Riesling Grand Cru Rangen de Thann 2014,"Nez sur la pierre, des touches fumées, de la rose pour son coté floral. Bouche très tactile sur une minéralité fine une structure acide d’une construction évidente. Un vin qui passe sans heurt avec de la force tout en restant délicat.",publish,closed,closed,maurice-schoech-riesling-grand-cru-rangen-de-thann-2016,2018-06-24 00:00:00,2018-06-24 00:00:00,"https://www.bottle-neck.fr/?post_type=product&#038;p=12771",product,,0.32746101594752347,0
6578,1,40.0,0.0,outofstock,15647,7.0,taxable,2,2020-01-04 00:00:00,2020-01-04 00:00:00,Saumaize-Michelin Pouilly-Fuissé Ampélopsis 2016,"<div id=""wrapper"">
<div id=""container-wrapper"">
<div id=""content-wrapper"">
<div class=""contenu""><section id=""vue"">
<div class=""wysiwyg"">

Cette cuvée est une sélection de barriques des quatre terroirs. Elle n’est réalisée que certaines années et en petite quantité pour ne pas déstabiliser les autres cuvées. L’objectif est d’affiner ces matières sélectionnées par un élevage plus long, de 20 à 22 mois. d’une expression réservée lorsqu’il est jeune, le vin dévoile après les deux ou trois premières années la profondeur et la densité de sa texture et développe une grande complexité de fruits.

</div>
</section></div>
</div>
</div>
</div>
<footer>
<div id=""footer-wrapper"">
<div id=""footer-container""></div>
</div>
</footer>",publish,closed,closed,saumaize-michelin-pouilly-fuisse-ampelopsis-2016,2020-05-24 00:00:00,2020-05-24 00:00:00,"https://www.bottle-neck.fr/?post_type=product&#038;p=15647",product,,0.26992884046831594,0
6103,1,40.7,0.0,outofstock,14100,0.0,taxable,2,2019-06-08 00:00:00,2019-06-08 00:00:00,Stéphane Tissot Arbois Trousseau Amphore 2017,"Une légère aération révélera toute la pureté du fruit de ce vin : fraîcheur et éclat du fruit, subtilité de texture, intensité des arômes et parfums se répondent, avec la légèreté ravissante d'une petite musique de chambre. Une vraie émotion!",publish,closed,closed,stephane-tissot-arbois-trousseau-amphore-2017,2020-01-09 00:00:00,2020-01-09 00:00:00,"https://www.bottle-neck.fr/?post_type=product&#038;p=14100",product,,0.2950991672404693,0
4689,1,12.8,6.0,instock,13736,1.0,taxable,2,2018-04-18 00:00:00,2018-04-18 00:00:00,Domaine Plageoles Côtes du Tarn Blanc Sec Ondenc,"Un 100% Ondenc vinifié en sec qui présente au nez des arômes subtils et délicats de coing et de fleur de seringua, et offre en bouche de la fraîcheur, ainsi que beaucoup d'élégance. L'archétype du vin frais et convivial, à partager entre amis à tous moments de la journée...",publish,closed,closed,domaine-plageoles-cotes-du-tarn-blanc-sec-ondenc,2020-07-22 00:00:00,2020-07-22 00:00:00,"https://www.bottle-neck.fr/?post_type=product&#038;p=13736",product,,-0.7081181426782109,0
4788,1,12.3,21.0,instock,15731,3.0,taxable,2,2018-04-20 00:00:00,2018-04-19 00:00:00,Maurice Schoech Pinot Gris 2018,"Il est produit pour moitié sur les coteaux granitiques. Charpenté, long en bouche, il présente des arômes complexes de sous-bois légèrement fumés.",publish,closed,closed,maurice-schoech-pinot-gris-2018,2020-08-28 00:00:00,2020-08-28 00:00:00,"https://www.bottle-neck.fr/?post_type=product&#038;p=15731",product,,-0.7260969475154633,0
4994,1,78.0,7.0,instock,14507,0.0,taxable,2,2018-07-12 00:00:00,2018-07-12 00:00:00,Domaine Peyre Rose Syrah Léone 2008,"Syrah Leone offre toujours beaucoup de charme. Poivre écrasé, viande juteuse et fruits noirs fumés se dévoilent ici. La bouche est précise et droite, avec une superbe longueur. Cette cuvée provient de sols d'argiles et de calcaire, principalement à base de Syrah avec une pointe de Mourvèdre.",publish,closed,closed,domaine-peyre-rose-syrah-leone-2008,2020-08-23 00:00:00,2020-08-23 00:00:00,"https://www.bottle-neck.fr/?post_type=product&#038;p=14507",product,,1.6363180080994932,0
5925,1,49.5,12.0,instock,15351,2.0,taxable,2,2019-04-06 00:00:00,2019-04-06 00:00:00,Albert Mann Riesling Grand Cru Furstentum 2017,"Une belle robe jaune dominante avec de nombreux reflets dorés. Un nez délicat sur des arômes d'agrumes et de fleur d'oranger qui évolue vers des fruits exotiques. En bouche, l’attaque est vive, saline et avec de la sève. Les amers, la richesse et l’acidité forment un bel équilibre et apportent la complexité nécessaire au bon vieillissement de ce vin. La finale est marquée par une légère rondeur bien intégrée, qui permettra à ce vin des accords tendant vers des poissons de mer dans un esprit asiatique.",publish,closed,closed,albert-mann-riesling-grand-cru-furstentum,2020-07-18 00:00:00,2020-07-18 00:00:00,"https://www.bottle-neck.fr/?post_type=product&#038;p=15351",product,,0.6115261323761103,0
5566,1,27.5,17.0,instock,16192,0.0,taxable,2,2018-11-26 00:00:00,2018-11-26 00:00:00,Le Pas de l'Escalette Terrasses du Larzac Le Grand Pas 2018,"Le Grand Pas est fruité, épicé, et rappellera les senteurs du sud. Ample, avec une finesse aromatique représentative du terroir d'altitude.",publish,closed,closed,le-pas-de-lescalette-terrasses-du-larzac-le-grand-pas-2018,2020-08-15 00:00:00,2020-08-15 00:00:00,"https://www.bottle-neck.fr/?post_type=product&#038;p=16192",product,,-0.1795412804629924,0
4964,1,12.1,72.0,instock,16515,6.0,taxable,2,2018-06-02 00:00:00,2018-06-02 00:00:00,Château Turcaud Bordeaux Rouge Cuvée Majeure 2018,"<div id=""wrapper"">
<div id=""container-wrapper"">
<div id=""content-wrapper"">
<div class=""contenu""><section id=""vue"">
<div class=""wysiwyg"">

<span style=""float: none; background-color: transparent; color: #454545; font-family: 'Helvetica Neue',Helvetica,Roboto,Arial,sans-serif; font-size: 16px; font-style: normal; font-variant: normal; font-weight: 400; letter-spacing: normal; line-height: 25.6px; text-align: left; text-decoration: none; text-indent: 0px;"">Fruit rouge bien mûr, un côté épicé, fumé et grillé, lié au terroir et à l’élevage en barriques.</span> <span style=""float: none; background-color: transparent; color: #454545; font-family: 'Helvetica Neue',Helvetica,Roboto,Arial,sans-serif; font-size: 16px; font-style: normal; font-variant: normal; font-weight: 400; letter-spacing: normal; line-height: 25.6px; text-align: left; text-decoration: none; text-indent: 0px;"">Riche, concentrée, charnue et mûre, avec de la fraîcheur. L’élevage en barriques permet aux tanins de bien se fondre et apporte de la rondeur.</span>

</div>
</section></div>
</div>
</div>
</div>
<footer>
<div id=""footer-wrapper"">
<div id=""footer-container""></div>
</div>
</footer>",publish,closed,closed,chateau-turcaud-bordeaux-rouge-cuvee-majeure-2018,2020-08-27 00:00:00,2020-08-27 00:00:00,"https://www.bottle-neck.fr/?post_type=product&#038;p=16515",product,,-0.7332884694503642,0
4713,1,18.4,6.0,instock,14746,12.0,taxable,2,2018-04-18 00:00:00,2018-04-18 00:00:00,Domaine Schoenheitz Gewurztraminer Lisenberg 2015,"Robe jaune pâle brillante aux reflets dorés. Nez intense au bouquet floral à dominante de pétales de roses complexifié par quelques notes d’épices. La bouche est franche et pure sur des notes intenses de fleurs, fruits exotiques et épices avec une finale sur une agréable touche de fraîcheur qui lui confère un bel équilibre.",publish,closed,closed,domaine-schoenheitz-gewurztraminer-lisenberg-2015,2020-08-25 00:00:00,2020-08-25 00:00:00,"https://www.bottle-neck.fr/?post_type=product&#038;p=14746",product,,-0.5067555285009849,0
4105,1,6.8,42.0,instock,16504,5.0,taxable,2,2018-02-13 00:00:00,2018-02-13 00:00:00,Emile Boeckel Sylvaner Vieilles Vignes 2019,"Vin fortement fruité, très bonne longueur en bouche, agréable et désaltérant. Parcelles situées sur les coteaux de Mittelbergheim. Le sol est composé de calcaire qui retient l’humidité et résiste à la sécheresse.",publish,closed,closed,emile-boeckel-sylvaner-vieilles-vignes-2019,2020-08-27 00:00:00,2020-08-27 00:00:00,"https://www.bottle-neck.fr/?post_type=product&#038;p=16504",product,,-0.923863800725239,0
5772,1,29.7,47.0,instock,15180,1.0,taxable,2,2019-03-14 00:00:00,2019-03-14 00:00:00,Camille Giroud Santenay Rouge 2016,"<div>Ce vin provient de vignes situées dans deux parcelles différentes sur la commune de Santenay. La première se trouve sur la partie haute au lieu-dit Les Bras à une altitude de 360 à 450 mètres, exposée au sud et au sud-est, avec un sol issu de l’altération des Marnes à Ostrea acuminata. La deuxième se situe sur la partie basse au lieu-dit Les Saunières à une altitude de 250 à 265 mètres, exposée à l’est, avec un sol constitué de limons décarbonatés résultant de l’altération de colluvions anciennes.</div>
&nbsp;",publish,closed,closed,camille-giroud-santenay-rouge-2016,2020-08-20 00:00:00,2020-08-20 00:00:00,"https://www.bottle-neck.fr/?post_type=product&#038;p=15180",product,,-0.10043453917908216,0
5382,1,22.8,11.0,instock,16011,0.0,taxable,2,2018-09-02 00:00:00,2018-09-02 00:00:00,Nouvelle-Zélande Marlborough Momo Pinot Noir 2016,"<span style=""float: none; background-color: transparent; color: #333333; cursor: text; font-family: Georgia,'Times New Roman','Bitstream Charter',Times,serif; font-size: 16px; font-style: normal; font-variant: normal; font-weight: 400; letter-spacing: normal; text-align: left; text-decoration: none; text-indent: 0px;"">Ce Pinot Noir offre une très séduisante version du cépage sous le climat frais et ensoleillé de Marlborough: un nez pur, entre fruits et notes complexes de cèdre, de plantes aromatiques avec une touche de sous bois. Intenses, les saveurs se révèlent d'une belle concentration avec des tanins fins et une finale subtilement fumée.</span>",publish,closed,closed,nouvelle-zelande-marlborough-momo-pinot-noir-2016,2020-06-22 00:00:00,2020-06-22 00:00:00,"https://www.bottle-neck.fr/?post_type=product&#038;p=16011",product,,-0.3485420459331643,0
4299,1,39.1,18.0,instock,16578,0.0,taxable,2,2018-03-01 00:00:00,2018-03-01 00:00:00,Domaine de La Tour Du Bon Bandol Rouge Saint Ferréol 2018,"Cette cuvée est née en 1987 d’un désir d’isoler les plus beaux Mourvédre du Domaine. Quelque peu spirituel par son nom, parfois impénétrable par sa robe, le Saint Ferréol rend hommage à ce cépage à la fois omniprésent et si difficile à cerner. Introspectif, rigoureux, droit, sa bouche épicée, poivrée laisse une empreinte minérale rappelant nos grès. Le tabac, la truffe, le lys se mêlent à de belles notes acidulées. L’apport du Carignan ouvre le vin, le rend plus brillant dans sa ténébreuse retraite.",publish,closed,closed,domaine-de-la-tour-du-bon-bandol-saint-ferreol-2018,2020-08-27 00:00:00,2020-08-27 00:00:00,"https://www.bottle-neck.fr/?post_type=product&#038;p=16578",product,,0.2375669917612618,0
4275,1,14.9,14.0,instock,14864,12.0,taxable,2,2018-02-28 00:00:00,2018-02-28 00:00:00,I Fabbri Chianti Classico Lamole 2017,"Un nez typique de petits fruits rouges. Une bouche ronde et harmonieuse. Belle structure, mais surtout beaucoup de gourmandise.

&nbsp;",publish,closed,closed,i-fabbri-chianti-classico-lamole-2017,2020-08-23 00:00:00,2020-08-23 00:00:00,"https://www.bottle-neck.fr/?post_type=product&#038;p=14864",product,,-0.6326071623617513,0
3847,1,24.2,0.0,outofstock,15298,6.0,taxable,2,2018-02-09 00:00:00,2018-02-08 00:00:00,Pierre Jean Villa Saint-Joseph Préface 2018,"Il exhale un nez subtil, racé avec du poivre fin et de la tourbe. La bouche est une caresse grâce à des tanins élégants. De la haute couture.",publish,closed,closed,pierre-jean-villa-saint-joseph-preface-2018,2019-12-30 00:00:00,2019-12-30 00:00:00,"https://www.bottle-neck.fr/?post_type=product&#038;p=15298",product,,-0.29820139238885784,0
4597,1,61.6,0.0,outofstock,14000,2.0,taxable,2,2018-04-14 00:00:00,2018-04-13 00:00:00,Marc Colin Et Fils Chassagne-Montrachet Blanc Les Vide-Bourses 1er Cru 2016,"Ce Chassagne Montrachet se révèle être un vin assez expressif, aux notes minérales et d’agrumes. La bouche est généreuse et longue. C’est un vin d’une grande élégance, un digne représentant de l’appellation.",publish,closed,closed,marc-colin-et-fils-chassagne-montrachet-blanc-vide-bourses-2016,2019-10-07 00:00:00,2019-10-07 00:00:00,"https://www.bottle-neck.fr/?post_type=product&#038;p=14000",product,,1.0466132094376168,0
5487,1,43.5,1.0,instock,16129,3.0,taxable,2,2018-10-10 00:00:00,2018-10-10 00:00:00,Decelle-Villa Nuits-Saint-Georges Rouge 2016,"La couleur éclate en un rouge profond et sombre et le nez offre des arômes de fruits cuits, de truffe et d’épices. En bouche, les tannins s’expriment pleinement dans une structure puissante qui laisse présager du potentiel de garde. C’est une vin solide et corpulent.",publish,closed,closed,decelle-villa-nuits-st-georges-rouge-2016,2020-06-14 00:00:00,2020-06-14 00:00:00,"https://www.bottle-neck.fr/?post_type=product&#038;p=16129",product,,0.3957804743290823,0
4100,1,15.8,7.0,instock,13416,0.0,taxable,2,2018-02-13 00:00:00,2018-02-13 00:00:00,Emile Boeckel Gewurztraminer Grand Cru Zotzenberg 2016,"Moelleux et corsé, riches arômes de fruits et d’épices, long en bouche... Les grands crus du Zotzenberg se distinguent par leur grande finesse et un corps exceptionnel.",publish,closed,closed,boeckel-gewurzt-gc-zotzenberg-2016,2020-08-25 00:00:00,2020-08-25 00:00:00,"https://www.bottle-neck.fr/?post_type=product&#038;p=13416",product,,-0.600245313654697,0
4106,1,12.6,26.0,instock,15787,6.0,taxable,2,2018-02-13 00:00:00,2018-02-13 00:00:00,Emile Boeckel Pinot Noir Barriques Oberpfoeller 2018,"Vin légèrement boisé, aux tanins soyeux, riche et corpulent. Elevage en barriques (15% de bois neuf) 10 mois.",publish,closed,closed,emile-boeckel-pinot-noir-barriques-2018,2020-08-28 00:00:00,2020-08-28 00:00:00,"https://www.bottle-neck.fr/?post_type=product&#038;p=15787",product,,-0.7153096646131119,0
4046,1,80.0,0.0,outofstock,15269,6.0,taxable,2,2018-02-12 00:00:00,2018-02-12 00:00:00,Pierre Gaillard Côte Rôtie Rose Pourpre 2017,"La cuvée ""Rose Pourpre"" provient d'une parcelle de 0,8Ha sur la fameuse Côte Brune. Très complexe, sur les fruits et les épices, beaucoup de matière et de structure, du grand art!",publish,closed,closed,pierre-gaillard-cote-rotie-rose-pourpre-2017,2020-08-25 00:00:00,2020-08-25 00:00:00,"https://www.bottle-neck.fr/?post_type=product&#038;p=15269",product,,1.7082332274485026,0
5760,1,13.1,37.0,instock,11258,2.0,taxable,2,2019-03-14 00:00:00,2019-03-14 00:00:00,Huile d'Olive Extra Vierge Planeta 50cl,"Récoltées entre le 15 octobre et le 30 novembre à la main, ces olives typiques de la région d'Agrigento en Sicile donnent une huile extra vierge de grande qualité.",publish,closed,closed,huile-dolive-extra-vierge-planeta-50cl,2020-08-19 00:00:00,2020-08-19 00:00:00,"https://www.bottle-neck.fr/?post_type=product&#038;p=11258",product,,-0.6973308597758595,0
4264,1,17.8,48.0,instock,15665,2.0,taxable,2,2018-02-27 00:00:00,2018-02-27 00:00:00,Chermette Domaine du Vissoux Moulin à Vent Les Trois Roches 2018,"On appelle le Moulin à Vent le roi du Beaujolais. C'est le cru qui a le plus long potentiel de garde et qui se rapproche le plus de ses voisins Bourguignons. Lorsqu'il prend quelques années, on dit parfois qu'il « pinote ». Cette cuvée exprime l'alliance de la finesse et de la puissance. Large palette aromatique allant des petits fruits rouges et noirs très mûrs aux épices avec des notes minérales. L'assemblage des trois parcelles de cette cuvée en font un vin complet et équilibré : Rochegrès apporte la finesse, Roche Noire la vivacité et le fruit, la Rochelle la puissance.",publish,closed,closed,chermette-domaine-du-vissoux-moulin-a-vent-trois-roches-2018,2020-07-28 00:00:00,2020-07-28 00:00:00,"https://www.bottle-neck.fr/?post_type=product&#038;p=15665",product,,-0.5283300943056877,0
4629,1,52.4,3.0,instock,2534,2.0,taxable,2,2018-04-14 00:00:00,2018-04-14 00:00:00,Marcel Windholtz Eau de Vie de Fraise,"Les eaux de vie naissent d'une subtile alchimie où deux éléments fondamentaux se conjuguent pour que la réussite soit présente au creux de votre verre à dégustation... D'abord on ne s'improvise pas distillateur: chez les Windholtz ce sont trois  générations qui ont accumulé le plein d'expérience dans l'art subtil de ""séparer par la chaleur les principes fixes et volatiles"".
Ensuite entre moûts et alambic au long col, au milieu des vapeurs, c'est le savoir-faire qui préside à la transmutation mystérieuse et réfléchie destinées à sublimer et à faire chanter les fruits...",publish,closed,closed,marcel-windholtz-eau-de-vie-de-fraise,2020-08-22 00:00:00,2020-08-22 00:00:00,"https://www.bottle-neck.fr/?post_type=product&#038;p=2534",product,,0.7158032004321738,0
6042,1,8.5,0.0,outofstock,16159,18.0,taxable,2,2019-04-26 00:00:00,2019-04-26 00:00:00,Domaine La Croix Belle Côtes de Thongue Rosé Les Grillons 2019,"Robe très pâle, couleur rosée aux légers reflets violets. Nez marqué par des notes florales et épicées. Subtil et harmonieux en bouche, ce rosé vous surprendra par sa grande finesse.",publish,closed,closed,domaine-la-croix-belle-cotes-de-thongue-rose-grillons-2019,2020-07-30 00:00:00,2020-07-30 00:00:00,"https://www.bottle-neck.fr/?post_type=product&#038;p=16159",product,,-0.8627358642785811,0
6101,1,36.9,16.0,instock,14089,0.0,taxable,2,2019-06-08 00:00:00,2019-06-08 00:00:00,Stéphane Tissot Arbois Blanc La Mailloche 2016,"Vin très typé marqué par la minéralité, les épices et un côté fumé et tourbé. En bouche une rusticité le rend séduisant et très original.",publish,closed,closed,stephane-tissot-arbois-blanc-la-mailloche-2016,2020-07-18 00:00:00,2020-07-18 00:00:00,"https://www.bottle-neck.fr/?post_type=product&#038;p=14089",product,,0.15846025047735143,0
4394,1,59.8,0.0,outofstock,13766,0.0,taxable,2,2018-03-22 00:00:00,2018-03-22 00:00:00,Wemyss Malts Blended Malt Scotch Whisky Treacle Chest,"Vieilli en fût de Sherry, le Treacle Chest (littéralement, Coffret à Mélasse) est en bouche plutôt doux. On retrouve du caramel, du chocolat, un peu d'oranges et de fruits secs (abricots, noix, raisins). La seconde partie de bouche est composée de caramel et d'épices.",publish,closed,closed,whisky-wemyss-treacle-chest,2020-07-20 00:00:00,2020-07-20 00:00:00,"https://www.bottle-neck.fr/?post_type=product&#038;p=13766",product,,0.9818895120235083,0
6221,1,23.5,3.0,instock,16096,0.0,taxable,2,2019-07-26 00:00:00,2019-07-26 00:00:00,Planeta Sicilia Eruzione 1614 2017,"<span title="""">L'histoire de l'Etna est parsemée d'éruptions historiques qui ont façonné sa forme.</span> <span title="""">Le légendaire de 1614, qui a duré 10 ans, est la plus longue de tous les temps.</span> <span title="""">Un nom très évocateur pour cette cuvée à base de Nerello Mascalese.</span> <span title="""">Les terres volcaniques donnent un style élégant, fin et équilibré</span><span title="""">.</span> <span title="""">Son parfum exprime de belles et fines notes de fruits rouges, de rose, d'épices orientales et de cire d'abeille.</span> <span title="""">En bouche, les tanins typiques du Nerello sont assouplis par le vieillissement sous bois.</span>",publish,closed,closed,planeta-sicilia-eruzione-1614-2017,2020-08-20 00:00:00,2020-08-20 00:00:00,"https://www.bottle-neck.fr/?post_type=product&#038;p=16096",product,,-0.32337171916101104,0
5819,1,56.0,1.0,instock,11933,1.0,taxable,2,2019-03-27 00:00:00,2019-03-27 00:00:00,Maison Trimbach Riesling Cuvée Frédéric Emile 2008,"Exposés sud et sud-est, les terroirs Grands Crus Geisberg et Osterberg de Ribeauvillé qui surplombent le domaine donnent naissance à ce vin depuis plusieurs générations. L’âge moyen des vignes, 45 ans environ, offre des rendements limités. La composition marno-calcaro-gréseux et calcaire coquillé du terroir (Muschelkalk), tout comme les raisins de belle maturité strictement sélectionnés à la main, confèrent à ce vin une remarquable personnalité : un riesling sec et puissant, souligné d’une note minérale et d’une acidité finement ciselée. Prestigieuse signature de la maison, la « Cuvée Frédéric Emile » est recherchée par les fins connaisseurs et collectionneurs.

&nbsp;

&nbsp;",publish,closed,closed,maison-trimbach-riesling-cfe-2008,2020-06-20 00:00:00,2020-06-20 00:00:00,"https://www.bottle-neck.fr/?post_type=product&#038;p=11933",product,,0.8452505952603906,0
4400,1,44.0,0.0,outofstock,14768,0.0,taxable,2,2018-03-22 00:00:00,2018-03-22 00:00:00,Cognac Frapin 1270,"De couleur ambre doré, ce cognac développe un bouquet fruité, issu des raisins et floral, caractéristique de la Grande Champagne. Apparaît également une discrète note vanillée provenant du tanin contenu dans les fûts de chêne dont les caractéristiques évoluent au cours du vieillissement.",publish,closed,closed,cognac-frapin-1270,2020-07-26 00:00:00,2020-07-26 00:00:00,"https://www.bottle-neck.fr/?post_type=product&#038;p=14768",product,,0.4137592791663346,0
4064,1,14.4,27.0,instock,15966,3.0,taxable,2,2018-02-13 00:00:00,2018-02-13 00:00:00,Oratoire Saint Martin Cairanne Rouge Réserve des Seigneurs 2017,"Réserve des Seigneurs affiche un nez somptueux, entre notes sanguines et de fruits légèrement macérés, voire une touche de cigare Toscano. La bouche est dans le même registre, intense, équilibrée, mûre et soyeuse, chaleureuse et sereine, et exprime à merveille la finesse de ce terroir.",publish,closed,closed,oratoire-reserve-seigneurs-rouge-2017,2020-08-25 00:00:00,2020-08-25 00:00:00,"https://www.bottle-neck.fr/?post_type=product&#038;p=15966",product,,-0.6505859671990036,0
5802,1,23.8,22.0,instock,15399,0.0,taxable,2,2019-03-19 00:00:00,2019-03-19 00:00:00,Château Peymartin Saint-Julien 2014,"Second vin du Château Gloria. Produit à partir des plus jeunes vignes de la propriété, c’est un vin typique de l’appellation Saint-Julien, accessible plus précocement.",publish,closed,closed,peymartin-saint-julien-2014,2020-08-26 00:00:00,2020-08-26 00:00:00,"https://www.bottle-neck.fr/?post_type=product&#038;p=15399",product,,-0.3125844362586596,0
4336,1,35.5,36.0,instock,13599,1.0,taxable,2,2018-03-02 00:00:00,2018-03-02 00:00:00,Champagne Mailly Grand Cru Blanc de Pinot Noir,"Champagne en habit d’or profond et intense, il exprime immédiatement tous les arômes d’une terre unique :
Mailly Champagne et son Pinot Noir. Un nez d’épices fraîches agrémenté d’une pointe de violette et l’enivrante fragrance de sous bois et de fougères se marient au subtil « doucereux » des fruits jaunes et tout particulièrement des pêches de vignes. En bouche, le toucher délicat de la soie habille notre palais, comme une chantilly maison.",publish,closed,closed,champagne-mailly-grand-cru-blanc-de-pinot-noir,2020-08-27 00:00:00,2020-08-27 00:00:00,"https://www.bottle-neck.fr/?post_type=product&#038;p=13599",product,,0.10811959693304495,0
5905,1,43.9,0.0,outofstock,12881,2.0,taxable,2,2019-03-29 00:00:00,2019-03-29 00:00:00,Domaine de Montbourgeau L'Etoile Vin Jaune 2009,"Aux arômes de noix, d'épices et de vanille, ce vin jaune développe élégance et harmonie en bouche. C'est un vin de grande garde.",publish,closed,closed,montbourgeau-etoile-vin-jaune-2009,2019-12-30 00:00:00,2019-12-30 00:00:00,"https://www.bottle-neck.fr/?post_type=product&#038;p=12881",product,,0.4101635181988841,0
4262,1,15.8,35.0,instock,15663,3.0,taxable,2,2018-02-27 00:00:00,2018-02-27 00:00:00,Chermette Domaine du Vissoux Brouilly Pierreux 2018,"Le Brouilly est le plus méridional des crus du Beaujolais, il est donc situé au cœur du vignoble et revêt un caractère très beaujolais. Par conséquent, c'est un vin convivial, facile à placer en toutes circonstances et s'allie avec une grande variété de mets. La parcelle, située au pied du Mont Brouilly, est constituée d'éboulis granitiques suite à l'érosion de cette colline qui donnent de la structure à ce vin droit et pur en bouche.",publish,closed,closed,chermette-domaine-du-vissoux-brouilly-pierreux-2018,2020-08-01 00:00:00,2020-08-01 00:00:00,"https://www.bottle-neck.fr/?post_type=product&#038;p=15663",product,,-0.600245313654697,0
4648,1,24.3,9.0,instock,16262,2.0,taxable,2,2018-04-17 00:00:00,2018-04-17 00:00:00,Bernard Baudry Chinon Blanc La Croix Boissée 2018,Le terroir très calcaire donne à La Croix Boissée beaucoup de matière et de minéralité. C’est un joli vin de gastronomie avec des notes de fruits blancs à noyaux et une belle salinité. Quantité limitée.,publish,closed,closed,bernard-baudry-chinon-blanc-croix-boissee-2018,2020-08-20 00:00:00,2020-08-20 00:00:00,"https://www.bottle-neck.fr/?post_type=product&#038;p=16262",product,,-0.2946056314214073,0
6751,1,46.5,0.0,outofstock,16144,0.0,taxable,2,2020-03-11 00:00:00,2020-03-11 00:00:00,Château Simone Palette Blanc 2017,"Les vins blancs sont d’une suprême élégance. Dans leur jeunesse, leur robe est dorée et leurs arômes marient des notes florales et fruitées finement boisées. Ils ont une durée de garde exceptionnelle, se parant progressivement d’une teinte vieil or, ils développent un bouquet à la fois délicat et puissant.",publish,closed,closed,chateau-simone-blanc-2017,2020-08-27 00:00:00,2020-08-27 00:00:00,"https://www.bottle-neck.fr/?post_type=product&#038;p=16144",product,,0.5036533033525963,0
4267,1,19.0,21.0,instock,16537,2.0,taxable,2,2018-02-27 00:00:00,2018-02-27 00:00:00,Domaine Bulliat Morgon Amphore Cou de Jus 2019,"Un grand Morgon aux tanins d’une grande douceur et à la structure longiligne, élevé en amphore, pour permettre au vin de se nourrir de l’air et être toujours en mouvement pendant l’élevage. Il garde tout de même beaucoup d'éclat et de fruits, ce qui en fait un vin complet et équilibré.",publish,closed,closed,domaine-bulliat-morgon-amphore-cou-de-jus-2019,2020-08-27 00:00:00,2020-08-27 00:00:00,"https://www.bottle-neck.fr/?post_type=product&#038;p=16537",product,,-0.4851809626962821,0
5696,1,17.5,35.0,instock,15797,0.0,taxable,2,2019-01-31 00:00:00,2019-01-31 00:00:00,Planeta Sicilia Etna Bianco 2018,"Un vin frais et minéral aux arômes de fleur d'acacia, d'amande et de pêche des montagnes. En bouche Etna Bianco est plein et juteux avec une grande trame verticale.",publish,closed,closed,planeta-sicilia-etna-bianco-2018,2020-08-22 00:00:00,2020-08-22 00:00:00,"https://www.bottle-neck.fr/?post_type=product&#038;p=15797",product,,-0.5391173772080391,0
5747,1,24.5,1.0,instock,15631,21.0,taxable,2,2019-02-22 00:00:00,2019-02-22 00:00:00,Thibaud Boudignon Anjou Blanc 2018,"Amateurs de chenin, il faut ajouter Thibaud Boudignon à la liste des vignerons incontournables! Par son travail, sa méticulosité apportée à chaque détail et sa précision dans l’élevage, il arrive à sortir des jus flamboyants, vibrants. De la vigne à la bouteille, classieuse, l'amateur reconnaîtra la patte de Thibaud. Ses Anjou blancs sont toujours d'une grande pureté, sensibles et puissants. Si le but est de monter ses vins parmi les plus grands, force est de constater qu'il emprunte le bon chemin et que son nom approchera rapidement la haute sphère des Grands Blancs de France",publish,closed,closed,boudignon-anjou-blanc-2018,2020-08-07 00:00:00,2020-08-07 00:00:00,"https://www.bottle-neck.fr/?post_type=product&#038;p=15631",product,,-0.2874141094865064,0
5890,1,19.3,55.0,instock,15775,0.0,taxable,2,2019-03-28 00:00:00,2019-03-28 00:00:00,Saumaize-Michelin Saint-Véran Les Crèches 2018,"<div id=""wrapper"">
<div id=""container-wrapper"">
<div id=""content-wrapper"">
<div class=""contenu""><section id=""vue"">
<div class=""wysiwyg"">

Ancrée au pied de la Roche de Vergisson 1 ha 08 ares en 2 parcelles sur le même terroir exposées au sud-est. La plus grande, âgée de 35 ans, implantée sur un sol maigre fortement calcaire, l’autre, une vieille vigne de 45 ans, plus basse sur le coteau, au sol plus argileux avec des raisins souvent millerandés et concentrés. Le mariage de ces deux vignes donne un vin au fruit plein, ample, soutenu par une minéralité affirmée (craie grasse). La maturité toujours aboutie, est équilibrée par l’enracinement et le caractère du terroir. Un vin puissant et d’une expression raffinée à la fois, développant des notes d’abricots sur un bel ensemble minéral, avec une longueur exceptionnelle en bouche tout en restant sur une dynamique de fraîcheur.

</div>
</section></div>
</div>
</div>
</div>
<footer>
<div id=""footer-wrapper"">
<div id=""footer-container""></div>
</div>
</footer>",publish,closed,closed,saumaize-michelin-saint-veran-creches-2018,2020-08-26 00:00:00,2020-08-26 00:00:00,"https://www.bottle-neck.fr/?post_type=product&#038;p=15775",product,,-0.47439367979393066,0
6109,1,39.2,0.0,outofstock,15201,1.0,taxable,2,2019-06-08 00:00:00,2019-06-08 00:00:00,Gilles Robin Saint-Joseph Rouge André Péalat 2010,"D'une couleur intense, elle dévoile des arômes de fruits noirs, de poivre et légèrement fumé. A la dégustation, cette Syrah présente des tanins très puissants, à la fois serrés et veloutés. D'une structure tannique importante et dotée d'une belle acidité grâce à l'altitude des vignes, il donne une matière concentrée. Une grande tension en bouche, de la profondeur et beaucoup de concentration. Un Saint-Joseph<span style=""float: none;background-color: transparent;color: #333333;cursor: text;font-family: Georgia,'Times New Roman','Bitstream Charter',Times,serif;font-size: 16px;font-style: normal;font-variant: normal;font-weight: 400;letter-spacing: normal;text-align: left;text-decoration: none;text-indent: 0px""> d’un terroir historique révélant les </span>épices<span style=""float: none;background-color: transparent;color: #333333;cursor: text;font-family: Georgia,'Times New Roman','Bitstream Charter',Times,serif;font-size: 16px;font-style: normal;font-variant: normal;font-weight: 400;letter-spacing: normal;text-align: left;text-decoration: none;text-indent: 0px""> d’une grande Syrah.</span>",publish,closed,closed,gilles-robin-saint-joseph-pealat-2010,2020-08-01 00:00:00,2020-08-01 00:00:00,"https://www.bottle-neck.fr/?post_type=product&#038;p=15201",product,,0.24116275272871232,0
4280,1,18.9,46.0,instock,15690,0.0,taxable,2,2018-02-28 00:00:00,2018-02-28 00:00:00,Château de Cazeneuve Languedoc Blanc 2016,"Une robe jaune pâle, un nez complexe où l'on distingue le fût de chêne et les fruits à chair blanche. Belle fraîcheur et finale sur le gras et le miel.",publish,closed,closed,cazeneuve-languedoc-blanc-2016,2020-08-04 00:00:00,2020-08-04 00:00:00,"https://www.bottle-neck.fr/?post_type=product&#038;p=15690",product,,-0.4887767236637326,0
5779,1,5.8,211.0,instock,16213,8.0,taxable,2,2019-03-15 00:00:00,2019-03-15 00:00:00,Maurel Pays d'Oc Syrah 2019,<div>Une Syrah fraîche et gouleyante. Une très belle aromatique sur les fruits rouges et les épices douces.</div>,publish,closed,closed,maurel-pays-d-oc-syrah-2019,2020-08-28 00:00:00,2020-08-28 00:00:00,"https://www.bottle-neck.fr/?post_type=product&#038;p=16213",product,,-0.9598214103997437,0
5964,1,16.3,11.0,instock,13662,3.0,taxable,2,2019-04-18 00:00:00,2019-04-18 00:00:00,Domaine de l'Ancienne Cure Pécharmant L'Abbaye 2015,"Un joli nez d'une belle complexité, accompagné d'un boisé très élégant. La bouche est fraiche, tendre, les tanins sont polis, et le vin bénéficie d'une belle longueur. Une superbe réussite.",publish,closed,closed,domaine-de-lancienne-cure-pecharmant-abbaye-2015,2020-06-15 00:00:00,2020-06-15 00:00:00,"https://www.bottle-neck.fr/?post_type=product&#038;p=13662",product,,-0.5822665088174447,0
5739,1,10.7,39.0,instock,16003,1.0,taxable,2,2019-02-16 00:00:00,2019-02-16 00:00:00,Triennes IGP Méditerranée Rouge Merlot 2016,"Nez aux notes de griottes et bourgeon de cassis avec une touche de réglisse. En bouche, arômes de cacao et de fruits mûrs. Passage en carafe recommandé.",publish,closed,closed,triennes-igp-mediterranee-rouge-merlot-2016,2020-07-31 00:00:00,2020-07-31 00:00:00,"https://www.bottle-neck.fr/?post_type=product&#038;p=16003",product,,-0.7836291229946708,0
6105,1,34.8,1.0,instock,14090,7.0,taxable,2,2019-06-08 00:00:00,2019-06-08 00:00:00,Stéphane Tissot Côtes du Jura Sursis 2017,"Ce chardonnay est en Sursis car les vignes concernées, des ceps de 30 ans, doivent être remplacées par du savagnin, après un déclassement de l'appellation Château-Chalon en Côtes du Jura. Le terroir est classique pour la région : des argiles du Lias recouvertes d'un éboulis calcaire du Bajocien, avec une exposition à l'ouest. La vinification est traditionnelle et l'élevage dure un an en fûts neufs au cinquième, donnant un vin frais et fruité, avec des épices, des agrumes, la minéralité du terroir et une belle concentration.",publish,closed,closed,stephane-tissot-cotes-du-jura-sursis-2017,2020-07-09 00:00:00,2020-07-09 00:00:00,"https://www.bottle-neck.fr/?post_type=product&#038;p=14090",product,,0.08294927016089158,0
4726,1,12.7,0.0,outofstock,14950,4.0,taxable,2,2018-04-18 00:00:00,2018-04-18 00:00:00,François Baur Pinot Noir Schlittweg 2017,"Un éclat de fruits, de la souplesse, de la rondeur et des tanin très fondus. Un Pinot Noir concentré sur les petits fruits rouges avec des tanins très fondus.",publish,closed,closed,francois-baur-pinot-noir-schlittweg-2017,2020-05-06 00:00:00,2020-05-06 00:00:00,"https://www.bottle-neck.fr/?post_type=product&#038;p=14950",product,,-0.7117139036456614,0
4927,1,6.5,0.0,outofstock,15425,4.0,taxable,2,2018-05-18 00:00:00,2018-05-17 00:00:00,Domaine La Croix Belle Côtes de Thongue Rouge La Caringole 2018,"Robe rouge rubis soutenu. Nez intense de petits fruits rouges, mêlés aux épices. Vin charmeur, velouté aux notes fruitées de cassis et d’olives écrasées. Agréable à boire dès maintenant.",publish,closed,closed,domaine-la-croix-belle-cotes-de-thongue-rouge-la-caringole-2018,2020-08-26 00:00:00,2020-08-26 00:00:00,"https://www.bottle-neck.fr/?post_type=product&#038;p=15425",product,,-0.9346510836275904,0
7025,1,69.0,2.0,instock,15887,0.0,taxable,2,2020-05-03 00:00:00,2020-05-03 00:00:00,Domaine Jamet Côte Rôtie Fructus Voluptas 2018,"Pour cette cuvée, Jean-Paul Jamet recherche un plaisir sur le fruit plus immédiat tout en conservant un potentiel de garde.

&nbsp;",publish,closed,closed,jamet-cote-rotie-fructus-voluptas-2018,2020-08-15 00:00:00,2020-08-15 00:00:00,"https://www.bottle-neck.fr/?post_type=product&#038;p=15887",product,,1.3126995210289514,0
4176,1,13.5,276.0,instock,15629,9.0,taxable,2,2018-02-15 00:00:00,2018-02-15 00:00:00,Domaine de l'Hortus Pic Saint-Loup La Bergerie Rouge 2018,"<div class=""row"">
<div class=""features-value col-xs-8 col-sm-8 col-md-9"">Puissant et complexe, sur des notes de fruits rouges mûrs, de vanille, de réglisse, d'épices douces. Attaque franche avec de la puissance, bien équilibrée, des tanins très doux, une finale longue et épicée, fruits mûrs, vanille et quelques notes mentholées.</div>
</div>",publish,closed,closed,hortus-pic-saint-loup-la-bergerie-2018,2020-08-27 00:00:00,2020-08-27 00:00:00,"https://www.bottle-neck.fr/?post_type=product&#038;p=15629",product,,-0.6829478159060577,0
5804,1,25.0,0.0,outofstock,14955,1.0,taxable,2,2019-03-19 00:00:00,2019-03-19 00:00:00,Château Le Puy Bordeaux Côtes-de-Francs Emilien 2016,"Robe intense et limpide, sur des notes de fruits noirs à dominante de cassis, cerise noire, myrtille. La bouche est généreuse et charnue, veloutée et complexe, offrant une grande buvabilité et générosité.",publish,closed,closed,le-puy-cotes-de-francs-emilien-2016,2020-06-07 00:00:00,2020-06-07 00:00:00,"https://www.bottle-neck.fr/?post_type=product&#038;p=14955",product,,-0.2694353046492541,0
5704,1,16.9,5.0,instock,15036,0.0,taxable,2,2019-02-01 00:00:00,2019-02-01 00:00:00,Domaine de l'Ecu Muscadet Gneiss 2015,"<span style=""float: none;background-color: transparent;color: #414141;font-family: 'noyhlight';font-size: 18px;font-style: normal;font-variant: normal;font-weight: 400;letter-spacing: normal;line-height: 24px;text-align: left;text-decoration: none;text-indent: 0px"">Un Muscadet issu des terroirs de Gneiss du domaine. Tout y est, une acidité vivifiante, mais aussi du corps et une belle matière.</span>",publish,closed,closed,domaine-de-lecu-muscadet-gneiss-2015,2020-05-13 00:00:00,2020-05-13 00:00:00,"https://www.bottle-neck.fr/?post_type=product&#038;p=15036",product,,-0.560691943012742,0
4729,1,8.6,151.0,instock,38,38.0,taxable,2,2018-04-19 00:00:00,2018-04-18 00:00:00,Emile Boeckel Crémant Brut Blanc de Blancs,"Ce Crémant est vif et délicat, gourmand et croquant avec une bulle dynamique. Un excellent rapport qualité-prix.",publish,closed,closed,emile-boeckel-cremant-brut-blanc-de-blancs,2020-08-28 00:00:00,2020-08-28 00:00:00,"https://www.bottle-neck.fr/?post_type=product&#038;p=38",product,,-0.8591401033111306,0
4606,1,50.1,41.0,instock,15149,1.0,taxable,2,2018-04-14 00:00:00,2018-04-14 00:00:00,Catherine et Claude Maréchal Volnay 2017,"Ce Volnay, élevé 12 mois en fûts anciens, y développe bien ses arômes caractéristiques de violette et de fruits rouges. En bouche, l'attaque est souple et soyeuse, pour laisser place ensuite à du volume, de la consistance et des tanins fermes. La finale met à l’honneur le fruité caractéristique des Volnay.",publish,closed,closed,catherine-et-claude-marechal-volnay-2017,2020-06-14 00:00:00,2020-06-14 00:00:00,"https://www.bottle-neck.fr/?post_type=product&#038;p=15149",product,,0.6331006981808132,0
4711,1,55.4,9.0,instock,16119,1.0,taxable,2,2018-04-18 00:00:00,2018-04-18 00:00:00,Albert Mann Riesling Grand Cru Schlossberg 2018,"Ce vin porte une robe de couleur vert-jaune intense éclatante. Son expression olfactive est bien équilibrée, avenante, fraîche, fine et harmonieuse. On y décèle de notes d’agrumes frais, de bergamote, de kumquat, de citron jaune mûr, de compotée de pommes. On devine avec aisance la nature du terroir donnant à ce vin racé au noble caractère dû à la roche granitique. Il nous porte dans un univers de minéralité tout en dentelle. La bouche tendue, pluridimensionnelle avec un goût de roche presque imperceptible lui confère une originalité, une personnalité unique. Ce vin est harmonieux, équilibré, sec avec une force distinguée et bien dosée. Très longue finale, vivace sans aucune dureté.",publish,closed,closed,albert-mann-riesling-grand-cru-schlossberg-2018,2020-07-28 00:00:00,2020-07-28 00:00:00,"https://www.bottle-neck.fr/?post_type=product&#038;p=16119",product,,0.8236760294556877,0
5389,1,16.1,5.0,instock,13904,0.0,taxable,2,2018-09-06 00:00:00,2018-09-06 00:00:00,Australie Maverick Breechens Blend 2012,"D'une couleur jaune-vert, le nez est fruité aux saveurs tropicales, d'une matière nette et subtile. En bouche, le vin a une approche douce, lisse et légèrement corsée. La finale est intensément fruitée.",publish,closed,closed,australie-maverick-breechens-blend-2012,2020-04-25 00:00:00,2020-04-25 00:00:00,"https://www.bottle-neck.fr/?post_type=product&#038;p=13904",product,,-0.5894580307523456,0
5564,1,30.8,21.0,instock,15748,3.0,taxable,2,2018-11-26 00:00:00,2018-11-26 00:00:00,Tempier Bandol Rouge 2017,"<div id=""wrapper"">
<div id=""container-wrapper"">
<div id=""content-wrapper"">
<div class=""contenu""><section id=""vue"">
<div class=""wysiwyg"">

C’est un vin fruité et équilibré que l’on a du plaisir à boire après 3 ou 4 ans mais qui développe un très beau bouquet d’arômes tertiaires  (cuir, animal, sous-bois) avec un peu plus d’âge. Son équilibre lui permet de tenir jusqu’à 15 ans voir plus.

</div>
</section></div>
</div>
</div>
</div>
<footer>
<div id=""footer-wrapper"">
<div id=""footer-container""></div>
</div>
</footer>",publish,closed,closed,tempier-bandol-2017,2020-08-27 00:00:00,2020-08-27 00:00:00,"https://www.bottle-neck.fr/?post_type=product&#038;p=15748",product,,-0.06088116853712696,0
4304,1,8.1,133.0,instock,15120,0.0,taxable,2,2018-03-01 00:00:00,2018-03-01 00:00:00,Domaine de l'Idylle Savoie Cruet 2018,"Blanc brillant, très clair. Nez fin aux arômes subtiles de fruits (poires) et agrumes avec de belles notes florales. Attaque franche, bonne vivacité, minéralité élégante et final très agréable, séduit par sa finesse et son élégante simplicité.",publish,closed,closed,idylle-savoie-cruet-2018,2020-05-31 00:00:00,2020-05-31 00:00:00,"https://www.bottle-neck.fr/?post_type=product&#038;p=15120",product,,-0.8771189081483829,0
4271,1,16.6,56.0,instock,13460,0.0,taxable,2,2018-02-28 00:00:00,2018-02-28 00:00:00,Domaine Sérol Côte Roannaise Perdrizière 2016,"Robe rouge grenat intense. Nez expressif de fruits rouges et d'épices et bouche pleine, relancée par les épices.

&nbsp;",publish,closed,closed,domaine-serol-cote-roannaise-perdriziere-2016,2020-07-02 00:00:00,2020-07-02 00:00:00,"https://www.bottle-neck.fr/?post_type=product&#038;p=13460",product,,-0.5714792259150933,0
4893,1,27.9,0.0,outofstock,15808,3.0,taxable,2,2018-05-12 00:00:00,2018-05-12 00:00:00,Jacqueson Rully Rouge 1er Cru Les Cloux 2018,"<div id=""wrapper"">
<div id=""container-wrapper"">
<div id=""content-wrapper"">
<div class=""contenu""><section id=""vue"">
<div class=""wysiwyg"">

La robe est d’un rubis intense. Ce 1<span class=""font7"">er</span><span class=""font6""> cru  Les Cloux ne laissent en aucun cas insensible tant le profil enjôleur de ce vin est irrésistible. Les vieilles vignes de pinot noir délivrent un jus gourmand et épicé d’une grande finesse.</span><strong><span class=""font5""> </span></strong><span class=""font5"">De </span><span class=""font5"">subtiles notes de framboise, de cerises griottes légèrement épicées (poivre, cannelle) émanent de grand vins rouge de gastronomie.</span>

</div>
</section></div>
</div>
</div>
</div>
<footer>
<div id=""footer-wrapper"">
<div id=""footer-container""></div>
</div>
</footer>",publish,closed,closed,jacqueson-rully-rouge-1er-cru-les-cloux-2018,2020-05-08 00:00:00,2020-05-07 00:00:00,"https://www.bottle-neck.fr/?post_type=product&#038;p=15808",product,,-0.16515823659319057,0
4224,1,17.2,13.0,instock,15306,2.0,taxable,2,2018-02-17 00:00:00,2018-02-17 00:00:00,Pierre Martin Sancerre Chavignol Rouge 2017,"Sancerre avec de la richesse et une palette expressive de fruits mûrs. Un vin à la bouche fraîche, harmonieuse, avec un côté juteux réjouissant et plein de fruits. Les tanins sont sobres et la finale longue.",publish,closed,closed,pierre-martin-sancerre-rouge-2017,2020-07-13 00:00:00,2020-07-13 00:00:00,"https://www.bottle-neck.fr/?post_type=product&#038;p=15306",product,,-0.5499046601103905,0
4780,1,13.7,12.0,instock,13096,1.0,taxable,2,2018-04-20 00:00:00,2018-04-19 00:00:00,Maurice Schoech Crémant d'Alsace Brut Rosé Bulles de Granite,"Une parcelle de Pinot Noir en coteaux granitiques exposée Nord sert de base pour élaborer ce crémant à la couleur saumonée. Son nez est marqué par des notes de fruits rouges, sa bouche est corpulente et son faible dosage amène une finale droite et persistante!",publish,closed,closed,maurice-schoech-cremant-dalsace-brut-rose-bulles-de-granite,2020-08-21 00:00:00,2020-08-21 00:00:00,"https://www.bottle-neck.fr/?post_type=product&#038;p=13096",product,,-0.6757562939711568,0
4758,1,24.3,22.0,instock,15859,0.0,taxable,2,2018-04-19 00:00:00,2018-04-19 00:00:00,Domaine Saint-Nicolas Fiefs Vendéens Rouge Cuvée Jacques 2016,"La Cuvée Jacques est un rouge de Loire joliment fruité, s'ouvrant au nez sur des notes évoquant les fruits des bois, subtiles et bien définies. Un vin souple et soyeux, sur le fruit, doté d'une finale à la fois ferme et persistante.",publish,closed,closed,domaine-saint-nicolas-fiefs-vendeens-rouge-cuvee-jacques-2016,2020-07-30 00:00:00,2020-07-30 00:00:00,"https://www.bottle-neck.fr/?post_type=product&#038;p=15859",product,,-0.2946056314214073,0
5504,1,13.8,35.0,instock,16146,3.0,taxable,2,2018-10-10 00:00:00,2018-10-10 00:00:00,Château de la Selve Coteaux de l'Ardèche Blanc Saint-Régis Blanc 2019,"<div>

Robe jaune citron clair de belle brillance. Nez aromatique et minéral aux arômes de pêche, agrumes et note mentholée. En bouche : bel équilibre, de la fraîcheur et du fruit.

</div>",publish,closed,closed,chateau-de-la-selve-igp-coteaux-de-lardeche-st-regis-blanc-2019,2020-08-26 00:00:00,2020-08-26 00:00:00,"https://www.bottle-neck.fr/?post_type=product&#038;p=16146",product,,-0.6721605330037063,0
4283,1,27.0,58.0,instock,16154,4.0,taxable,2,2018-03-01 00:00:00,2018-03-01 00:00:00,Château de Cazeneuve Pic Saint-Loup Le Roc Des Mates 2017,"Un vin pulpeux et séduisant, à la matière soyeuse et possédant une définition aromatique des plus classiques pour l'appellation : un fruit noir charnu, agrémenté d'un soupçon de Lila et une persistance épicée de poivre au parfum de réglisse.",publish,closed,closed,chateau-de-cazeneuve-pic-saint-loup-roc-des-mates-2017,2020-08-22 00:00:00,2020-08-22 00:00:00,"https://www.bottle-neck.fr/?post_type=product&#038;p=16154",product,,-0.19752008530024473,0
5630,1,28.0,1.0,instock,12365,1.0,taxable,2,2019-01-30 00:00:00,2019-01-30 00:00:00,Parés Baltà Penedès Electio 2013,"Une cuvée produite avec une très vieille vigne de Xarel-io. Un vin délicat et complexe, d'une grande persistance aromatique. La texture crémeuse est accompagnée de notes de fruits frais ainsi que d'un élégant boisé.",publish,closed,closed,pares-balta-penedes-electio-2013,2020-08-09 00:00:00,2020-08-09 00:00:00,"https://www.bottle-neck.fr/?post_type=product&#038;p=12365",product,,-0.16156247562574005,0
4101,1,15.8,37.0,instock,14905,0.0,taxable,2,2018-02-13 00:00:00,2018-02-13 00:00:00,Emile Boeckel Pinot Gris Grand Cru Zotzenberg 2016,"Vin moelleux et fruité, arôme de pêche de vigne, belle finesse, long en bouche et capiteux.",publish,closed,closed,emile-boeckel-pinot-gris-gc-zotzenberg-2016,2020-08-26 00:00:00,2020-08-26 00:00:00,"https://www.bottle-neck.fr/?post_type=product&#038;p=14905",product,,-0.600245313654697,0
5574,1,59.6,9.0,instock,8463,0.0,taxable,2,2018-11-26 00:00:00,2018-11-26 00:00:00,Domaine Huet Vouvray Le Mont Moelleux Première Trie 2008,"Harmonie majestueuse dans ce vin d'exception, dont la pureté de botrytis et l'intensité de saveurs le situent dans un univers à part : son intensité de saveurs, sa persistance et sa noblesse aromatique laissent pantois.",publish,closed,closed,domaine-huet-vouvray-le-mont-moelleux-premiere-trie-2008,2020-05-10 00:00:00,2020-05-10 00:00:00,"https://www.bottle-neck.fr/?post_type=product&#038;p=8463",product,,0.9746979900886075,0
4211,1,48.5,0.0,outofstock,15714,1.0,taxable,2,2018-02-16 00:00:00,2018-02-16 00:00:00,Lucien Boillot Pommard 2017,"Un Pommard ample et généreux avec beaucoup de petits fruits rouges et de croquant. Les tanins sont très fins, et bien équilibrés.",publish,closed,closed,lucien-boillot-pommard-2017,2020-01-20 00:00:00,2020-01-20 00:00:00,"https://www.bottle-neck.fr/?post_type=product&#038;p=15714",product,,0.5755685227016056,0
6301,1,40.5,20.0,instock,15745,0.0,taxable,2,2019-10-05 00:00:00,2019-10-05 00:00:00,Borie La Vitarèle Saint-Chinian Midi Rouge 2015,"Midi Rouge, le petit dernier de la Vitarèle comme un hommage aux luttes des anciens. Syrah d'altitude, vieux Carignans de schistes, Mourvèdre et Syrah de crès vinifiés et élevés en demi-muids. Un vin tout en intensité et fraîcheur, élégance et raffinement.",publish,closed,closed,borie-la-vitarele-saint-chinian-midi-rouge-2015,2020-06-18 00:00:00,2020-06-18 00:00:00,"https://www.bottle-neck.fr/?post_type=product&#038;p=15745",product,,0.2879076453055683,0
4655,1,40.2,23.0,instock,13516,0.0,taxable,2,2018-04-17 00:00:00,2018-04-17 00:00:00,Thierry Germain Saumur-Champigny Les Mémoires 2016,"La robe est d’un rouge rubis intense, dense et concentrée. Le nez dévoile de subtiles nuances mentholées, de liqueur de fruits rouges ou encore de fraise des bois. En bouche l’attaque est droite et puissante, tout en sensualité suggérant d’emblée tout le potentiel d’un grand terroir.",publish,closed,closed,thierry-germain-saumur-champigny-les-memoires-2016,2020-03-27 00:00:00,2020-03-27 00:00:00,"https://www.bottle-neck.fr/?post_type=product&#038;p=13516",product,,0.27712036240321697,0
4617,1,67.5,1.0,instock,10459,0.0,taxable,2,2018-04-14 00:00:00,2018-04-14 00:00:00,Alphonse Mellot Sancerre Rouge Génération XIX 2011,"Robe d'un superbe rubis, dense et profond - Aspect mûr. Le nez est riche et complexe. Tout est séduction dans ce vin, la culture et la précision en plus. Il cueille pour nous la mûre, la myrtille et la griotte et nous offre sur un fond de fraîcheur les épices venues d'Orient : poivre rose, vanille et cannelle. La bouche est séduction et plénitude.",publish,closed,closed,alphonse-mellot-sancerre-rouge-generation-xix-2011,2020-08-25 00:00:00,2020-08-25 00:00:00,"https://www.bottle-neck.fr/?post_type=product&#038;p=10459",product,,1.2587631065171943,0
4616,1,57.0,5.0,instock,14371,0.0,taxable,2,2018-04-14 00:00:00,2018-04-14 00:00:00,Alphonse Mellot Sancerre Rouge La Demoiselle 2015,"Robe rubis dense, le nez est marqué par le terroir. L'argile à silex s'exprime ici sur des notes de fumé et de cerises kirschées, le tout fondu dans des tanins soyeux à l'extrême",publish,closed,closed,alphonse-mellot-sancerre-rouge-la-demoiselle-2015,2020-08-25 00:00:00,2020-08-25 00:00:00,"https://www.bottle-neck.fr/?post_type=product&#038;p=14371",product,,0.8812082049348953,0
5479,1,10.2,69.0,instock,16305,3.0,taxable,2,2018-10-10 00:00:00,2018-10-10 00:00:00,Domaine Bulliat Beaujolais Blanc 2019,Un joli beaujolais blanc tout en gourmandise et en éclat. Expression intense de fruits blancs et de fleurs. Un vin de fraîcheur et de plaisir.,publish,closed,closed,domaine-bulliat-beaujolais-blanc-2019,2020-08-26 00:00:00,2020-08-26 00:00:00,"https://www.bottle-neck.fr/?post_type=product&#038;p=16305",product,,-0.8016079278319231,0
4680,1,6.3,34.0,instock,15934,2.0,taxable,2,2018-04-18 00:00:00,2018-04-18 00:00:00,Domaine de Joy Côtes de Gascogne Envie de Joy 2018,"Cette cuvée offre une robe pâle aux reflets verts. Le nez présente des notes d'agrumes et de fruits exotiques. En bouche, le vin est gras, rond ample et se termine sur une belle longueur délicieusement fruitée.",publish,closed,closed,domaine-de-joy-cotes-de-gascogne-envie-de-joy-2018,2020-08-10 00:00:00,2020-08-10 00:00:00,"https://www.bottle-neck.fr/?post_type=product&#038;p=15934",product,,-0.9418426055624913,0
4662,1,20.8,24.0,instock,16081,0.0,taxable,2,2018-04-17 00:00:00,2018-04-17 00:00:00,Pierre Martin Sancerre Les Monts Damnés 2018,"Un Sancerre blanc équilibré, complexe et minéral aux notes de fruits mûrs et de fleurs blanches. Ce vin est fin et révèle une jolie longueur en bouche.",publish,closed,closed,pierre-martin-sancerre-les-monts-damnes-2018,2020-05-20 00:00:00,2020-05-20 00:00:00,"https://www.bottle-neck.fr/?post_type=product&#038;p=16081",product,,-0.42045726528217364,0
4197,1,9.4,24.0,instock,16256,8.0,taxable,2,2018-02-16 00:00:00,2018-02-15 00:00:00,Château de La Liquière Faugères Les Amandiers Rosé 2019,"Ample et rafraîchissant, ce vin lumineux développe des arômes de fruits rouges (framboise, groseille,...) et de caramel au lait.",publish,closed,closed,chateau-de-la-liquiere-faugeres-les-amandiers-rose-2019,2020-08-26 00:00:00,2020-08-26 00:00:00,"https://www.bottle-neck.fr/?post_type=product&#038;p=16256",product,,-0.8303740155715269,0
5891,1,19.0,4.0,instock,15774,1.0,taxable,2,2019-03-28 00:00:00,2019-03-28 00:00:00,Saumaize-Michelin Viré-Clessé 2018,"<div id=""wrapper"">
<div id=""container-wrapper"">
<div id=""content-wrapper"">
<div class=""contenu""><section id=""vue"">
<div class=""wysiwyg"">

Équilibre subtil entre une bouche riche, aromatique et vanillée et sa finale sapide tout en longueur.

</div>
</section></div>
</div>
</div>
</div>
<footer>
<div id=""footer-wrapper"">
<div id=""footer-container""></div>
</div>
</footer>",publish,closed,closed,saumaize-michelin-vire-clesse-2018,2020-07-28 00:00:00,2020-07-28 00:00:00,"https://www.bottle-neck.fr/?post_type=product&#038;p=15774",product,,-0.4851809626962821,0
5619,1,71.3,13.0,instock,15922,0.0,taxable,2,2019-01-16 00:00:00,2019-01-16 00:00:00,"Albert Boxler Riesling Grand Cru Sommerberg ""E"" 2018","Le Sommerberg ""E"" provient d'une sélection parcellaire du lieu-dit Eckberg, terroir granitique. Un Riesling d'une grande classe, pur et élégant. Taillé pour la garde.

&nbsp;

&nbsp;

&nbsp;",publish,closed,closed,albert-boxler-riesling-grand-cru-sommerberg-e-2018,2020-08-26 00:00:00,2020-08-26 00:00:00,"https://www.bottle-neck.fr/?post_type=product&#038;p=15922",product,,1.395402023280312,0
5379,1,11.1,26.0,instock,14561,0.0,taxable,2,2018-09-02 00:00:00,2018-09-02 00:00:00,Argentine Mendoza Alamos Torrontes 2017,"<span style=""float: none; background-color: transparent; color: #3c3a3e; font-family: 'Roboto',sans-serif; font-size: 15px; font-style: normal; font-variant: normal; font-weight: 400; letter-spacing: normal; text-align: justify; text-decoration: none; text-indent: 0px;"">Catena Zapata a su conserver toute la vigueur et les parfums du cépage dans ce Torrontes Alamos à la robe claire et aux arômes exubérants de citronnelle, de pêche, de jasmin et d'herbes fraîches. En bouche, il déploie la même palette de saveurs avec un équilibre étonnant entre rondeur et fraîcheur.</span>",publish,closed,closed,argentine-mendoza-alamos-torrontes-2017,2020-07-12 00:00:00,2020-07-12 00:00:00,"https://www.bottle-neck.fr/?post_type=product&#038;p=14561",product,,-0.7692460791248689,0
6225,1,20.4,0.0,outofstock,15162,4.0,taxable,2,2019-07-31 00:00:00,2019-07-31 00:00:00,Le Pas de l'Escalette IGP Hérault Ze Cinsault 2017,"Après un égrappage et une cuvaison d'une trentaine de jours, suivis de plusieurs pigeages et remontages quotidiens, les vins sont élevés 10 mois en fûts et en cuves tronconiques. Dans le verre, on y trouve une robe en dentelle, claire et limpide. Le nez est finement racé, sur l'éclat de fruits rouges frais et quelques notes légèrement poivrées. La bouche est svelte, légère mais très gourmande.",publish,closed,closed,le-pas-de-lescalette-herault-ze-cinsault-2017,2020-06-26 00:00:00,2020-06-26 00:00:00,"https://www.bottle-neck.fr/?post_type=product&#038;p=15162",product,,-0.4348403091519756,0
4601,1,16.1,31.0,instock,16151,4.0,taxable,2,2018-04-14 00:00:00,2018-04-13 00:00:00,Catherine et Claude Maréchal Bourgogne Aligoté 2018,"Tout en justesse de goût, son bouquet est fruité (pomme, citron) ou floral. En bouche, ce vin énergique stimule les papilles.",publish,closed,closed,catherine-et-claude-marechal-bourgogne-aligote-2018,2020-06-24 00:00:00,2020-06-24 00:00:00,"https://www.bottle-neck.fr/?post_type=product&#038;p=16151",product,,-0.5894580307523456,0
4730,1,14.3,6.0,instock,5646,0.0,taxable,2,2018-04-19 00:00:00,2018-04-19 00:00:00,Domaine Muré Crémant d'Alsace Cuvée Prestige,"Chapelet de mousse persistant autour du verre. Nez ouvert, frais, élégant, très prononcé et vineux. En bouche, le vin est vif mais agréable à boire et se distingue par une finesse remarquable, finale de fraîcheur, arômes persistants de fruits à chair blanche du type poire ou pomme Granny.",publish,closed,closed,domaine-mure-cremant-dalsace-cuvee-prestige,2020-08-22 00:00:00,2020-08-22 00:00:00,"https://www.bottle-neck.fr/?post_type=product&#038;p=5646",product,,-0.6541817281664539,0
4196,1,27.2,13.0,instock,13032,2.0,taxable,2,2018-02-15 00:00:00,2018-02-15 00:00:00,Château de La Liquière Faugères Tucade 2015,"En patois, une Tucade est une fantaisie, un coup de tête. C'est un peu l'histoire de ce vin. 2001 est le premier millésime. Ce vin riche et complexe garde la finesse de son terroir. Tucade ne verra le jour que les années exceptionnelles.",publish,closed,closed,chateau-de-liquiere-faugeres-tucade-2015,2020-07-11 00:00:00,2020-07-11 00:00:00,"https://www.bottle-neck.fr/?post_type=product&#038;p=13032",product,,-0.19032856336534382,0
4104,1,9.7,37.0,instock,15683,12.0,taxable,2,2018-02-13 00:00:00,2018-02-13 00:00:00,Emile Boeckel Riesling Brandluft 2018,"Le riesling Brandluft est élevé, vinifié et commercialisé depuis plus de 100 ans par la maison Boeckel. Il est sec, typé, fruité et gras. Un super rapport qualité-prix.",publish,closed,closed,emile-boeckel-riesling-brandluft-2018,2020-08-27 00:00:00,2020-08-27 00:00:00,"https://www.bottle-neck.fr/?post_type=product&#038;p=15683",product,,-0.8195867326691755,0
6568,1,72.0,19.0,instock,15707,0.0,taxable,2,2020-01-04 00:00:00,2020-01-04 00:00:00,Decelle-Villa Chambolle-Musigny 2017,"Considéré comme le plus « féminin » des vins de la Côte de Nuits, le Chambolle Musigny DECELLE VILLA exprime la finesse et la subtilité de ses tannins sur des notes de violettes et de fruits rouges. Très charnu et peu porté sur l’acidité, il procure une sensation de rondeur.",publish,closed,closed,decelle-villa-chambolle-musigny-2017,2020-05-10 00:00:00,2020-05-10 00:00:00,"https://www.bottle-neck.fr/?post_type=product&#038;p=15707",product,,1.4205723500524654,0
5962,1,30.0,22.0,instock,16326,0.0,taxable,2,2019-04-18 00:00:00,2019-04-18 00:00:00,Camin Larredya Jurançon Moelleux Au Capcéu 2018,"Sur le millésime 2017, Au Capceu du domaine Camin Larredya est une grande réussite. Ce magnifique Jurançon de garde se développe sur des notes de fruits jaunes, fruits exotiques, citron confit. L'acidité contrebalance magnifiquement le sucre. Un grand vin.",publish,closed,closed,camin-larredya-jurancon-moelleux-capceu-2018,2020-08-27 00:00:00,2020-08-27 00:00:00,"https://www.bottle-neck.fr/?post_type=product&#038;p=16326",product,,-0.08964725627673072,0
4348,1,59.0,21.0,instock,12586,0.0,taxable,2,2018-03-02 00:00:00,2018-03-02 00:00:00,Champagne Egly-Ouriet Grand Cru Brut Tradition,"Un Champagne bien équilibré, dense, très élégant, avec les fruits rouges du pinot noir, beaucoup de fraîcheur et une touche miélée. D'une belle pureté, il est doté d'une trame épicée et d'une bouche joliment vineuse mais toujours très fraîche!",publish,closed,closed,champagne-egly-ouriet-tradition-grand-cru,2020-08-13 00:00:00,2020-08-13 00:00:00,"https://www.bottle-neck.fr/?post_type=product&#038;p=12586",product,,0.9531234242839046,0
4620,1,11.9,106.0,instock,15850,6.0,taxable,2,2018-04-14 00:00:00,2018-04-14 00:00:00,Bernard Baudry Chinon Rouge Les Granges 2018,Les Granges est un vin fruité et gourmand à déguster dans sa jeunesse. C’est une expression de Chinon souple et friand caractéristique des sols de graviers sableux.,publish,closed,closed,bernard-baudry-chinon-rouge-les-granges-2018,2020-08-27 00:00:00,2020-08-27 00:00:00,"https://www.bottle-neck.fr/?post_type=product&#038;p=15850",product,,-0.7404799913852652,0
4065,1,19.5,35.0,instock,15022,0.0,taxable,2,2018-02-13 00:00:00,2018-02-13 00:00:00,Oratoire Saint Martin Cairanne Rouge Les Douyes 2016,"Le rustique noble incarné. Beau grain, beaucoup de fruit et de fond, solidement ancré, solaire et rafraîchissant. Un vin complet et complexe, qui se gardera à merveille.",publish,closed,closed,oratoire-saint-martin-cairanne-douyes-2016,2020-08-28 00:00:00,2020-08-28 00:00:00,"https://www.bottle-neck.fr/?post_type=product&#038;p=15022",product,,-0.46720215785902974,0
4902,1,46.0,11.0,instock,13052,0.0,taxable,2,2018-05-15 00:00:00,2018-05-15 00:00:00,Domaine Des Croix Savigny-Lès-Beaune 1er Cru Les Peuillets 2015,"Ce vin est sur la délicatesse et l'élégance. Les tanins sont très soyeux avec une belle vivacité. Très séduisant et sur un éclat de fruits rouges, il bénéficie d'une structure fine et nerveuse. Un Savigny, très réussi, plein de profondeur et prêt à boire.",publish,closed,closed,domaine-des-croix-savigny-les-beaune-1er-cru-les-peuillets-2015,2020-08-26 00:00:00,2020-08-26 00:00:00,"https://www.bottle-neck.fr/?post_type=product&#038;p=13052",product,,0.48567449851534394,0
4285,1,41.0,24.0,instock,16153,8.0,taxable,2,2018-03-01 00:00:00,2018-03-01 00:00:00,Château de Cazeneuve Pic Saint-Loup Le Sang Du Calvaire 2017,"Robe sombre, nez très expressif, en bouche un grand vin ample et riche, aux tanins soyeux avec une belle finale épicée.",publish,closed,closed,chateau-de-cazeneuve-pic-saint-loup-le-sang-du-calvaire-2017,2020-06-13 00:00:00,2020-06-13 00:00:00,"https://www.bottle-neck.fr/?post_type=product&#038;p=16153",product,,0.3058864501428206,0
6573,1,68.3,12.0,instock,15473,1.0,taxable,2,2020-01-04 00:00:00,2020-01-04 00:00:00,Marc Colin Et Fils Chassagne-Montrachet 1er Cru Les Champs Gain 2017,"Un Chassagne-Montrachet riche, élégant et puissant mais avec la finesse que lui confère sa proximité avec Puligny-Montrachet.",publish,closed,closed,marc-colin-et-fils-chassagne-montrachet-blanc-1cru-champs-gain-2017,2020-08-28 00:00:00,2020-08-28 00:00:00,"https://www.bottle-neck.fr/?post_type=product&#038;p=15473",product,,1.287529194256798,0
4727,1,26.0,33.0,instock,16540,2.0,taxable,2,2018-04-19 00:00:00,2018-04-18 00:00:00,Paul Ginglinger Riesling Grand Cru Pfersigberg 2018,"Un Riesling tout en droiture et en gourmandise où la chair dense et suave enrobe une trame cristalline à la minéralité affirmée. La finale, saline et ciselée, souligne tout le caractère de ce grand riesling sec de terroir calcaro-gréseux.",publish,closed,closed,paul-ginglinger-riesling-grand-cru-pfersigberg-2018,2020-08-28 00:00:00,2020-08-28 00:00:00,"https://www.bottle-neck.fr/?post_type=product&#038;p=16540",product,,-0.2334776949747494,0
4910,1,17.3,0.0,outofstock,13809,4.0,taxable,2,2018-05-15 00:00:00,2018-05-15 00:00:00,Antoine-Marie Arena Vin de France Rouge San Giovanni 2017,"Ce vin montre de la précision et de la justesse. San Giovanni, encore très jeune, offre des nuances épicées et une matière de qualité. Il séduit par sa dimension et sa gourmandise.",publish,closed,closed,antoine-marie-arena-vin-de-france-rouge-san-giovanni-2017,2020-04-24 00:00:00,2020-04-24 00:00:00,"https://www.bottle-neck.fr/?post_type=product&#038;p=13809",product,,-0.54630889914294,0
4177,1,13.5,109.0,instock,15583,0.0,taxable,2,2018-02-15 00:00:00,2018-02-15 00:00:00,Domaine de l'Hortus Val de Montferrand La Bergerie Blanc 2018,"<div class=""row"">
<div class=""features-value col-xs-8 col-sm-8 col-md-9"">Puissant et très complexe avec des notes d'agrumes (pamplemousse, ananas), des notes fraîches mentholées et de fleurs blanches. Un très bel équilibre en bouche avec de la fraîcheur, du volume et de la douceur. Une finale d'agrumes, de menthol et de fleurs blanches.</div>
</div>",publish,closed,closed,hortus-la-bergerie-blanc-2018,2020-07-10 00:00:00,2020-07-10 00:00:00,"https://www.bottle-neck.fr/?post_type=product&#038;p=15583",product,,-0.6829478159060577,0
4687,1,30.1,36.0,instock,15582,0.0,taxable,2,2018-04-18 00:00:00,2018-04-18 00:00:00,Cosse-Maisonneuve Cahors Le Sid 2014,"Ce vin arbore une sublime robe rubis soutenue, presque opaque, teintée de reflets violacés. Au nez, ce vin est intense et offre un registre olfactif large marqué par des arômes de violette, de cassis et de mûre relevés par des notes minérales et boisées. Dense et riche, la bouche dévoile des tanins soyeux, fins et suaves.",publish,closed,closed,matthieu-cosse-cahors-le-sid-2014,2020-08-27 00:00:00,2020-08-27 00:00:00,"https://www.bottle-neck.fr/?post_type=product&#038;p=15582",product,,-0.0860514953092802,0
6663,1,50.4,6.0,instock,16152,0.0,taxable,2,2020-02-23 00:00:00,2020-02-23 00:00:00,Catherine et Claude Maréchal Pommard La Chanière 2017,"Ce Pommard a une robe d’un beau rubis, typique du pinot noir. Au nez, elle livre des arômes de cerises et de petits fruits rouges, avec une touche épicée. En bouche, nous avons de la longueur et de la persistance, pour définir un vin qui est solide et tannique.",publish,closed,closed,catherine-et-claude-marechal-pommard-la-chaniere-2017,2020-07-16 00:00:00,2020-07-16 00:00:00,"https://www.bottle-neck.fr/?post_type=product&#038;p=16152",product,,0.6438879810831645,0
5047,1,22.5,129.0,instock,531,13.0,taxable,2,2018-07-19 00:00:00,2018-07-19 00:00:00,Champagne Petit Lebrun &amp; Fils Blanc de Blancs Grand Cru,"Cuvée bien équilibrée à la fois vive et souple, l'attaque en bouche est franche, droite. La bouche est légère, complexe et consistante, alliant souplesse et vigueur. La finale est rémanente, longue. L'ensemble de la dégustation laisse des impressions de fraîcheur, de gras.",publish,closed,closed,champagne-petit-lebrun-fils-blanc-de-blancs-grand-cru,2020-08-28 00:00:00,2020-08-28 00:00:00,"https://www.bottle-neck.fr/?post_type=product&#038;p=531",product,,-0.3593293288355157,0
5465,1,54.8,12.0,instock,16034,3.0,taxable,2,2018-09-26 00:00:00,2018-09-26 00:00:00,Clos du Mont-Olivet Châteauneuf-du-Pape 2007,"Cette bouteille présente une puissance mesurée et mise sur la finesse. Au nez elle associe la mûre le cassis, la réglisse et les épices. Une délicatesse qui se retrouve dans une bouche ample et équilibrée…",publish,closed,closed,clos-du-mont-olivet-chateauneuf-du-pape-2007,2020-08-22 00:00:00,2020-08-22 00:00:00,"https://www.bottle-neck.fr/?post_type=product&#038;p=16034",product,,0.8021014636509849,0
4596,1,43.9,0.0,outofstock,15476,23.0,taxable,2,2018-04-14 00:00:00,2018-04-13 00:00:00,Marc Colin Et Fils Chassagne-Montrachet Blanc Margot 2017,"Un Chassagne-Montrachet riche, élégant et puissant mais avec la finesse que lui confère sa proximité avec Puligny-Montrachet.",publish,closed,closed,marc-colin-et-fils-chassagne-montrachet-blanc-margot-2017,2020-08-26 00:00:00,2020-08-26 00:00:00,"https://www.bottle-neck.fr/?post_type=product&#038;p=15476",product,,0.4101635181988841,0
4306,1,10.7,41.0,instock,15949,1.0,taxable,2,2018-03-01 00:00:00,2018-03-01 00:00:00,Domaine de l'Idylle Roussette de Savoie Anne de Chypre 2018,"Grand vin racé, rond, belle robe jaune claire, légèrement dorée. Vin aromatique, agréable et ample. Un élevage sur lies lui donne sa noblesse et sa puissance. La princesse Anne de Chypre devint par son mariage Duchesse de Savoie. La légende raconte qu'elle amena de Chypre le cépage Altesse, à l'origine de ce vin.",publish,closed,closed,domaine-de-lidylle-savoie-roussette-2018,2020-06-03 00:00:00,2020-06-03 00:00:00,"https://www.bottle-neck.fr/?post_type=product&#038;p=15949",product,,-0.7836291229946708,0
4870,1,9.3,0.0,outofstock,16149,33.0,taxable,2,2018-05-04 00:00:00,2018-05-03 00:00:00,Triennes IGP Méditerranée Rosé 2019,"<div id=""wrapper"">
<div id=""container-wrapper"">
<div id=""content-wrapper"">
<div class=""contenu""><section id=""vue"">
<div class=""wysiwyg"">

D'une couleur très pâle, Triennes Rosé est un vin aromatique au nez de fruits rouges et de guimauve. La bouche est ronde, harmonieuse et bien équilibrée. Il est doté d'une belle fraîcheur, tout en élégance.

</div>
</section></div>
</div>
</div>
</div>
<footer>
<div id=""footer-wrapper"">
<div id=""footer-container""></div>
</div>
</footer>",publish,closed,closed,triennes-igp-mediterranee-rose-2019,2020-08-28 00:00:00,2020-08-28 00:00:00,"https://www.bottle-neck.fr/?post_type=product&#038;p=16149",product,,-0.8339697765389773,0
4087,1,14.4,45.0,instock,16180,18.0,taxable,2,2018-02-13 00:00:00,2018-02-13 00:00:00,Rimauresq Côtes de Provence Cru Classé Rosé 2019,"<div id=""wrapper"">
<div id=""container-wrapper"">
<div id=""content-wrapper"">
<div class=""contenu""><section id=""vue"">
<div class=""wysiwyg"">

Frais et d’une belle finesse, cet excellent rosé a une robe rosée aux chatoiements saumonés. Son nez est floral et délicat, en bouche, il montre une grande souplesse, beaucoup de fraîcheur, mais aussi une belle structure.

</div>
</section></div>
</div>
</div>
</div>
<footer>
<div id=""footer-wrapper"">
<div id=""footer-container""></div>
</div>
</footer>",publish,closed,closed,rimauresq-cotes-de-provence-cru-classe-rose-2019,2020-08-27 00:00:00,2020-08-27 00:00:00,"https://www.bottle-neck.fr/?post_type=product&#038;p=16180",product,,-0.6505859671990036,0
4146,1,29.5,33.0,instock,1360,0.0,taxable,2,2018-02-14 00:00:00,2018-02-14 00:00:00,Champagne Mailly Grand Cru Brut Réserve,"Un oeil jaune d’or iridescent, un nez épanoui et fruité, une bouche franche, un vrai sourire. Les bulles exaltent ce vin jeune et fougueux, toujours sensuel, par des notes fruitées, amples et profondes. Les parfums d’un pain légèrement toasté, agrémenté de beurre frais, animent les papilles et les conversations.",publish,closed,closed,champagne-mailly-gc-brut-reserve,2020-08-27 00:00:00,2020-08-27 00:00:00,"https://www.bottle-neck.fr/?post_type=product&#038;p=1360",product,,-0.10762606111398305,0
4733,1,16.8,13.0,instock,15576,0.0,taxable,2,2018-04-19 00:00:00,2018-04-19 00:00:00,Camin Larredya Jurançon Sec La Part Davant 2018,"Ce vin de gastronomie se caractérise par son volume et sa structure. Son caractère affirmé se prolonge par une finale vive mais enrobée dans un long fruité. La gamme aromatique exprime toujours du fruit frais (pêche blanche, agrumes) complétée par une touche de minéralité. Caractère truffant au vieillissement.",publish,closed,closed,camin-larredya-jurancon-sec-la-part-davant-2018,2020-07-16 00:00:00,2020-07-16 00:00:00,"https://www.bottle-neck.fr/?post_type=product&#038;p=15576",product,,-0.5642877039801923,0
4268,1,15.2,55.0,instock,16307,1.0,taxable,2,2018-02-27 00:00:00,2018-02-27 00:00:00,Domaine Bulliat Morgon Le Colombier 2019,"Un très joli nez éclatant de fruits rouges. La bouche est charnue et structurée autour de tanins ronds. Belle authenticité des Morgon de terroir.

&nbsp;",publish,closed,closed,domaine-bulliat-morgon-colombier-2019,2020-08-26 00:00:00,2020-08-26 00:00:00,"https://www.bottle-neck.fr/?post_type=product&#038;p=16307",product,,-0.6218198794593999,0
4908,1,53.2,5.0,instock,14395,4.0,taxable,2,2018-05-15 00:00:00,2018-05-15 00:00:00,Alphonse Mellot Sancerre Blanc Edmond 2016,"La cuvée Edmond est sans doute l'un des plus grands Sancerre : fuselé, ample et complexe, cette grande cuvée de garde est une réussite majeure.",publish,closed,closed,alphonse-mellot-sancerre-blanc-edmond-2016,2020-07-26 00:00:00,2020-07-26 00:00:00,"https://www.bottle-neck.fr/?post_type=product&#038;p=14395",product,,0.7445692881717777,0
4683,1,9.1,42.0,instock,16239,1.0,taxable,2,2018-04-18 00:00:00,2018-04-18 00:00:00,Château Plaisance Fronton Rosé 2019,"Un magnifique rosé à la couleur pale, délicieusement rosée. Le nez est très intense, subtil, floral. La bouche ample et finement équilibrée propose un rosé de table, très facile à boire",publish,closed,closed,chateau-plaisance-fronton-rose-2019,2020-08-28 00:00:00,2020-08-28 00:00:00,"https://www.bottle-neck.fr/?post_type=product&#038;p=16239",product,,-0.8411612984738782,0
5483,1,17.9,22.0,instock,15753,0.0,taxable,2,2018-10-10 00:00:00,2018-10-10 00:00:00,David-Beaupère Juliénas La Bottière Vieilles Vignes 2018,"Belle robe framboise brillante assez soutenue. Nez très expressif sur des fruits mûrs, la cerise et la delicatesse florale de la violette. La bouche est gourmande et juteuse avec une belle matière. C'est très élégant et généreux.",publish,closed,closed,david-beaupere-julienas-bottiere-2018,2020-07-22 00:00:00,2020-07-22 00:00:00,"https://www.bottle-neck.fr/?post_type=product&#038;p=15753",product,,-0.5247343333382373,0
4918,1,37.2,0.0,outofstock,15533,24.0,taxable,2,2018-05-17 00:00:00,2018-05-17 00:00:00,Alain Graillot Crozes-Hermitage Rouge La Guiraude 2016,"3 bouteilles maximum par client

Une belle palette aromatique avec un fruit bien mûr, juste souligné par les notes de poivre et d'olive noire. La définition est jeune, le boisé subtil et l'ensemble se montre cohérent. La bouche, dense, charnue préserve pour autant cette belle fraîcheur fruitée. Fraîcheur apportée par la vendange entière, qui recentre ici les débats.",publish,closed,closed,alain-graillot-crozes-hermitage-rouge-la-guiraude-2016,2020-04-10 00:00:00,2020-04-10 00:00:00,"https://www.bottle-neck.fr/?post_type=product&#038;p=15533",product,,0.169247533379703,0
4150,1,59.0,17.0,instock,1366,1.0,taxable,2,2018-02-14 00:00:00,2018-02-14 00:00:00,Champagne Mailly Grand Cru Intemporelle 2010,"A l’œil, la robe brillante séduit par sa belle couleur jaune dorée agrémentée d’une effervescence fine et régulière. Au nez, s’associent avec élégance des notes fruitées, florales et minérales. Les arômes d’agrumes, pêches, poire, blé mûr et fleurs blanches se développent sur un fond de notes minérales, crayeuses et légèrement briochées. En bouche, l’attaque onctueuse et déliée s’illustre avec une fraicheur tempérée par une vinosité équilibrée. Elle laisse place avec délicatesse à une saveur de fruit mûr et gourmand. Les arômes de mirabelle et d’agrumes se fondent alors dans une parfaite harmonie offrant au vin saveur et persistance.",publish,closed,closed,champagne-mailly-grand-cru-intemporelle-2010,2020-08-27 00:00:00,2020-08-27 00:00:00,"https://www.bottle-neck.fr/?post_type=product&#038;p=1366",product,,0.9531234242839046,0
5771,1,38.4,3.0,instock,15184,0.0,taxable,2,2019-03-14 00:00:00,2019-03-14 00:00:00,Camille Giroud Santenay Rouge 1er Cru Clos Rousseau 2016,"<div>Ce vin provient de vignes âgées de 70 ans, situées à Santenay dans le climat Clos Rousseau. Exposées à l’est et au sud-est, à une altitude de 270 à 320 mètres, elles reposent sur un sol rouge argilo-limoneux issu de l’altération des calcaires du Jurassique moyen.</div>
&nbsp;",publish,closed,closed,camille-giroud-santenay-rge-1er-cru-clos-rousseau-2016,2020-05-17 00:00:00,2020-05-17 00:00:00,"https://www.bottle-neck.fr/?post_type=product&#038;p=15184",product,,0.21239666498910842,0
4045,1,42.6,66.0,instock,16041,14.0,taxable,2,2018-02-12 00:00:00,2018-02-12 00:00:00,Pierre Gaillard Côte Rôtie 2018,Ce vin exprime la diversité et l'équilibre entre puissance et élégance des différentes parcelles de Côte Rôtie. Fruité fin et charnu.,publish,closed,closed,pierre-gaillard-cote-rotie-2018,2020-08-03 00:00:00,2020-08-03 00:00:00,"https://www.bottle-neck.fr/?post_type=product&#038;p=16041",product,,0.36341862562202815,0
4890,1,17.0,29.0,instock,16038,6.0,taxable,2,2018-05-12 00:00:00,2018-05-12 00:00:00,Saumaize-Michelin Saint-Véran 2018,"<div id=""wrapper"">
<div id=""container-wrapper"">
<div id=""content-wrapper"">
<div class=""contenu""><section id=""vue"">
<div class=""wysiwyg"">

Assemblage de deux parcelles : la première sur la marne sur la commune de Davayé et la seconde sur le calcaire dur dans le revers de la Roche de Vergisson. Le vin, issu de vignes de 15 ans d’âge moyen, est vinifié pour moitié en cuve et pour moitié en fût. Il offre une expression florale des Saint-Véran de ce secteur..

</div>
</section></div>
</div>
</div>
</div>
<footer>
<div id=""footer-wrapper"">
<div id=""footer-container""></div>
</div>
</footer>",publish,closed,closed,saumaize-michelin-saint-veran-2018,2020-08-27 00:00:00,2020-08-27 00:00:00,"https://www.bottle-neck.fr/?post_type=product&#038;p=16038",product,,-0.5570961820452914,0
6038,1,48.5,11.0,instock,15318,0.0,taxable,2,2019-04-25 00:00:00,2019-04-25 00:00:00,I Fabbri Chianti Classico Gran Selezione 2015,"Le Gran Selezione est le résultat des meilleurs raisins de Sangiovese sur les plus beaux millésimes. Il a été élevé 18 mois en barriques françaises puis 6 mois en bouteille. C'est un vin d'une très grande structure et d'un très bel équilibre. Il évolue sur notes florales et de silex. En bouche, la fraîcheur est intense et les tanins sont très agréables.",publish,closed,closed,i-fabbri-chianti-classico-gran-selezione-2015,2020-08-25 00:00:00,2020-08-25 00:00:00,"https://www.bottle-neck.fr/?post_type=product&#038;p=15318",product,,0.5755685227016056,0
7247,1,54.8,23.0,instock,13127-1,0.0,taxable,2,2020-06-10 00:00:00,2020-06-10 00:00:00,Clos du Mont-Olivet Châteauneuf-du-Pape 2007,"Nez gracieux, très élégant avec une touche florale et un parfum de vendange entière. Il évolue sur une note d'agrume. Bouche avec du relief et une belle énergie. Il y a du muscle mais accompagné par une sensation de fruit plein et dense.",publish,closed,closed,clos-du-mont-olivet-chateauneuf-du-pape-2007-2,2020-07-21 00:00:00,2020-07-21 00:00:00,"https://www.bottle-neck.fr/?post_type=product&#038;p=13127-1",product,,0.8021014636509849,0
4399,1,59.0,6.0,instock,12640,1.0,taxable,2,2018-03-22 00:00:00,2018-03-22 00:00:00,Wemyss Malts Blended Malt Scotch Whisky Spice King Batch Strength,"Ce Blended Malts en Batch Strength est très légèrement réduit par un faible apport ,d’eau pour ajuster de façon idéale le degré d’alcool au profil aromatique. Au nez, des épices très aromatiques sont encore amplifiées par une puissance indomptée qui met en avant la cannelle, la noix de muscade, l’anis étoilé avec une touche d’ozone côtière. Des notes plus lourdes de bois de santal et de tabac à pipe s’entrelacent avec de la sauce au caramel. En bouche, du sucre roux saupoudré sur du gâteau aux carottes se mélange à des écorces d’orange et à de mystérieuses notes iodées qui amènent une saveur de caramel au beurre salé. Des épices douces titillent le palais pour évoluer intensément vers le poivre rose. Une finale persistante qui zigzague entre sauce au caramel, fumée de bois et poivre noir.",publish,closed,closed,whisky-wemyss-spice-king-batch-strength,2020-06-16 00:00:00,2020-06-16 00:00:00,"https://www.bottle-neck.fr/?post_type=product&#038;p=12640",product,,0.9531234242839046,0
4160,1,9.3,0.0,outofstock,15373,7.0,taxable,2,2018-02-14 00:00:00,2018-02-14 00:00:00,Planeta Sicilia La Segreta Rosso 2017,"Au nez des arômes de cassis et de mûre avec une légère pointe épicée et mentholée. En bouche, le vin montre sa belle personnalité avec des arômes de fruits mûrs avec une saveur pleine et herbacé très agréable. Les tanins sont dociles et bien polis donnant à ce rouge un caractère très polyvalent.",publish,closed,closed,planeta-sicilia-la-segreta-rosso-2017,2020-08-02 00:00:00,2020-08-02 00:00:00,"https://www.bottle-neck.fr/?post_type=product&#038;p=15373",product,,-0.8339697765389773,0
4072,1,32.0,28.0,instock,12045,1.0,taxable,2,2018-02-13 00:00:00,2018-02-13 00:00:00,Château de Vaudieu Châteauneuf-du-Pape Blanc 2015,"Plein et enrobé sur la jeunesse, il atteint sa plénitude après 5 ans, et peut, du fait de son acidité remarquable, vieillir plus de 10 ans.",publish,closed,closed,chateau-de-vaudieu-chateauneuf-du-pape-blanc-2015,2020-08-26 00:00:00,2020-08-26 00:00:00,"https://www.bottle-neck.fr/?post_type=product&#038;p=12045",product,,-0.01773203692772139,0
4068,1,16.6,157.0,instock,16416,62.0,taxable,2,2018-02-13 00:00:00,2018-02-13 00:00:00,Gilles Robin Crozes-Hermitage Rouge Papillon 2019,"Avec ses arômes de cassis, de myrtille, de cerise noire, de prune, puis de poivre et de violette, ce Crozes-Hermitage nous séduit agréablement.  La bouche est dans la continuité avec une belle finesse de tannins, de la rondeur et un fruité charmeur. Souple, rond et délicatement épicée, cette cuvée Papillon sera idéale avec un plateau de charcuterie ou sur une volaille fermière.",publish,closed,closed,gilles-robin-crozes-hermitage-papillon-2019,2020-08-28 00:00:00,2020-08-28 00:00:00,"https://www.bottle-neck.fr/?post_type=product&#038;p=16416",product,,-0.5714792259150933,0
5396,1,17.1,34.0,instock,14626,0.0,taxable,2,2018-09-06 00:00:00,2018-09-06 00:00:00,Chili De Martino Gallardia Cinsault 2017,"Le vignoble du Sud du Chili bénéficie de chaudes journées et de nuits fraîches. La cuvée pur cinsault de la bodega De Martino, en biodynamie, offre un rouge de caractère qui allie puissance, fruit croquant (airelle, groseille) et épices.",publish,closed,closed,chili-de-martino-gallardia-cinsault-2017,2020-08-26 00:00:00,2020-08-26 00:00:00,"https://www.bottle-neck.fr/?post_type=product&#038;p=14626",product,,-0.5535004210778409,0
4716,1,18.6,7.0,instock,15657,0.0,taxable,2,2018-04-18 00:00:00,2018-04-18 00:00:00,Domaine Schoenheitz Pinot Gris Herrenreben 2017,"Robe jaune paille brillante aux reflets dorés.  Un nez très délicat et fin qui s'ouvre progressivement, évoquant les fleurs blanches (acacia) puis les fruits sur-mûris(pêches blanches, poires, coings). L'attaque est soyeuse et se poursuit sur une bouche structurée, opulente et harmonieuse grâce à un parfait équilibre entre la sucrosité, la puissance et la fraîcheur finale qui prolonge agréablement la persistance de ce grand vin de plaisir .",publish,closed,closed,domaine-schoenheitz-pinot-gris-herrenreben-2017,2020-08-22 00:00:00,2020-08-22 00:00:00,"https://www.bottle-neck.fr/?post_type=product&#038;p=15657",product,,-0.4995640065660839,0
5394,1,10.7,4.0,instock,15462,0.0,taxable,2,2018-09-06 00:00:00,2018-09-06 00:00:00,Chili Valdivieso Merlot 2017,"Une robe d'un joli rouge sombre, un nez très fruité et légèrement chocolaté. En bouche, le vin est voluptueux et sensuel, ce qui le rend immédiatement attrayant.",publish,closed,closed,chili-valdivieso-merlot-2017,2020-06-02 00:00:00,2020-06-02 00:00:00,"https://www.bottle-neck.fr/?post_type=product&#038;p=15462",product,,-0.7836291229946708,0
5617,1,27.8,12.0,instock,14844,3.0,taxable,2,2019-01-16 00:00:00,2019-01-16 00:00:00,Albert Boxler Pinot Gris Réserve 2016,"Ce Pinot Gris Réserve provient d’un savant assemblage de vieilles vignes plantées sur le terroir granitique, très pierreux, du grand cru Brand (et, en petite proportion de Sommerberg) et d’autres issues des terroirs de Heimbourg, à dominante calcaire et plus riches en argiles. D’un côté une matière dense, généreuse, de l’autre de la finesse et de la vivacité, qui conviennent particulièrement bien à ce millésime solaire. La diversité des expositions, plutôt au Sud pour les vignes issues du Brand, plutôt à l’Ouest pour les autres, contribue également à donner au vin son juste équilibre.",publish,closed,closed,albert-boxler-pinot-gris-reserve-2016,2020-06-14 00:00:00,2020-06-14 00:00:00,"https://www.bottle-neck.fr/?post_type=product&#038;p=14844",product,,-0.16875399756064097,0
5803,1,17.1,36.0,instock,13572,3.0,taxable,2,2019-03-19 00:00:00,2019-03-19 00:00:00,Château Tour Haut-Caussan Médoc 2015,"Vous trouverez dans cette cuvée du Château Tour Haut-Caussan Cru Bourgeois du Médoc, un bel équilibre entre le velouté, la souplesse et la rondeur du merlot et la puissance, le fruité et la structure du cabernet-sauvignon. C'est un vin taillé pour de longues gardes.",publish,closed,closed,tour-haut-caussan-medoc-2015,2020-08-27 00:00:00,2020-08-27 00:00:00,"https://www.bottle-neck.fr/?post_type=product&#038;p=13572",product,,-0.5535004210778409,0
4725,1,23.4,1.0,instock,16010,0.0,taxable,2,2018-04-18 00:00:00,2018-04-18 00:00:00,François Baur Riesling Grand Cru Brand Clos De La Treille 2017,"Un grand Rieling, élevé 10 mois en foudre centenaire. D'une grande profondeur et relevé par une belle acidité, il nous dévoile sa puissance et sa minéralité ainsi que sa trame fine et racée.",publish,closed,closed,francois-baur-riesling-grand-cru-brand-clos-de-la-treille-2017,2020-08-23 00:00:00,2020-08-23 00:00:00,"https://www.bottle-neck.fr/?post_type=product&#038;p=16010",product,,-0.32696748012846155,0
4920,1,24.4,1.0,instock,15530,10.0,taxable,2,2018-05-17 00:00:00,2018-05-17 00:00:00,Alain Graillot Crozes-Hermitage Blanc 2018,"Issu de faible rendements comme pour l’ensemble de la production du domaine, ce Crozes-Hermitage s’ouvre à l’oeil dans une robe jaune pâle, et au nez dans un savoureux registre citronné, sur de belles saveurs d'agrumes. Frais et tendu à souhait, il fait preuve de beaucoup d'élégance…",publish,closed,closed,alain-graillot-crozes-hermitage-blanc-2018,2020-07-28 00:00:00,2020-07-28 00:00:00,"https://www.bottle-neck.fr/?post_type=product&#038;p=15530",product,,-0.29100987045395693,0
4193,1,13.5,55.0,instock,16529,8.0,taxable,2,2018-02-15 00:00:00,2018-02-15 00:00:00,Château de La Liquière Faugères Cistus Blanc 2019,"Un nez de fruits blancs mûrs mêlés de vanille et de fleurs blanches. La bouche est soyeuse, élégante, sur un fond de poire et d'ananas.",publish,closed,closed,chateau-de-la-liquiere-faugeres-cistus-blanc-2019,2020-08-22 00:00:00,2020-08-22 00:00:00,"https://www.bottle-neck.fr/?post_type=product&#038;p=16529",product,,-0.6829478159060577,0
5444,1,15.5,37.0,instock,15155,1.0,taxable,2,2018-09-14 00:00:00,2018-09-14 00:00:00,La Préceptorie Maury Rouge Cuvée Aurélie 2017,"<div class=""pw-hidden-cp"">La bouche est intense et tonique. Il est long et harmonieux sur des pointes de pruneau, de coing et de cacao.</div>
&nbsp;",publish,closed,closed,la-preceptorie-maury-aurelie-2017,2020-08-21 00:00:00,2020-08-20 00:00:00,"https://www.bottle-neck.fr/?post_type=product&#038;p=15155",product,,-0.6110325965570484,0
5904,1,18.8,25.0,instock,15856,0.0,taxable,2,2019-03-29 00:00:00,2019-03-29 00:00:00,Domaine de Montbourgeau Côtes du Jura Poulsard 2018,"Ce vin présente une jolie robe rubis, limpide avec des arômes de cerise et de cassis. Il a une bonne persistance en bouche et beaucoup d'élégance.",publish,closed,closed,montbourgeau-cotes-du-jura-poulsard-2018,2020-08-27 00:00:00,2020-08-27 00:00:00,"https://www.bottle-neck.fr/?post_type=product&#038;p=15856",product,,-0.492372484631183,0
5548,1,48.8,6.0,instock,13965,0.0,taxable,2,2018-11-26 00:00:00,2018-11-26 00:00:00,Thierry Germain Saumur-Champigny Outre Terre 2017,"La robe est rouge vif. Le nez est très floral, sur la pivoine. En bouche, l’attaque est ample et dense avec une belle sucrosité et la jolie amertume en fin de bouche ramène une belle fraîcheur. Macération de 8 mois sur peau en Amphore Géorgienne.",publish,closed,closed,thierry-germain-saumur-champigny-outre-terre-2017,2019-04-25 00:00:00,2019-04-25 00:00:00,"https://www.bottle-neck.fr/?post_type=product&#038;p=13965",product,,0.586355805603957,0
4860,1,8.7,85.0,instock,16292,11.0,taxable,2,2018-05-04 00:00:00,2018-05-03 00:00:00,Philippe Nusswitz Duché d'Uzès Orénia Rosé 2019,"<div id=""wrapper"">
<div id=""container-wrapper"">
<div id=""content-wrapper"">
<div class=""contenu""><section id=""vue"">
<div class=""wysiwyg"">

L'assemblage d'un peu plus de grenache à de la syrah donne à ce rosé gourmand des arômes frais de petits fruits rouges, d’amande et de pamplemousse rose et un bel équilibre de fraîcheur et de corps. Une robe pétale de rose clair, des notes fruitées et une bouche soyeuse fera de ce rosé un vin à boire dès ce printemps mais qui se dégustera toute l’année.

</div>
</section></div>
</div>
</div>
</div>
<footer>
<div id=""footer-wrapper"">
<div id=""footer-container""></div>
</div>
</footer>",publish,closed,closed,philippe-nusswitz-duche-uzes-orenia-rose-2019,2020-08-26 00:00:00,2020-08-26 00:00:00,"https://www.bottle-neck.fr/?post_type=product&#038;p=16292",product,,-0.8555443423436802,0
6222,1,26.4,10.0,instock,7032,0.0,taxable,2,2019-07-26 00:00:00,2019-07-26 00:00:00,Planeta Sicilia Passito di Noto 2016,"Obtenu à partir de Moscato Sicilien, la vendange à maturité avancée passe ensuite une quarantaine de jours en petites caisses dans une cave ventilée, pendant lesquels le raisin va perdre l'essentiel de son eau, environ 40% de sa masse totale. C'est ainsi que la vinification se fera sur une base très concentrée en fruit et en sucre. Ce vin de dessert développe des arômes explosifs de fruits exotiques, de jasmin et d'agrumes confits.",publish,closed,closed,planeta-sicilia-passito-di-noto-2016,2020-06-28 00:00:00,2020-06-28 00:00:00,"https://www.bottle-neck.fr/?post_type=product&#038;p=7032",product,,-0.21909465110494758,0
4907,1,22.9,6.0,instock,14374,0.0,taxable,2,2018-05-15 00:00:00,2018-05-15 00:00:00,Alphonse Mellot Coteaux Charitois Rouge Les Pénitents 2015,"A l'oeil, la robe est limpide, rouge rubis. Son nez développe un bouquet de fruits rouges, de mûre et de cassis. La bouche est ample, fraîche avec des tanins fins et les mêmes saveurs de fruits rouges qu’au nez.",publish,closed,closed,alphonse-mellot-coteaux-charitois-rouge-les-penitents-2015,2020-08-28 00:00:00,2020-08-28 00:00:00,"https://www.bottle-neck.fr/?post_type=product&#038;p=14374",product,,-0.3449462849657139,0
7023,1,27.5,15.0,instock,15891,0.0,taxable,2,2020-05-03 00:00:00,2020-05-03 00:00:00,Camin Larredya Jurançon Sec La Virada 2018,"L'exotisme du nez est complété par d'élégantes et complexes notes de pistache et d'amande amère. La fraîcheur apparaît tendue, millimétrée, et empreinte de pureté. La mandarine, l'orange, les fruits exotiques apportent des arômes gourmands. L'allonge s'étire sans perdre d'éclat. Un modèle de précision.",publish,closed,closed,camin-larredya-jurancon-sec-la-virada-2018,2020-08-27 00:00:00,2020-08-27 00:00:00,"https://www.bottle-neck.fr/?post_type=product&#038;p=15891",product,,-0.1795412804629924,0
4172,1,5.7,167.0,instock,16210,43.0,taxable,2,2018-02-15 00:00:00,2018-02-15 00:00:00,Maurel Pays d'Oc Chardonnay 2019,"Un très joli petit chardonnay qui nous révèle des saveurs de fruits exotiques, de miel, avec une légère note grillée.",publish,closed,closed,maurel-pays-oc-chardonnay-2019,2020-08-28 00:00:00,2020-08-28 00:00:00,"https://www.bottle-neck.fr/?post_type=product&#038;p=16210",product,,-0.9634171713671942,0
4858,1,6.5,257.0,instock,16342,1.0,taxable,2,2018-05-03 00:00:00,2018-05-03 00:00:00,Château Turcaud Bordeaux Rosé 2019,"<div id=""wrapper"">
<div id=""container-wrapper"">
<div id=""content-wrapper"">
<div class=""contenu""><section id=""vue"">
<div class=""wysiwyg"">

Robe d’un joli rose melon très pâle et brillant. Belle fraîcheur aromatique, avec des notes acidulées, sur le bonbon anglais et d'agrumes. La forte majorité des cépages cabernets apporte beaucoup de fraîcheur et de vivacité en bouche.

</div>
</section></div>
</div>
</div>
</div>
<footer>
<div id=""footer-wrapper"">
<div id=""footer-container""></div>
</div>
</footer>",publish,closed,closed,chateau-turcaud-rose-2019,2020-08-27 00:00:00,2020-08-27 00:00:00,"https://www.bottle-neck.fr/?post_type=product&#038;p=16342",product,,-0.9346510836275904,0
4070,1,23.4,98.0,instock,15444,7.0,taxable,2,2018-02-13 00:00:00,2018-02-13 00:00:00,Gilles Robin Crozes-Hermitage Blanc Les Marelles 2018,"""Les Marelles"" offre des notes de fruits blancs mûrs, de cannelle et de fleurs blanches assorties de touches épicées. Une complexité que l’on retrouve dans une bouche ample et opulente, rehaussée par une belle vivacité. L’équilibre est là, juste et précis.",publish,closed,closed,gilles-robin-crozes-hermitage-marelles-2018,2020-08-27 00:00:00,2020-08-27 00:00:00,"https://www.bottle-neck.fr/?post_type=product&#038;p=15444",product,,-0.32696748012846155,0
4200,1,5.8,190.0,instock,16295,46.0,taxable,2,2018-02-16 00:00:00,2018-02-16 00:00:00,Moulin de Gassac IGP Pays d'Hérault Guilhem Rosé 2019,"Rosé très agréable, intense, floral et minéral. Bel équilibre sur la fraîcheur avec des arômes de petits fruits rouges. Superbe gourmandise grâce à une belle longueur.",publish,closed,closed,moulin-de-gassac-igp-pays-dherault-guilhem-rose-2019,2020-08-28 00:00:00,2020-08-28 00:00:00,"https://www.bottle-neck.fr/?post_type=product&#038;p=16295",product,,-0.9598214103997437,0
4307,1,10.9,0.0,outofstock,15946,0.0,taxable,2,2018-03-01 00:00:00,2018-03-01 00:00:00,Domaine de l'Idylle Savoie Mondeuse Le Tithonien 2018,"Belle robe rouge pourpre aux reflets violets. Bouquet de petits fruits rouges et de fleurs de printemps (violette), notes poivrées bien présentes. Le vin est souple en bouche et d’une belle fraîcheur, le final est relevé par les tanins qui donnent à ce vin une belle longueur en bouche.",publish,closed,closed,domaine-de-lidylle-savoie-mondeuse-2018,2020-07-01 00:00:00,2020-07-01 00:00:00,"https://www.bottle-neck.fr/?post_type=product&#038;p=15946",product,,-0.7764376010597699,0
5827,1,55.0,11.0,instock,15328,3.0,taxable,2,2019-03-28 00:00:00,2019-03-28 00:00:00,Agnès Levet Côte Rôtie Maestria 2017,"<span style=""float: none; background-color: transparent; color: #000000; font-family: 'Open Sans',Arial,Verdana,sans-serif; font-size: 15px; font-style: normal; font-variant: normal; font-weight: 400; letter-spacing: normal; list-style-type: none; text-align: center; text-decoration: none; text-indent: 0px;"">C’est un vin élégant et délicat caractéristique du lieu-dit La Landonne, aux arômes fruités complété par des notes florales de violette et soutenu par le velours des tanins très fins et fermes.</span>

&nbsp;",publish,closed,closed,agnes-levet-cote-rotie-maestria-2017,2020-07-26 00:00:00,2020-07-26 00:00:00,"https://www.bottle-neck.fr/?post_type=product&#038;p=15328",product,,0.8092929855858859,0
6137,1,46.0,0.0,outofstock,15834,2.0,taxable,2,2019-07-16 00:00:00,2019-07-16 00:00:00,Domaine de Vaccelli Ajaccio Blanc Sirocco 2017,"Belle robe cristalline, or pâle aux reflets verts. Le nez est sur les agrumes avec des notes florales. En bouche, on est surpris par la vivacité, la fraicheur et le volume. Sa finale reste sur une minéralité saline remarquable.",publish,closed,closed,domaine-de-vaccelli-ajaccio-blanc-sirocco-2017,2020-05-16 00:00:00,2020-05-16 00:00:00,"https://www.bottle-neck.fr/?post_type=product&#038;p=15834",product,,0.48567449851534394,0
6227,1,40.2,15.0,instock,15163,1.0,taxable,2,2019-07-31 00:00:00,2019-07-31 00:00:00,Le Pas de l'Escalette Terrasses du Larzac Les Frieys 2017,"les Frieys est un seul et même individu, les raisins étant vendangés et co-fermentés tous ensemble. Son caractère unique et son terroir exceptionnels font de lui sans doute la plus belle cuvée du domaine. Un vin superbe qui n'a pas fini de livrer tout son potentiel !",publish,closed,closed,le-pas-de-lescalette-terrasses-du-larzac-les-frieys-2017,2020-08-01 00:00:00,2020-08-01 00:00:00,"https://www.bottle-neck.fr/?post_type=product&#038;p=15163",product,,0.27712036240321697,0
4658,1,48.8,12.0,instock,13517,0.0,taxable,2,2018-04-17 00:00:00,2018-04-17 00:00:00,Thierry Germain Saumur-Champigny Outre Terre 2016,"La robe est rouge vif. Le nez est très floral, sur la pivoine. En bouche, l’attaque est ample et dense avec une belle sucrosité et la jolie amertume en fin de bouche ramène une belle fraîcheur.",publish,closed,closed,thierry-germain-saumur-champigny-outre-terre-2016,2019-04-25 00:00:00,2019-04-25 00:00:00,"https://www.bottle-neck.fr/?post_type=product&#038;p=13517",product,,0.586355805603957,0
4163,1,10.8,18.0,instock,15482,3.0,taxable,2,2018-02-15 00:00:00,2018-02-15 00:00:00,Parés Baltà Penedès Calcari 2018,"Arômes de fruits frais, poire et banane. En bouche il est élégant, avec une très bonne acidité et bon équilibre. Beaucoup de fraîcheur et de gourmandise",publish,closed,closed,pares-balta-penedes-calcari-2018,2020-08-24 00:00:00,2020-08-24 00:00:00,"https://www.bottle-neck.fr/?post_type=product&#038;p=15482",product,,-0.7800333620272203,0
4040,1,34.3,0.0,outofstock,15303,0.0,taxable,2,2018-02-12 00:00:00,2018-02-12 00:00:00,Pierre Jean Villa Saint-Joseph Saut De l'Ange 2018,"Roussanne finement exotique, atypique par sa vivacité, d'un grain frais et plein de croquant.",publish,closed,closed,pierre-jean-villa-saint-joseph-saut-ange-2018,2019-11-03 00:00:00,2019-11-03 00:00:00,"https://www.bottle-neck.fr/?post_type=product&#038;p=15303",product,,0.06497046532363925,0
5395,1,12.7,6.0,instock,15095,0.0,taxable,2,2018-09-06 00:00:00,2018-09-06 00:00:00,Chili Errazuriz Cabernet Sauvignon 2016,"Expression noble de cabernet sauvignon vinifié avec maitrise et savoir faire. Ce vin associe avec merveille des notes de cerise, de havane et de bois noble.",publish,closed,closed,chili-errazuriz-cabernet-sauvignon-2015,2020-05-30 00:00:00,2020-05-30 00:00:00,"https://www.bottle-neck.fr/?post_type=product&#038;p=15095",product,,-0.7117139036456614,0
4876,1,22.8,4.0,instock,16289,22.0,taxable,2,2018-05-05 00:00:00,2018-05-04 00:00:00,Tempier Bandol Rosé 2019,"<div id=""wrapper"">
<div id=""container-wrapper"">
<div id=""content-wrapper"">
<div class=""contenu""><section id=""vue"">
<div class=""wysiwyg"">

Le rosé est issu d’une sélection de parcelles de vignes à moyenne d’âge de 20 ans offrant de petits rendements d’où une concentration et l’expression de chaque cépage qui se révèlent dans ce vin avec beaucoup d’intensité.
La présence de mourvèdre lui donne beaucoup de caractère, d’équilibre et de complexité sur la garde. Ce rosé attire par sa puissance au nez en parfum d e fruits et de fleurs.Sa bouche ample, ronde aux arômes de fruits (pêche, grenade, etc.) avec une légère teinte d’épices dévoile une belle fraîcheur par son équilibre acide.

</div>
</section></div>
</div>
</div>
</div>
<footer>
<div id=""footer-wrapper"">
<div id=""footer-container""></div>
</div>
</footer>",publish,closed,closed,tempier-bandol-rose-2019,2020-08-26 00:00:00,2020-08-26 00:00:00,"https://www.bottle-neck.fr/?post_type=product&#038;p=16289",product,,-0.3485420459331643,0
4607,1,13.4,0.0,outofstock,15146,0.0,taxable,2,2018-04-14 00:00:00,2018-04-14 00:00:00,François Bergeret Hautes Côtes de Beaune Vieilles Vignes Rondo 2017,La robe est brillante et profonde. Le nez est frais sur les petits fruits rouges tels que le cassis et la mure. La bouche est dense et les tanins soyeux en finale.,publish,closed,closed,francois-bergeret-hautes-cotes-de-beaune-rondo-2017,2019-02-20 00:00:00,2019-02-20 00:00:00,"https://www.bottle-neck.fr/?post_type=product&#038;p=15146",product,,-0.6865435768735082,0
4681,1,7.1,178.0,instock,15933,12.0,taxable,2,2018-04-18 00:00:00,2018-04-18 00:00:00,Domaine de Joy Côtes de Gascogne Blanc Moelleux Saint-André 2018,"Ce vin possède une belle robe jaune aux reflets dorés. Le nez est explosif sur les fruits exotiques. En bouche, l'équilibre sucre/acidité est parfait, rendant ce vin frais, aérien et gourmand.",publish,closed,closed,domaine-de-joy-cotes-de-gascogne-blanc-moelleux-saint-andre-2018,2020-08-26 00:00:00,2020-08-26 00:00:00,"https://www.bottle-neck.fr/?post_type=product&#038;p=15933",product,,-0.9130765178228876,0
5519,1,12.9,35.0,instock,15860,22.0,taxable,2,2018-11-01 00:00:00,2018-11-01 00:00:00,Domaine Chambeyron Côtes du Rhône 2017,"Vin pulpeux sur des notes de fruits noirs, de violette et d'épices. Le Côte du Rhône pourrait passer pour un cru.

&nbsp;",publish,closed,closed,chambeyron-cotes-du-rhone-2017,2020-08-25 00:00:00,2020-08-25 00:00:00,"https://www.bottle-neck.fr/?post_type=product&#038;p=15860",product,,-0.7045223817107605,0
6627,1,41.8,16.0,instock,15791,1.0,taxable,2,2020-01-23 00:00:00,2020-01-23 00:00:00,Weingut Besson-Strasser Zürich Fumé 2017,"Assemblage équilibré entre Chardonnay et Räuschling passés 12 mois en barrique de 228L, le ""Fumé"" <span title="""">est sobre et élégant au nez,  avec des notes de pomme et de noix.</span> <span title="""">En bouche,  le toucher est très doux, noble, élégant équilibré, et d'une grande longueur.</span>",publish,closed,closed,weingut-besson-strasser-zurich-fume-2017,2020-08-11 00:00:00,2020-08-11 00:00:00,"https://www.bottle-neck.fr/?post_type=product&#038;p=15791",product,,0.3346525378824243,0
4297,1,19.0,26.0,instock,16246,0.0,taxable,2,2018-03-01 00:00:00,2018-03-01 00:00:00,Domaine de La Tour Du Bon Bandol Blanc 2019,"D’une couleur brillante de reflets vert à paille, il possède un parfum montant d’agrumes et de fleurs blanches, de fruits exotiques dans sa jeunesse, de cire et de miel en vieillissant. Sa bouche est ample sans lourdeur. Malgré sa faible acidité, il possède une belle vivacité grâce à une finale minérale réglissée. D’un charme simple, ce vin se conçoit comme un parfum qui se boit laissant un sillage singulier dans l’esprit.",publish,closed,closed,la-tour-du-bon-bandol-blanc-2019,2020-08-27 00:00:00,2020-08-27 00:00:00,"https://www.bottle-neck.fr/?post_type=product&#038;p=16246",product,,-0.4851809626962821,0
4353,1,79.5,11.0,instock,12587,3.0,taxable,2,2018-03-02 00:00:00,2018-03-02 00:00:00,Champagne Egly-Ouriet Grand Cru Brut Rosé,"&nbsp;

Le Rosé Grand Cru de la maison Egly-Ouriet est un champagne qui marie délicatesse et intensité. Il possède une robe rose saumon, et des bulles très fines. Au nez c’est un champagne élégant, sur des notes florales qui évoque la rose. Au second nez, on découvre des arômes de fruits rouges. Sur le palais, c’est une cuvée ample, d’une jolie rondeur, qui offre des notes de fruits des bois, de fruits rouges. C’est une bouche très précise, très pure qui gagne en longueur et en puissance en se réchauffant de quelques degrés.",publish,closed,closed,champagne-egly-ouriet-grand-cru-brut-rose,2020-08-22 00:00:00,2020-08-22 00:00:00,"https://www.bottle-neck.fr/?post_type=product&#038;p=12587",product,,1.6902544226112504,0
6205,1,20.2,109.0,instock,16565,0.0,taxable,2,2019-07-24 00:00:00,2019-07-24 00:00:00,Domaine Giudicelli Vin de France Corail Rouge 2019,"Infusion de vieux Grenache et de Sciacarello très peu extraits. Le nez est intense sur la confiture de fraise, le coulis de framboise, des notes de pivoine et une épice subtile. En bouche, vous retrouverez un jus souple et sapide qui s'exprime tout en délicatesse. C'est un vin extrêmement gourmand et digeste.",publish,closed,closed,domaine-giudicelli-vin-de-france-corail-rouge-2019,2020-08-27 00:00:00,2020-08-27 00:00:00,"https://www.bottle-neck.fr/?post_type=product&#038;p=16565",product,,-0.4420318310868765,0
6570,1,29.2,0.0,outofstock,15706,0.0,taxable,2,2020-01-04 00:00:00,2020-01-04 00:00:00,Decelle-Villa Marsannay Les Longeroies 2015,"C’est le village le plus au nord de la Côte de Nuits ! Les Longeroies est aussi le climat le plus qualitatif de Marsannay, pressenti pour un futur passage en Premier Cru… Cette bande de terroirs en légère pente, très bien exposée, forge des vins uniques, terriens, 100% bourguignons. Il en est l’incarnation parfaite, entier et affirmé, avec des notes de prunes, de mûres et de fruits secs.",publish,closed,closed,decelle-villa-marsannay-longeroies-2015,2020-03-05 00:00:00,2020-03-05 00:00:00,"https://www.bottle-neck.fr/?post_type=product&#038;p=15706",product,,-0.11841334401633448,0
4303,1,30.0,0.0,outofstock,13172,0.0,taxable,2,2018-03-01 00:00:00,2018-03-01 00:00:00,Rimauresq Côtes de Provence Rouge Cru Classé Quintessence 2015,"De part son assemblage, Quintessence est tout en équilibre. A la fois, gourmand et structuré il est tout en originalité et en expression.",publish,closed,closed,rimauresq-cotes-provence-quintessence-2015,2019-12-23 00:00:00,2019-12-23 00:00:00,"https://www.bottle-neck.fr/?post_type=product&#038;p=13172",product,,-0.08964725627673072,0
6207,1,25.2,363.0,instock,16077,37.0,taxable,2,2019-07-24 00:00:00,2019-07-24 00:00:00,Domaine Giudicelli Patrimonio Rouge 2016,"100% Nielluccio ce Patrimonio présente un nez intense sur les fruits noirs, les épices et le chocolat. La bouche est charnue et dynamique, tout en gardant beaucoup de fruit. Un vin définitivement et divinement racé !",publish,closed,closed,domaine-giudicelli-patrimonio-rouge-2016,2020-08-25 00:00:00,2020-08-25 00:00:00,"https://www.bottle-neck.fr/?post_type=product&#038;p=16077",product,,-0.26224378271435317,0
6887,1,21.8,24.0,instock,15736,0.0,taxable,2,2020-04-25 00:00:00,2020-04-25 00:00:00,Gratavinum Priorat 2?r 2017,"Le nez est intense, avec des notes de confiture de fruits rouges, des notes minérales, et des notes d’herbes sauvages. Les tanins sont mûrs mais très équilibrés, combinés avec un bon volume et une bonne acidité en bouche. Les arômes fruités font ensuite place à une finition nettement minérale, avec une longue finale et une sensation de fraîcheur.",publish,closed,closed,gratavinum-priorat-2%cf%80r-2017,2020-06-24 00:00:00,2020-06-24 00:00:00,"https://www.bottle-neck.fr/?post_type=product&#038;p=15736",product,,-0.38449965560766897,0
4671,1,21.9,24.0,instock,15527,0.0,taxable,2,2018-04-18 00:00:00,2018-04-18 00:00:00,Domaine Pellé Menetou Salon Rouge Les Cris 2015,"La parcelle des Cris est un monopole du domaine, elle se situe au-dessus de la cave, elle est plantée uniquement de Pinot noir. Les premiers pieds ont été plantés par Henry Pellé en 1960. L’exposition y est d’est en ouest ce qui nous donne des différences de maturité entraînant des vendanges sur une semaine. Les Cris nous offre un Pinot noir d’une belle densité où la trame tannique et la minéralité crayeuse se lient à merveille au fruit.
Un vrai vin de repas.",publish,closed,closed,pelle-menetou-salon-rouge-les-cris-2015,2020-08-27 00:00:00,2020-08-27 00:00:00,"https://www.bottle-neck.fr/?post_type=product&#038;p=15527",product,,-0.38090389464021857,0
4058,1,8.7,267.0,instock,16318,11.0,taxable,2,2018-02-13 00:00:00,2018-02-12 00:00:00,Mourgues du Grès Costières de Nîmes Galets Rouges 2019,"Au nez se dévoilent des arômes élégants de fruits noirs et de menthol. En bouche, le vin se révèle ample, suave et soyeux, structuré en finesse par des tanins veloutés et stimulé par une pointe bien ajustée de vivacité.",publish,closed,closed,mourgues-du-gres-costieres-de-nimes-galets-rouges-2019,2020-08-26 00:00:00,2020-08-26 00:00:00,"https://www.bottle-neck.fr/?post_type=product&#038;p=16318",product,,-0.8555443423436802,0
4198,1,5.8,105.0,instock,16322,0.0,taxable,2,2018-02-16 00:00:00,2018-02-16 00:00:00,Moulin de Gassac IGP Pays d'Hérault Guilhem Rouge 2019,"Belle complexité aromatique alliant fruits rouges et épices. Attaque souple, et fruitée. De beaux tanins fondu. Un vin facile, tout en finesse.",publish,closed,closed,moulin-gassac-igp-pays-herault-guilhem-rouge-2019,2020-08-27 00:00:00,2020-08-27 00:00:00,"https://www.bottle-neck.fr/?post_type=product&#038;p=16322",product,,-0.9598214103997437,0
5778,1,5.8,36.0,instock,15561,24.0,taxable,2,2019-03-15 00:00:00,2019-03-15 00:00:00,Maurel Pays d'Oc Merlot 2018,"<div>Robe rouge rubis avec des reflets violines. Au nez, notes de cassis et griottes compotées sur un cacao croquant</div>
<div>Bouche ronde et fraîche.</div>",publish,closed,closed,maurel-pays-d-oc-merot-2018,2020-08-14 00:00:00,2020-08-14 00:00:00,"https://www.bottle-neck.fr/?post_type=product&#038;p=15561",product,,-0.9598214103997437,0
4207,1,6.7,195.0,instock,16023,5.0,taxable,2,2018-02-16 00:00:00,2018-02-16 00:00:00,Domaine Montrose Côtes de Thongue Rouge 2018,"Montrose rouge à une robe grenat aux reflets violacés. De jolies notes de cassis et de cacao. La bouche est ronde et croquante. C'est un vin gourmand, sur le fruit, à boire jeune",publish,closed,closed,montrose-cotes-de-thongue-2018,2020-08-26 00:00:00,2020-08-26 00:00:00,"https://www.bottle-neck.fr/?post_type=product&#038;p=16023",product,,-0.9274595616926895,0
4703,1,19.8,2.0,instock,15465,7.0,taxable,2,2018-04-18 00:00:00,2018-04-18 00:00:00,Albert Mann Crémant d'Alsace Extra Brut 2017,"Les bulles sont fines et délicates. Le nez légèrement brioché, est souligné par des arômes de fruits frais. L’attaque est élégante et pleine de saveur ; une expression de richesse s’y dégage. La finale est soulignée par une jolie salinité. C’est un Crémant ample et complexe en bouche, d’une belle persistance, qui est marqué par une touche d’agrumes.",publish,closed,closed,albert-mann-cremant-dalsace-extra-brut-2017,2020-08-20 00:00:00,2020-08-20 00:00:00,"https://www.bottle-neck.fr/?post_type=product&#038;p=15465",product,,-0.4564148749566783,0
4749,1,11.9,140.0,instock,15315,0.0,taxable,2,2018-04-19 00:00:00,2018-04-19 00:00:00,Domaine de Montgilet Anjou Blanc 2016,"Sec et gras, cet Anjou blanc s’illustre autant par sa fraîcheur que par une étonnante finesse aromatique. Celle-ci est dominée par des arômes de fruits blancs, la guimauve, la pâte de mirabelle, le bois s’impose ensuite en même temps que l’abricot confit. La bouche s’affirme d’emblée soyeuse, avec un équilibre alcool acidité très réussi.",publish,closed,closed,domaine-de-montgilet-anjou-blanc-2016,2020-05-27 00:00:00,2020-05-27 00:00:00,"https://www.bottle-neck.fr/?post_type=product&#038;p=15315",product,,-0.7404799913852652,0
4795,1,12.0,34.0,instock,3568,10.0,taxable,2,2018-04-20 00:00:00,2018-04-20 00:00:00,Emile Boeckel Crémant Brut Rosé,"Un crémant à base de pinot noir, vin pétillant vif et délicat. Bulles fines.",publish,closed,closed,emile-boeckel-cremant-brut-rose,2020-08-25 00:00:00,2020-08-25 00:00:00,"https://www.bottle-neck.fr/?post_type=product&#038;p=3568",product,,-0.7368842304178147,0
4180,1,24.0,47.0,instock,15783,0.0,taxable,2,2018-02-15 00:00:00,2018-02-15 00:00:00,Domaine de l'Hortus Val de Montferrand La Grande Cuvée Blanc 2018,"<div class=""row"">
<div class=""features-value col-xs-8 col-sm-8 col-md-9"">Puissant et complexe : des notes fruitées (abricot sec), des senteurs de fleurs blanches (acacia), des nuances vanillées et de fruits secs. Attaque pleine et ronde avec des notes fraîches, une finale longue et élégante de l'abricot, des fruits secs, des fleurs blanches et des notes vanillées.</div>
</div>",publish,closed,closed,hortus-la-grande-cuvee-blanc-2018,2020-06-25 00:00:00,2020-06-25 00:00:00,"https://www.bottle-neck.fr/?post_type=product&#038;p=15783",product,,-0.3053929143237587,0
5629,1,10.3,51.0,instock,8365,0.0,taxable,2,2019-01-30 00:00:00,2019-01-30 00:00:00,Parés Baltà Cava Brut Nature,"Un effervescent contemporain où le fruit et la fraîcheur dominent, mais d'une grande structure et complexité grâce à la puissance du cépage Xarel-Io.",publish,closed,closed,pares-balta-cava-brut-nature,2020-08-28 00:00:00,2020-08-28 00:00:00,"https://www.bottle-neck.fr/?post_type=product&#038;p=8365",product,,-0.7980121668644726,0
6629,1,37.7,25.0,instock,15793,1.0,taxable,2,2020-01-23 00:00:00,2020-01-23 00:00:00,Weingut Besson-Strasser Zürich Pinot Noir Cholfirst 2017,"<span title="""">Le nez est ouvert, parfumé de cerises, de fumée discrète et d'oranges sanguines.</span> <span title="""">Il est d'une douceur flatteuse et accessible en bouche;</span> <span title="""">montrant du charme, un corps élancé et des tanins fins, déjà bien arrondis.</span> <span title="""">Le vin est équilibré, racé et fluide, et présente une belle longueur en finale.</span> <span title="""">Magnifiquement réussi et élégant!</span>",publish,closed,closed,weingut-besson-strasser-zurich-pinot-noir-cholfirst-2017,2020-06-10 00:00:00,2020-06-10 00:00:00,"https://www.bottle-neck.fr/?post_type=product&#038;p=15793",product,,0.1872263382169553,0
4095,1,12.6,19.0,instock,16120,4.0,taxable,2,2018-02-13 00:00:00,2018-02-13 00:00:00,Paul Ginglinger Muscat Caroline 2018,"Caroline est constituée pour majorité de muscat Ottonel sur le lieu-dit Mamsellenloch et de muscat d’Alsace à petits grains sur le lieu-dit Pflanzer. L’Ottonel apporte toute l’exubérance et la finesse aromatique que l’on est en droit d’attendre d’un muscat, tandis que le muscat à petits grains confère au vin une belle structure acide et donc un meilleur potentiel de vieillissement.",publish,closed,closed,paul-ginglinger-muscat-caroline-2018,2020-08-20 00:00:00,2020-08-20 00:00:00,"https://www.bottle-neck.fr/?post_type=product&#038;p=16120",product,,-0.7153096646131119,0
5524,1,38.6,0.0,outofstock,15864,1.0,taxable,2,2018-11-01 00:00:00,2018-11-01 00:00:00,Domaine Chambeyron Condrieu Vernon 2018,"L'abricot et les épices confèrent au nez un caractère oriental. Aromatique er crémeux en bouche, Vernon se montre assez volumineux.

&nbsp;",publish,closed,closed,domaine-chambeyron-condrieu-vernon-2018,2020-07-28 00:00:00,2020-07-28 00:00:00,"https://www.bottle-neck.fr/?post_type=product&#038;p=15864",product,,0.21958818692400947,0
4886,1,28.4,48.0,instock,15773,5.0,taxable,2,2018-05-12 00:00:00,2018-05-12 00:00:00,Saumaize-Michelin Pouilly-Fuissé Clos sur la Roche 2018,"<div id=""wrapper"">
<div id=""container-wrapper"">
<div id=""content-wrapper"">
<div class=""contenu""><section id=""vue"">
<div class=""wysiwyg"">

C’est la plus grande parcelle du domaine : 1.65 ha. Cette vigne agée aux deux tiers de 30 ans et de 90 ans le reste, est située à part sur le revers de la Roche de Vergisson. Au milieu d’un biotope sous influence méditerranéenne, elle a une maturité précoce. On retrouve dans le vin ce côté solaire soutenu par une matière d’une grande consistance qui conjugue différents types de minéralité. La luminosité de la parcelle apporte toujours un éclat supplémentaire.

</div>
</section></div>
</div>
</div>
</div>
<footer>
<div id=""footer-wrapper"">
<div id=""footer-container""></div>
</div>
</footer>",publish,closed,closed,saumaize-michelin-pouilly-fuisse-clos-sur-la-roche-2018,2020-07-31 00:00:00,2020-07-31 00:00:00,"https://www.bottle-neck.fr/?post_type=product&#038;p=15773",product,,-0.14717943175593823,0
4212,1,39.8,19.0,instock,15717,2.0,taxable,2,2018-02-16 00:00:00,2018-02-16 00:00:00,Lucien Boillot Volnay 2017,"Un Volnay ferme, élégant et légèrement racé, sur de très jolis tanins. On garde néanmoins énormément de fruits, tout en finesse, en souplesse et en élégance.",publish,closed,closed,lucien-boillot-volnay-2017,2020-08-26 00:00:00,2020-08-26 00:00:00,"https://www.bottle-neck.fr/?post_type=product&#038;p=15717",product,,0.2627373185334149,0
4057,1,8.7,112.0,instock,16039,18.0,taxable,2,2018-02-12 00:00:00,2018-02-12 00:00:00,Mourgues du Grès Costières de Nîmes Galets Dorés 2019,"Galets Blancs dégage un parfum époustouflant de chèvrefeuille, de narcisse, de pêche, de melon cantaloup et de poivre blanc. Suit une finale succulente, subtilement huileuse et véritablement éclatante.",publish,closed,closed,mourgues-galets-dores-2019,2020-08-26 00:00:00,2020-08-26 00:00:00,"https://www.bottle-neck.fr/?post_type=product&#038;p=16039",product,,-0.8555443423436802,0
4924,1,12.8,0.0,outofstock,16276,0.0,taxable,2,2018-05-18 00:00:00,2018-05-17 00:00:00,Cave de Castelmaure Corbières Rouge Grande Cuvée 2017,"Sa robe intense aux reflets violacés présente un nez friand, de petits fruits noirs agrémentés d’une touche grillée et torréfiée. La bouche est puissante, ample et dense.",publish,closed,closed,cave-de-castelmaure-corbieres-rouge-grande-cuvee-2017,2020-07-05 00:00:00,2020-07-05 00:00:00,"https://www.bottle-neck.fr/?post_type=product&#038;p=16276",product,,-0.7081181426782109,0
5899,1,28.1,0.0,outofstock,12339,4.0,taxable,2,2019-03-29 00:00:00,2019-03-29 00:00:00,Stéphane Tissot Arbois Blanc Les Bruyères 2015,"Vin pur et minéral aux arômes de fruits et d'épices nobles. La bouche est vive et dense, concentrée, avec un léger boisé très élégant.",publish,closed,closed,stephane-tissot-arbois-bruyeres-2015,2020-07-09 00:00:00,2020-07-09 00:00:00,"https://www.bottle-neck.fr/?post_type=product&#038;p=12339",product,,-0.15796671465828954,0
6278,1,9.0,69.0,instock,16273,5.0,taxable,2,2019-09-10 00:00:00,2019-09-10 00:00:00,Borie de Maurel Minervois Rouge Esprit d'Automne 2019,"Esprit d’automne fait figure d’entrée en matière dans la collection des grands vins rouges de Borie de Maurel. Par sa minéralité, d’abord, cette pointe de graphite, puis ses parfums d’olive noire, de tabac, d’épices qui rappellent l’éminence des terroirs argilo-calcaires du petit Causse. Par son fruit, ensuite, ses arômes de griotte, de fruits rouges et par sa finale mentholée, réglissée. Enfin, par cette extraordinaire sensation d’onctueuse harmonie, d’équilibre suave, de sérénité gourmande si caractéristiques des rouges du Domaine.",publish,closed,closed,borie-de-maurel-minervois-esprit-automne-2019,2020-08-13 00:00:00,2020-08-13 00:00:00,"https://www.bottle-neck.fr/?post_type=product&#038;p=16273",product,,-0.8447570594413287,0
6665,1,27.7,8.0,instock,16068,1.0,taxable,2,2020-02-23 00:00:00,2020-02-23 00:00:00,Domaine Hauvette IGP Alpilles Jaspe 2017,"Un magnifique blanc 100% Roussanne avec une fraîcheur, de l'élégance et de la gourmandise. Un grand blanc du Sud !",publish,closed,closed,domaine-hauvette-igp-alpilles-jaspe-2017,2020-08-27 00:00:00,2020-08-27 00:00:00,"https://www.bottle-neck.fr/?post_type=product&#038;p=16068",product,,-0.17234975852809148,0
4191,1,9.3,209.0,instock,16263,12.0,taxable,2,2018-02-15 00:00:00,2018-02-15 00:00:00,Château de La Liquière Faugères Les Amandiers Rouge 2019,"Cette cuvée provient des jeunes vignes du domaine, elle nous offre des arômes intenses de fruits rouges frais: groseille, fraise, cassis... Un vin de plaisir et de tendresse, d'une grande fraîcheur aromatique.",publish,closed,closed,chateau-de-la-liquiere-faugeres-les-amandiers-rouge-2019,2020-08-27 00:00:00,2020-08-27 00:00:00,"https://www.bottle-neck.fr/?post_type=product&#038;p=16263",product,,-0.8339697765389773,0
5777,1,5.7,132.0,instock,14338,0.0,taxable,2,2019-03-15 00:00:00,2019-03-15 00:00:00,Maurel Pays d'Oc Cabernet-Sauvignon 2017,"<span style=""float: none; background-color: transparent; color: #444444; font-family: 'Cabin',sans-serif; font-size: 14px; font-style: normal; font-variant: normal; font-weight: 400; letter-spacing: normal; line-height: 17.33px; text-align: left; text-decoration: none; text-indent: 0px;"">Une robe rouge cerise aux reflets violines. Des arômes de bourgeon de cassis puis de poivron mûr. Une bouche ronde et ample aux petites notes grillées viennent apporter leur croquant avant une finale fraîche et épicée.</span>",publish,closed,closed,maurel-pays-d-oc-cabernet-sauvignon-2017,2020-03-11 00:00:00,2020-03-11 00:00:00,"https://www.bottle-neck.fr/?post_type=product&#038;p=14338",product,,-0.9634171713671942,0
4939,1,12.9,0.0,outofstock,15338,0.0,taxable,2,2018-05-18 00:00:00,2018-05-17 00:00:00,Oratoire Saint Martin Cairanne Blanc Réserve des Seigneurs 2018,Cette cuvée de Cairanne blanc s'exprime sur la fraîcheur avec des arômes floraux bien marqués au nez.  L'assemblage de 3 cépages rhodaniens donne ici une belle représentation des blancs de la Vallée du Rhône.,publish,closed,closed,oratoire-saint-martin-cairanne-blanc-reserve-des-seigneurs-2018,2020-03-03 00:00:00,2020-03-03 00:00:00,"https://www.bottle-neck.fr/?post_type=product&#038;p=15338",product,,-0.7045223817107605,0
4649,1,16.5,5.0,instock,16261,1.0,taxable,2,2018-04-17 00:00:00,2018-04-17 00:00:00,Bernard Baudry Chinon Blanc 2018,Ce Chinon Blanc est un vin charmeur avec ses notes de fruits blancs et d’agrumes. Il est sec mais présente une rondeur qui permet de l’apprécier dans sa jeunesse.,publish,closed,closed,bernard-baudry-chinon-blanc-2018,2020-07-12 00:00:00,2020-07-12 00:00:00,"https://www.bottle-neck.fr/?post_type=product&#038;p=16261",product,,-0.5750749868825438,0
5628,1,25.0,20.0,instock,12366,0.0,taxable,2,2019-01-30 00:00:00,2019-01-30 00:00:00,Parés Baltà Penedès Hisenda Miret 2013,"Un joli Garnatxa de Penedès qui surprend par sa grande élégance et sa richesse. Le vin séduit par ses notes fruitées et épicées. Beaucoup de caractère, une structure surprenante et une finition harmonieuse.",publish,closed,closed,pares-balta-penedes-hisenda-miret-2013,2020-07-11 00:00:00,2020-07-11 00:00:00,"https://www.bottle-neck.fr/?post_type=product&#038;p=12366",product,,-0.2694353046492541,0
5010,1,55.6,17.0,instock,15073,0.0,taxable,2,2018-07-17 00:00:00,2018-07-17 00:00:00,Domaine des Comtes Lafon Monthélie 1er Cru Les Duresses 2017,"<span class=""font5"">Ce Monthélie 1er cru provient d’une parcelle située sur le coteau derrière le village et est l’une des dernières parcelles vendangées par le domaine. Selon Dominique Lafon, sa maturité tardive est équivalente à la Côte de Nuits. Ce Monthélie de grande personnalité s’ouvre sur des arômes intenses de cerises noires et de subtiles notes épicées. Ce grand vin rouge ne manque ni d’étoffe, ni de finesse ! Sans doute l’une des plus belles interprétations de l’appellation ! </span>",publish,closed,closed,domaine-des-comtes-lafon-monthelie-1er-cru-les-duresses-2017,2020-07-02 00:00:00,2020-07-02 00:00:00,"https://www.bottle-neck.fr/?post_type=product&#038;p=15073",product,,0.8308675513905888,0
4364,1,49.5,6.0,instock,11585,1.0,taxable,2,2018-03-12 00:00:00,2018-03-12 00:00:00,Wemyss Malts Blended Malt Scotch Whisky The Hive,"Le whisky Wemyss The Hive ""La Ruche"" est un assemblage de malts du Speyside avec principalement des fûts de Xérès de premier remplissage et de re-remplissage.La couleur intense tire sur le bronze qui souligne l'élevage en fût de Xérès. Le nez évoque le miel frais, les pommes au caramel et les bâtons de cannelle. La sucrosité du miel se prolonge en bouche et domine les nuances d'épices à dessert et de fruits confits. La finale est persistante, ronde et douce.",publish,closed,closed,whisky-wemyss-the-hive,2020-08-20 00:00:00,2020-08-20 00:00:00,"https://www.bottle-neck.fr/?post_type=product&#038;p=11585",product,,0.6115261323761103,0
4201,1,38.0,69.0,instock,15656,0.0,taxable,2,2018-02-16 00:00:00,2018-02-16 00:00:00,Mas de Daumas Gassac IGP Saint-Guilhem-le-Désert 2018,"Sa robe est d'un pourpre soutenu, son éclat limpide et brillant éveille immédiatement le regard du dégustateur. Au nez, une première palette de notes subtiles de fruits rouges presque confits, est suivi de savoureux arômes de cacao légèrement torréfié. La bouche est charnue, gourmande, empreinte de tanins soyeux, donnant la sensation d'une force ample, tranquille, prête à défier le temps.",publish,closed,closed,mas-de-daumas-gassac-igp-saint-guilhem-le-desert-2018,2020-07-26 00:00:00,2020-07-26 00:00:00,"https://www.bottle-neck.fr/?post_type=product&#038;p=15656",product,,0.19801362111930662,0
4748,1,14.5,14.0,instock,14632,0.0,taxable,2,2018-04-19 00:00:00,2018-04-19 00:00:00,Jean-Paul Brun Saint-Amour 2017,"Planté sur un terroir granitique silicieux, le gamay dévoile ici des arômes délicats et fruités, soutenus par une élégante minéralité. La bouche est à la fois tendre et croquante. Un très beau Saint-Amour !",publish,closed,closed,jean-paul-brun-saint-amour-2017,2020-08-28 00:00:00,2020-08-28 00:00:00,"https://www.bottle-neck.fr/?post_type=product&#038;p=14632",product,,-0.646990206231553,0
6621,1,35.2,69.0,instock,15204,3.0,taxable,2,2020-01-18 00:00:00,2020-01-18 00:00:00,Thierry Germain Saumur-Champigny La Marginale 2018,"La robe est d’une belle couleur rubis intense et offre une arborescence de reflets sans aucune nuance d’évolution. Le nez libère de jolies nuances mentholées, de liqueur de fruits rouges ou encore d’anis étoilé. En bouche l’attaque est droite, puissante et suggère d’emblée tout le potentiel d’un grand terroir. Son fruité intense semble imposant et l’acidité, sans ostentation, dessine les contours de la matière garant de l’identité aromatique des saveurs. L’alcool est enrobé et structure la matière dans sa verticalité. La finale transcende par sa netteté et sa richesse.",publish,closed,closed,thierry-germain-saumur-champigny-la-marginale-2018,2020-06-18 00:00:00,2020-06-18 00:00:00,"https://www.bottle-neck.fr/?post_type=product&#038;p=15204",product,,0.09733231403069365,0
4653,1,36.2,18.0,instock,13515,0.0,taxable,2,2018-04-17 00:00:00,2018-04-17 00:00:00,Thierry Germain Saumur-Champigny Franc De Pied 2016,"D’une belle couleur rouge rubis, la robe est brillante et limpide et se pare de reflets diaprés et ondoyants entre le violine et la cerise. Au nez on décèle de belles notes de fleurs et de petits fruits rouges. L’attaque est franche et droite. Le fruité est légèrement écrasé et donne beaucoup de jus dans lequel le rouge domine. L’acidité est présente, donnant de l’ampleur et une belle profondeur.",publish,closed,closed,thierry-germain-saumur-champigny-franc-de-pied-2016,2020-08-21 00:00:00,2020-08-21 00:00:00,"https://www.bottle-neck.fr/?post_type=product&#038;p=13515",product,,0.13328992370519832,0
5384,1,28.8,0.0,outofstock,14149,0.0,taxable,2,2018-09-02 00:00:00,2018-09-02 00:00:00,Liban Vallée de la Békaa Château Marsyas 2012,"Le vin présente une robe sombre au reflet violine. Le nez exhale les fruits noirs et le poivre fin, avec une touche réglissée. En bouche, le vin se développe avec puissance et douceur. Très gras, les tanins sont serrés et parfaitement enrobés, laissant la sensation d’une forme sphérique et sensuelle. Le fruit, définit avec pureté, accompagne le vin jusque dans sa finale, très fraîche.",publish,closed,closed,liban-vallee-de-la-bekaa-chateau-marsyas-2012,2020-04-01 00:00:00,2020-04-01 00:00:00,"https://www.bottle-neck.fr/?post_type=product&#038;p=14149",product,,-0.1327963878861363,0
4298,1,23.2,36.0,instock,16501,1.0,taxable,2,2018-03-01 00:00:00,2018-03-01 00:00:00,Domaine de La Tour Du Bon Bandol Rouge 2018,"Ce vin se veut accessible mais d’une belle complexité aromatique liée aux 4 cépages qui le composent. Le fruité du Grenache en forte proportion apporte des notes kirchées en contre-point des accents épicés et poivrés du Mourvèdre. Quant au Cinsault, il relie l’ensemble. Sa bouche possède une trame tannique puissante dans sa jeunesse et devient charnue et soyeuse en vieillissant.",publish,closed,closed,domaine-de-la-tour-du-bon-bandol-2018,2020-08-27 00:00:00,2020-08-27 00:00:00,"https://www.bottle-neck.fr/?post_type=product&#038;p=16501",product,,-0.33415900206336246,0
5485,1,33.4,13.0,instock,16131,3.0,taxable,2,2018-10-10 00:00:00,2018-10-10 00:00:00,Decelle-Villa Savigny-Lès-Beaune Blanc 2018,"<span style=""display: inline !important; float: none; background-color: transparent; color: #000000; font-family: 'Futura Std','Helvetica Neue',Calibri,Candara,Arial,sans-serif; font-size: 16px; font-style: normal; font-variant: normal; font-weight: 400; letter-spacing: 1px; orphans: 2; text-align: center; text-decoration: none; text-indent: 0px; text-transform: none; -webkit-text-stroke-width: 0px; white-space: normal; word-spacing: 0px;"">Savigny-lès-Beaune marque le début stylistique de la Côte de Beaune. Le village est réputé pour ses rouges, les blancs n’occupant qu’une part infime (10 %). Issus de parcelles exposées sud sur des terres pauvres et pentues, ces chardonnays donnent un vin énergique et complet, déclinant des notes de fruits exotiques, de pomme golden dans une bouche dense et ample. Il faut l’apprécier frais dans ses jeunes années ; un modèle de blanc fin et coulant totalement universel.</span>",publish,closed,closed,decelle-villa-savigny-blanc-2018,2020-03-27 00:00:00,2020-03-27 00:00:00,"https://www.bottle-neck.fr/?post_type=product&#038;p=16131",product,,0.032608616616585095,0
4151,1,13.7,0.0,outofstock,15140,12.0,taxable,2,2018-02-14 00:00:00,2018-02-14 00:00:00,Elian Daros Côtes du Marmandais Abouriou 2016,"<span id=""u612-22"">Abouriou</span> est un vin fruité avec des touches épicées le tout enveloppé dans une trame tannique douce et souple. C’est un vin du sud-ouest vinifié autrement…",publish,closed,closed,elian-daros-abouriou-2016,2020-03-13 00:00:00,2020-03-13 00:00:00,"https://www.bottle-neck.fr/?post_type=product&#038;p=15140",product,,-0.6757562939711568,0
5523,1,60.4,16.0,instock,15862,1.0,taxable,2,2018-11-01 00:00:00,2018-11-01 00:00:00,Domaine Chambeyron Côte Rôtie Lancement 2017,"De belles notes de tabac, des épices et une touche de suie de cheminée introduisent ce vin au fruit justement mûr, qui se livre avec finesse et race. Sa bouche est ronde, concentrée, pulpeuse, le jus est équilibré. Un beau vin soyeux.

&nbsp;",publish,closed,closed,domaine-chambeyron-cote-rotie-lancement-2017,2020-08-22 00:00:00,2020-08-22 00:00:00,"https://www.bottle-neck.fr/?post_type=product&#038;p=15862",product,,1.0034640778282111,0
4153,1,29.0,0.0,outofstock,16237,36.0,taxable,2,2018-02-14 00:00:00,2018-02-14 00:00:00,Elian Daros Côtes du Marmandais Clos Baquey 2015,"<span id=""u689-24"">Clos Baquey</span>  est  très aromatique avec beaucoup de délicatesse et un grain de tanin fin en final. Mis en bouteille après 3 ans d’élevage, il a vieilli une année supplémentaire en bouteille au chai avant commercialisation.",publish,closed,closed,elian-daros-cotes-du-marmandais-clos-baquey-2015,2020-07-29 00:00:00,2020-07-29 00:00:00,"https://www.bottle-neck.fr/?post_type=product&#038;p=16237",product,,-0.12560486595123538,0
4626,1,52.9,2.0,instock,807,0.0,taxable,2,2018-04-14 00:00:00,2018-04-14 00:00:00,Marcel Windholtz Eau de Vie de Prunelle Sauvage,"Les eaux de vie naissent d'une subtile alchimie où deux éléments fondamentaux se conjuguent pour que la réussite soit présente au creux de votre verre à dégustation... D'abord on ne s'improvise pas distillateur: chez les Windholtz ce sont trois  générations qui ont accumulé le plein d'expérience dans l'art subtil de ""séparer par la chaleur les principes fixes et volatiles"".
Ensuite entre moûts et alambic au long col, au milieu des vapeurs, c'est le savoir-faire qui préside à la transmutation mystérieuse et réfléchie destinées à sublimer et à faire chanter les fruits...",publish,closed,closed,marcel-windholtz-eau-de-vie-de-sureau-copie,2020-08-22 00:00:00,2020-08-22 00:00:00,"https://www.bottle-neck.fr/?post_type=product&#038;p=807",product,,0.7337820052694262,0
4630,1,62.4,3.0,instock,793,4.0,taxable,2,2018-04-14 00:00:00,2018-04-14 00:00:00,Marcel Windholtz Eau de Vie de Coing,"Les eaux de vie naissent d'une subtile alchimie où deux éléments fondamentaux se conjuguent pour que la réussite soit présente au creux de votre verre à dégustation... D'abord on ne s'improvise pas distillateur: chez les Windholtz ce sont trois  générations qui ont accumulé le plein d'expérience dans l'art subtil de ""séparer par la chaleur les principes fixes et volatiles"".
Ensuite entre moûts et alambic au long col, au milieu des vapeurs, c'est le savoir-faire qui préside à la transmutation mystérieuse et réfléchie destinées à sublimer et à faire chanter les fruits...",publish,closed,closed,marcel-windholtz-eau-de-vie-de-coing,2019-12-23 00:00:00,2019-12-23 00:00:00,"https://www.bottle-neck.fr/?post_type=product&#038;p=793",product,,1.0753792971772205,0
4785,1,10.1,18.0,instock,15448,1.0,taxable,2,2018-04-20 00:00:00,2018-04-19 00:00:00,Maurice Schoech Pinot Auxerrois Vieilles Vignes 2018,Il fait parti des premiers raisins vendangés et les parcelles sont âgées de plus de 35 ans. Ce vin allie fraîcheur et souplesse.,publish,closed,closed,maurice-schoech-pinot-auxerrois-2018,2020-06-24 00:00:00,2020-06-24 00:00:00,"https://www.bottle-neck.fr/?post_type=product&#038;p=15448",product,,-0.8052036887993735,0
6622,1,42.2,12.0,instock,15205,0.0,taxable,2,2020-01-18 00:00:00,2020-01-18 00:00:00,Thierry Germain Saumur-Champigny Les Mémoires 2018,"La robe est d’un rouge rubis intense, dense et concentrée. Le nez dévoile de subtiles nuances mentholées, de liqueur de fruits rouges ou encore de fraise des bois. En bouche l’attaque est droite et puissante, tout en sensualité suggérant d’emblée tout le potentiel d’un grand terroir.",publish,closed,closed,thierry-germain-saumur-champigny-les-memoires-2018,2020-01-18 00:00:00,2020-01-18 00:00:00,"https://www.bottle-neck.fr/?post_type=product&#038;p=15205",product,,0.3490355817522263,0
4673,1,19.8,35.0,instock,16057,0.0,taxable,2,2018-04-18 00:00:00,2018-04-18 00:00:00,Domaine Pellé Sancerre Rouge La Croix Au Garde 2017,"Plantées sur des caillotes, cette vigne nous offre un vin tout en fraîcheur. Le fruit croquant, caractéristique du pinot noir prédomine ; une expression en dentelle pour des verres de plaisir.",publish,closed,closed,pelle-sancerre-rouge-la-croix-au-garde-2017,2020-07-07 00:00:00,2020-07-07 00:00:00,"https://www.bottle-neck.fr/?post_type=product&#038;p=16057",product,,-0.4564148749566783,0
6072,1,13.6,41.0,instock,16028,9.0,taxable,2,2019-05-17 00:00:00,2019-05-17 00:00:00,Clos du Mont-Olivet Côtes-du-Rhône Blanc 2019,"Assemblage à forte majorité de Grenache Blanc (90%) accompagné de l'Ugni Blanc, situés sur la commune de Saint Laurent des Arbres sur la rive droite du Rhône. Terroir de sable et d'argile blanche, conférant ainsi finesse et souplesse au vin.",publish,closed,closed,clos-du-mont-olivet-cotes-du-rhone-blanc-2019,2020-08-15 00:00:00,2020-08-15 00:00:00,"https://www.bottle-neck.fr/?post_type=product&#038;p=16028",product,,-0.6793520549386072,0
5547,1,24.6,32.0,instock,13959,1.0,taxable,2,2018-11-26 00:00:00,2018-11-26 00:00:00,Thierry Germain Saumur-Champigny Terres Chaudes 2017,"La robe est d’une couleur rubis intense. Brillante et lumineuse, elle offre des nuances de violine et de cerise.
Timide et distingué, le 1er nez, encore sur la réserve, laisse entrevoir de bien belles promesses. A l’aération, il consent peu à peu à livrer les secrets de ses origines. Le 2ème nez laisse parler le fruit. L’attaque est droite. Le fruité est légèrement compoté et apporte l’épaisseur. D’une belle acidité on notera des arômes d’eucalyptus et de bergamote. L’alcool est présent et apporte la solidité mais aussi la souplesse à l’ensemble. Les tanins sont tout en finesse et en élegance. La finale offre une belle longueur.",publish,closed,closed,thierry-germain-saumur-champigny-terres-chaudes-2017,2020-04-22 00:00:00,2020-04-22 00:00:00,"https://www.bottle-neck.fr/?post_type=product&#038;p=13959",product,,-0.28381834851905585,0
4203,1,9.9,89.0,instock,15415,6.0,taxable,2,2018-02-16 00:00:00,2018-02-16 00:00:00,Mas Laval IGP Pays d'Hérault Les Pampres Blancs 2018,"Vin de gourmandise à boire sur la fraîcheur pour un plaisir immédiat. Citronné, floral et bien équilibré.",publish,closed,closed,mas-laval-igp-pays-herault-pampres-blanc-2018,2020-07-12 00:00:00,2020-07-12 00:00:00,"https://www.bottle-neck.fr/?post_type=product&#038;p=15415",product,,-0.8123952107342746,0
4739,1,7.4,50.0,instock,14366,0.0,taxable,2,2018-04-19 00:00:00,2018-04-19 00:00:00,Jean-Paul Brun Beaujolais Le Ronsay 2016,"Dans sa robe pourpre, signe d'une jeunesse fringante, Le Ronsay se dévoile sur des arômes intenses de fruits frais, avec des nuances de confitures ça et là. La bouche est juteuse, fruitée et harmonieuse.",publish,closed,closed,jean-paul-brun-beaujolais-le-ronsay-2016,2020-07-16 00:00:00,2020-07-16 00:00:00,"https://www.bottle-neck.fr/?post_type=product&#038;p=14366",product,,-0.9022892349205363,0
4229,1,9.6,26.0,instock,15403,0.0,taxable,2,2018-02-17 00:00:00,2018-02-17 00:00:00,Mérieau Touraine L'Arpent des Vaudons 2018,"Sa robe est jaune pâle aux reflets argentés. Ce vin livre des notes végétales rafraîchissantes et des notes de fruits blancs. L’attaque en bouche est nette, mais il dévoilera toutes ses rondeurs et sa finesse en bouche. Vin qui bénéficie d’un très bon équilibre et d’une très grande subtilité.",publish,closed,closed,merieau-touraine-arpent-vaudons-2018,2020-08-06 00:00:00,2020-08-06 00:00:00,"https://www.bottle-neck.fr/?post_type=product&#038;p=15403",product,,-0.8231824936366259,0
5959,1,15.4,32.0,instock,15766,0.0,taxable,2,2019-04-18 00:00:00,2019-04-18 00:00:00,Domaine Labranche Laffont Madiran Vieilles Vignes 2015,"Cette cuvée issue de vignes de Tannat âgées de plus de 60 ans. La vinification est douce. L'élevage est long et peu interventionniste. Ce grand vin de Madiran est ample, corsé, et présente nu fruité, une finesse et une longueur remarquables.",publish,closed,closed,domaine-labranche-laffont-madiran-vieilles-vignes-2015,2020-07-25 00:00:00,2020-07-25 00:00:00,"https://www.bottle-neck.fr/?post_type=product&#038;p=15766",product,,-0.614628357524499,0
6753,1,46.5,29.0,instock,15256,0.0,taxable,2,2020-03-11 00:00:00,2020-03-11 00:00:00,Château Simone Palette Rouge 2015,"Les vins rouges, d’une grande distinction, présentent sous un rubis profond des arômes subtils et un bouquet d’une grande complexité ; Charpentés, riches en tanins nobles, ils ont un beau potentiel de garde.",publish,closed,closed,chateau-simone-palette-rouge-2015,2020-07-30 00:00:00,2020-07-30 00:00:00,"https://www.bottle-neck.fr/?post_type=product&#038;p=15256",product,,0.5036533033525963,0
4679,1,13.2,37.0,instock,15283,0.0,taxable,2,2018-04-18 00:00:00,2018-04-18 00:00:00,Domaine Rotier Gaillac Rouge Renaissance 2016,"Dans sa jeunesse, le vin présente une couleur pourpre sombre, un nez de fruits (cassis, cerise,...) rehaussé d'une touche réglissée, épicée et poivrée, puis une bouche ample, aux tanins néanmoins bien présents qui précèdent une finale délicatement fruitée.",publish,closed,closed,domaine-rotier-gaillac-rouge-renaissance-2016,2020-07-16 00:00:00,2020-07-16 00:00:00,"https://www.bottle-neck.fr/?post_type=product&#038;p=15283",product,,-0.6937350988084091,0
4573,1,67.2,9.0,instock,13604,0.0,taxable,2,2018-04-13 00:00:00,2018-04-13 00:00:00,Château de Meursault Beaune-Grèves Les Trois Journaux 1er Cru 2015,"Le nez intense et racé évoque des saveurs mûres de fleurs et de fruits rouges. Ce
Premier Cru généreux s’exprime en bouche à travers une belle longueur mêlant
l’élegance et la complexité du terroir.

Ce terroir tire son nom du sol qui forme un ensemble fait de petites chailles calcaires et de terres sablonneuses. Un journal (0.33 hectares) représente la surface de travail qu’un cheval peut réaliser en une journée.",publish,closed,closed,cdme-beaune-1ercru-greves-3-journaux-2015,2020-08-07 00:00:00,2020-08-07 00:00:00,"https://www.bottle-neck.fr/?post_type=product&#038;p=13604",product,,1.247975823614843,0
3849,1,34.3,0.0,outofstock,15296,0.0,taxable,2,2018-02-09 00:00:00,2018-02-09 00:00:00,Pierre Jean Villa Saint-Joseph Rouge Tildé 2017,Les vieilles vignes lui apportent une rare profondeur. L’attaque affiche de l’élégance. La bouche est portée par un minéral saisissant et des tanins de belle qualité. Grande bouteille !,publish,closed,closed,pierre-jean-villa-saint-joseph-tilde-2017,2019-12-21 00:00:00,2019-12-21 00:00:00,"https://www.bottle-neck.fr/?post_type=product&#038;p=15296",product,,0.06497046532363925,0
4047,1,18.3,36.0,instock,14977,0.0,taxable,2,2018-02-12 00:00:00,2018-02-12 00:00:00,Pierre Gaillard Côtes-du-Rhône Blanc Les Gendrines 2018,"Vin frais, floral et fruité, minéral, ample et rond en bouche. Un très joli viognier.",publish,closed,closed,pierre-gaillard-gendrines-2018,2020-08-27 00:00:00,2020-08-27 00:00:00,"https://www.bottle-neck.fr/?post_type=product&#038;p=14977",product,,-0.5103512894684353,0
4936,1,11.1,88.0,instock,15106,11.0,taxable,2,2018-05-18 00:00:00,2018-05-17 00:00:00,Domaine Rouge Garance Côtes du Rhône Blanc De Garance 2018,"Beaucoup de texture et d'ampleur en bouche pour cette cuvée au nez complexe d'herbes infusées, de céréales, de tisane, avec de fines notes de coing.

&nbsp;",publish,closed,closed,domaine-rouge-garance-cotes-du-rhone-blanc-de-garance-2018,2020-08-15 00:00:00,2020-08-15 00:00:00,"https://www.bottle-neck.fr/?post_type=product&#038;p=15106",product,,-0.7692460791248689,0
4672,1,17.8,5.0,instock,14676,0.0,taxable,2,2018-04-18 00:00:00,2018-04-18 00:00:00,Domaine Pellé Menetou Salon Rouge Morogues 2017,"Du fruit et de la fraîcheur avec une légère trame tannique. Le terroir de la commune de Morogues allié à un travail rigoureux nous livre ici une belle expression du Pinot. La complexité est bien là, grâce à l’assemblage de 3 parcelles sur des terroirs alliant des marnes kimméridgiennes à des calcaires portlandiens.",publish,closed,closed,pelle-menetou-salon-rouge-morogues-2017,2020-08-08 00:00:00,2020-08-08 00:00:00,"https://www.bottle-neck.fr/?post_type=product&#038;p=14676",product,,-0.5283300943056877,0
4274,1,12.9,0.0,outofstock,12942,0.0,taxable,2,2018-02-28 00:00:00,2018-02-28 00:00:00,Domaine Sérol Vin Mousseux Rosé Turbullent Méthode Ancestrale,"Rose vif. Arômes de raisins mûrs, de poire et framboise. Au palais, on retrouve l'expression aromatique du Gamay, mise en valeur par la finesse des bulles. La rondeur à l'attaque est équilibrée par une finale vive.

&nbsp;",publish,closed,closed,domaine-serol-mousseux-turbullent,2020-07-01 00:00:00,2020-07-01 00:00:00,"https://www.bottle-neck.fr/?post_type=product&#038;p=12942",product,,-0.7045223817107605,0
5829,1,57.0,26.0,instock,15329,3.0,taxable,2,2019-03-28 00:00:00,2019-03-28 00:00:00,Agnès Levet Côte Rôtie Péroline 2017,"<span style=""float: none; background-color: transparent; color: #000000; font-family: 'Open Sans',Arial,Verdana,sans-serif; font-size: 15px; font-style: normal; font-variant: normal; font-weight: 400; letter-spacing: normal; list-style-type: none; text-align: center; text-decoration: none; text-indent: 0px;"">Sous une étiquette unique se cache un grand vin de grade racé, très riche en tanins fermes, marqué par une minéralité d'un terroir situé au lieu-dit Chavaroche</span>

&nbsp;",publish,closed,closed,agnes-levet-cote-rotie-peroline-2017,2020-07-28 00:00:00,2020-07-28 00:00:00,"https://www.bottle-neck.fr/?post_type=product&#038;p=15329",product,,0.8812082049348953,0
4401,1,62.5,1.0,instock,3506,1.0,taxable,2,2018-03-22 00:00:00,2018-03-22 00:00:00,Cognac Frapin VSOP,"Ce VSOP à tout d'un grand cognac. Il a bénéficié des meilleures conditions d'élaboration et de vieillissement. Il révèle une grande richesse aromatique, un équilibre harmonieux et une longueur en bouche exceptionnelle.",publish,closed,closed,cognac-frapin-vsop,2020-08-04 00:00:00,2020-08-04 00:00:00,"https://www.bottle-neck.fr/?post_type=product&#038;p=3506",product,,1.0789750581446709,0
4928,1,7.9,1.0,instock,15047,5.0,taxable,2,2018-05-18 00:00:00,2018-05-17 00:00:00,Domaine La Croix Belle Côtes de Thongue Rouge Le Champ du Coq 2016,"Robe rouge-rubis soutenue aux reflets violets. Nez complexe de fruits noirs, cassis, cacao et épices. Bouche charnue et ample aux notes de garrigue (tapenade). Bel équilibre en bouche, ample et harmonieux, fraîcheur et longueur sur le fruit.",publish,closed,closed,domaine-la-croix-belle-cotes-de-thongue-rouge-le-champ-du-coq-2016,2020-07-10 00:00:00,2020-07-10 00:00:00,"https://www.bottle-neck.fr/?post_type=product&#038;p=15047",product,,-0.8843104300832839,0
4603,1,31.5,39.0,instock,15147,1.0,taxable,2,2018-04-14 00:00:00,2018-04-13 00:00:00,Catherine et Claude Maréchal Ladoix Rouge Les Chaillots 2017,"Au nez, la framboise, la cerise confite dominent, accompagnées de quelques notes épicées. La bouche est tendre et souple, d'un bon velouté et d'une structure juste.",publish,closed,closed,catherine-et-claude-marechal-ladoix-rouge-les-chaillots-2017,2020-07-16 00:00:00,2020-07-16 00:00:00,"https://www.bottle-neck.fr/?post_type=product&#038;p=15147",product,,-0.03571084176497372,0
4158,1,18.5,0.0,outofstock,16093,0.0,taxable,2,2018-02-14 00:00:00,2018-02-14 00:00:00,Planeta Sicilia Etna Rosso 2018,"Etna Rosso est un vin charnu mais garde beaucoup de gourmandise. Très expressif, il exprime des arômes complexes de myrte, des sous-bois et d'épices orientales.",publish,closed,closed,8planeta-sicilia-etna-rosso-2018,2020-06-24 00:00:00,2020-06-24 00:00:00,"https://www.bottle-neck.fr/?post_type=product&#038;p=16093",product,,-0.5031597675335344,0
5062,1,45.0,4.0,instock,15713,2.0,taxable,2,2018-07-31 00:00:00,2018-07-31 00:00:00,Lucien Boillot Gevrey Chambertin 2017,"Un Gevrey agréablement fruité, doté d'une attaque fraîche et équilibrée.",publish,closed,closed,lucien-boillot-gevrey-chambertin-2017,2020-08-26 00:00:00,2020-08-26 00:00:00,"https://www.bottle-neck.fr/?post_type=product&#038;p=15713",product,,0.44971688884083927,0
4628,1,39.6,2.0,instock,802,0.0,taxable,2,2018-04-14 00:00:00,2018-04-14 00:00:00,Marcel Windholtz Eau de Vie de Marc de Muscat,"Les eaux de vie naissent d'une subtile alchimie où deux éléments fondamentaux se conjuguent pour que la réussite soit présente au creux de votre verre à dégustation... D'abord on ne s'improvise pas distillateur: chez les Windholtz ce sont trois  générations qui ont accumulé le plein d'expérience dans l'art subtil de ""séparer par la chaleur les principes fixes et volatiles"".
Ensuite entre moûts et alambic au long col, au milieu des vapeurs, c'est le savoir-faire qui préside à la transmutation mystérieuse et réfléchie destinées à sublimer et à faire chanter les fruits...",publish,closed,closed,marcel-windholtz-eau-de-vie-de-marc-de-muscat,2019-02-10 00:00:00,2019-02-10 00:00:00,"https://www.bottle-neck.fr/?post_type=product&#038;p=802",product,,0.2555457965985141,0
4611,1,26.2,27.0,instock,15452,15.0,taxable,2,2018-04-14 00:00:00,2018-04-14 00:00:00,Gilbert Picq Chablis Vosgros 1er Cru 2017,"Le nez fleure bon l'herbe fraîche, le citron vert, puis dévoile un caractère minéral. La bouche surprend par sa puissance, son volume, mais reste très frais et équilibré.",publish,closed,closed,gilbert-picq-chablis-vosgros-1er-cru-2017,2020-08-26 00:00:00,2020-08-26 00:00:00,"https://www.bottle-neck.fr/?post_type=product&#038;p=15452",product,,-0.2262861730398485,0
4909,1,25.9,27.0,instock,15614,0.0,taxable,2,2018-05-15 00:00:00,2018-05-15 00:00:00,Antoine-Marie Arena Vin de France Bianco Gentile 2018,"Magnifiques reflets verts, superbe maturité du raisin, texture ample, délicate, parfaite définition du terroir, très légère touche de froment apportant son charme propre.",publish,closed,closed,antoine-marie-arena-vin-de-france-bianco-gentile-2018,2020-06-06 00:00:00,2020-06-06 00:00:00,"https://www.bottle-neck.fr/?post_type=product&#038;p=15614",product,,-0.23707345594219992,0
5491,1,26.5,15.0,instock,15481,0.0,taxable,2,2018-10-10 00:00:00,2018-10-10 00:00:00,Marc Colin Et Fils Santenay Rouge 2017,Commentaires à venir.,publish,closed,closed,marc-colin-et-fils-santenay-rouge-2017,2020-06-20 00:00:00,2020-06-20 00:00:00,"https://www.bottle-neck.fr/?post_type=product&#038;p=15481",product,,-0.21549889013749707,0
4980,1,26.5,88.0,instock,15229,0.0,taxable,2,2018-06-08 00:00:00,2018-06-08 00:00:00,Château La Tour l'Aspic Pauillac 2014,"<div id=""wrapper"">
<div id=""container-wrapper"">
<div id=""content-wrapper"">
<div class=""contenu""><section id=""vue"">Un vin tout en rondeur et en équilibre avec la même silhouette que son ainé, le château Haut-Batailley, mais plus accessible.</section></div>
</div>
</div>
</div>",publish,closed,closed,chateau-la-tour-laspic-pauillac-2014,2020-07-28 00:00:00,2020-07-28 00:00:00,"https://www.bottle-neck.fr/?post_type=product&#038;p=15229",product,,-0.21549889013749707,0
4682,1,9.1,26.0,instock,15575,6.0,taxable,2,2018-04-18 00:00:00,2018-04-18 00:00:00,Château Plaisance Fronton Rouge 2017,Le 2015 est un vrai vin de plaisir. Un superbe équilibre porté par un fruité intense et beaucoup de gourmandise.,publish,closed,closed,chateau-plaisance-fronton-2017,2020-07-31 00:00:00,2020-07-31 00:00:00,"https://www.bottle-neck.fr/?post_type=product&#038;p=15575",product,,-0.8411612984738782,0
4075,1,14.7,54.0,instock,16069,0.0,taxable,2,2018-02-13 00:00:00,2018-02-13 00:00:00,Plateau des Chênes Lirac 2015,"Doté d’une robe pourpre intense, ce vin développe de puissants arômes de fruits noirs et une légère pointe de fumé et d’épices.",publish,closed,closed,plateau-chenes-lirac-2015,2020-08-24 00:00:00,2020-08-24 00:00:00,"https://www.bottle-neck.fr/?post_type=product&#038;p=16069",product,,-0.6397986842966522,0
5761,1,19.5,0.0,outofstock,13849,0.0,taxable,2,2019-03-14 00:00:00,2019-03-14 00:00:00,Huiles d'Olive Extra Vierge Planeta 3x 10cl,"Récoltées entre le 15 octobre et le 30 novembre à la main, ces olives typiques de la région d'Agrigento en Sicile donnent une huile extra vierge de grande qualité. Mix de 3 variétés différentes d'huiles d'olive.",publish,closed,closed,huile-dolive-extra-vierge-planeta-3x-10cl,2019-05-29 00:00:00,2019-05-29 00:00:00,"https://www.bottle-neck.fr/?post_type=product&#038;p=13849",product,,-0.46720215785902974,0
4190,1,12.1,0.0,outofstock,16191,5.0,taxable,2,2018-02-15 00:00:00,2018-02-15 00:00:00,Le Pas de l'Escalette Coteaux du Languedoc Ze Rozé 2019,"Elaboré comme un blanc, Ze Rozé s'exprime sur des notes fruitées et épicées, relevées par sa vivacité et son équilibre.",publish,closed,closed,le-pas-de-lescalette-coteaux-languedoc-ze-roze-2019,2020-07-17 00:00:00,2020-07-17 00:00:00,"https://www.bottle-neck.fr/?post_type=product&#038;p=16191",product,,-0.7332884694503642,0
5474,1,42.0,0.0,outofstock,14679,4.0,taxable,2,2018-10-10 00:00:00,2018-10-10 00:00:00,Domaine Saint-Nicolas Fiefs Vendéens Rouge La Grande Pièce 2013,"Grande Pièce est un rouge d'une grande noblesse d'arômes, de texture et de sève, très harmonieux et destiné à un grand vieillissement : ses tanins soyeux l'emporteront loin dans le temps.",publish,closed,closed,domaine-saint-nicolas-fiefs-vendeens-rouge-grande-piece-2013,2020-03-14 00:00:00,2020-03-14 00:00:00,"https://www.bottle-neck.fr/?post_type=product&#038;p=14679",product,,0.3418440598173253,0
4049,1,19.3,46.0,instock,16043,1.0,taxable,2,2018-02-12 00:00:00,2018-02-12 00:00:00,Pierre Gaillard Saint-Joseph Rouge 2018,"Un Saint-Joseph plein de fruits et de gourmandise. Rond et équilibré, il saura ravir toutes les papilles.",publish,closed,closed,pierre-gaillard-saint-joseph-2018,2020-08-27 00:00:00,2020-08-27 00:00:00,"https://www.bottle-neck.fr/?post_type=product&#038;p=16043",product,,-0.47439367979393066,0
4094,1,13.7,24.0,instock,15676,0.0,taxable,2,2018-02-13 00:00:00,2018-02-13 00:00:00,Paul Ginglinger Gewurztraminer Wahlenbourg 2017,"<div id=""wrapper"">
<div id=""container-wrapper"">
<div id=""content-wrapper"">
<div class=""contenu""><section id=""vue"">
<div class=""wysiwyg"">

Wahlenbourg est le nom d’un des trois châteaux surplombant Eguisheim et Husseren-les-Châteaux. Ce gewurztraminer est un assemblage de différentes parcelles issues des lieux-dits Felsacker, Sundgass et Hissererweg, trois terroirs à dominante calcaire imprimant un style particulièrement fruité, vif et sapide au vin. Invariablement, la cuvée Walhenbourg constitue un gewurztraminer de gastronomie, jouant la finesse et l’élégance.

</div>
</section></div>
</div>
</div>
</div>",publish,closed,closed,ginglinger-gewurzt-wahlenbourg-2017,2020-08-26 00:00:00,2020-08-26 00:00:00,"https://www.bottle-neck.fr/?post_type=product&#038;p=15676",product,,-0.6757562939711568,0
4618,1,30.6,3.0,instock,14372,0.0,taxable,2,2018-04-14 00:00:00,2018-04-14 00:00:00,Alphonse Mellot Sancerre Rouge La Moussière 2014,"Très belle robe carminé profond. Au nez, on reconnaît les petits fruits rouges et noirs tels que la framboise, la groseille, la mûre et la griotte, avec des notes épicées de poivre rose, de vanille et de cannelle. En bouche, il est rond et moelleux, de belle structure. Les notes épicées et les arômes de fruits sont accompagnés d'un joli boisé. Un vin long, riche et plaisant, très réussi.",publish,closed,closed,alphonse-mellot-sancerre-rouge-la-moussiere-2014,2020-08-27 00:00:00,2020-08-27 00:00:00,"https://www.bottle-neck.fr/?post_type=product&#038;p=14372",product,,-0.06807269047202787,0
4913,1,28.0,16.0,instock,13814,0.0,taxable,2,2018-05-15 00:00:00,2018-05-15 00:00:00,Jean-Batiste Arena Muscat du Cap Corse 2015,"Un muscat subtil, sans aucune lourdeur, fin et élégant. Un vin qui livrera bien des secrets après une heure de carafe sur un foie gras ou une tarte aux fruits exotiques. Une cuvée gourmande à souhait.",publish,closed,closed,jean-batiste-arena-muscat-du-cap-corse-2015,2020-04-04 00:00:00,2020-04-04 00:00:00,"https://www.bottle-neck.fr/?post_type=product&#038;p=13814",product,,-0.16156247562574005,0
5743,1,57.0,0.0,outofstock,14323,0.0,taxable,2,2019-02-16 00:00:00,2019-02-16 00:00:00,Domaine Clerget Vosne-Romanée Les Violettes 2015,"Un vin de très grande classe ! La proximité du grand cru Clos de Vougeot avec cette parcelle, se retrouve indéniablement dans ce vin. Il est racé, fait d’une grande profondeur et un magnifique velouté. Son opulence, sa complexité aromatique sont manifestes. Ce vin a énormément de classe.",publish,closed,closed,domaine-clerget-vosne-romanee-les-violettes-2015,2019-08-31 00:00:00,2019-08-31 00:00:00,"https://www.bottle-neck.fr/?post_type=product&#038;p=14323",product,,0.8812082049348953,0
4069,1,60.0,0.0,outofstock,11862,0.0,taxable,2,2018-02-13 00:00:00,2018-02-13 00:00:00,Gilles Robin Hermitage Rouge 2012,"Une robe rubis intense avec une très belle brillance, un nez somptueux, complexe et riche, une bouche enveloppé dans une très belle rondeur, une finale très longue et équilibrée. C’est un vin magistral tout en finesse avec une très belle puissance.",publish,closed,closed,gilles-robin-hermitage-2012,2019-02-01 00:00:00,2019-01-31 00:00:00,"https://www.bottle-neck.fr/?post_type=product&#038;p=11862",product,,0.9890810339584093,0
4932,1,25.7,0.0,outofstock,9937,4.0,taxable,2,2018-05-18 00:00:00,2018-05-17 00:00:00,Marcel Richaud Cairanne Rouge Les Estrambords 2011,"Un vin généreux, profond et intense. Les notes de fruits noirs mûrs s'associent à un fond complexe d'épies et de plantes aromatiques, le tout souligné par une belle fraîcheur acidulée qui apporte de la tonicité.",publish,closed,closed,marcel-richaud-cairanne-rouge-les-estrambords-2011,2019-06-26 00:00:00,2019-06-26 00:00:00,"https://www.bottle-neck.fr/?post_type=product&#038;p=9937",product,,-0.24426497787710083,0
5391,1,24.2,17.0,instock,14141,1.0,taxable,2,2018-09-06 00:00:00,2018-09-06 00:00:00,Australie Maverick Trial Hill Riesling 2010,"<span style=""float: none; background-color: transparent; color: #333333; cursor: text; font-family: Georgia,'Times New Roman','Bitstream Charter',Times,serif; font-size: 16px; font-style: normal; font-variant: normal; font-weight: 400; letter-spacing: normal; text-align: left; text-decoration: none; text-indent: 0px;"">Ce Trial Hill Riesling offre des saveurs de pomme verte, d'agrumes, de tilleul avec une acidité minérale et des notes florales.</span>",publish,closed,closed,australie-maverick-trial-hill-riesling-2010,2020-07-24 00:00:00,2020-07-24 00:00:00,"https://www.bottle-neck.fr/?post_type=product&#038;p=14141",product,,-0.29820139238885784,0
5397,1,24.0,6.0,instock,12496,0.0,taxable,2,2018-09-06 00:00:00,2018-09-06 00:00:00,Chili De Martino Viejas Tinajas Cinsault 2013,"Une robe vivante couleur grenat, un nez élégant sur les petites baies rouges, fraises des bois avec une légère structure épicée. La bouche est très juteuse avec une attaque de fruits sucrés, belle texture équilibrée et délicate.",publish,closed,closed,chili-de-martino-viejas-tinajas-cinsault-2013,2020-04-25 00:00:00,2020-04-25 00:00:00,"https://www.bottle-neck.fr/?post_type=product&#038;p=12496",product,,-0.3053929143237587,0
4919,1,24.4,0.0,outofstock,15531,6.0,taxable,2,2018-05-17 00:00:00,2018-05-17 00:00:00,Alain Graillot Crozes-Hermitage Rouge 2017,"Cette très belle et très séduisante cuvée Crozes-Hermitage, dotée d'une grande minéralité, s'ouvre au nez sur des notes de fruits noirs, accompagnées de subtiles nuances de réglisse et de cèdre. Un rouge concentré, qui se révèle très bourguignon en bouche, avec beaucoup d'élégance.",publish,closed,closed,alain-graillot-crozes-hermitage-rouge-2017,2020-07-18 00:00:00,2020-07-18 00:00:00,"https://www.bottle-neck.fr/?post_type=product&#038;p=15531",product,,-0.29100987045395693,0
4714,1,13.3,25.0,instock,15361,3.0,taxable,2,2018-04-18 00:00:00,2018-04-18 00:00:00,Domaine Schoenheitz Muscat 2017,"Jaune pâle à reflets argentés. Nez particulièrement expressif et charmeur avec de délicates nuances florales d’aubépine, des notes de fruits frais et bien sûr une touche musquée. Une attaque soyeuse suivie d’une éclosion aromatique de fruits frais  donnant  la sensation de croquer directement dans le raisin, le tout soutenu par une fine acidité qui prolonge la bouche sur une note de fraîcheur.",publish,closed,closed,domaine-schoenheitz-muscat-2017,2020-07-28 00:00:00,2020-07-28 00:00:00,"https://www.bottle-neck.fr/?post_type=product&#038;p=15361",product,,-0.6901393378409586,0
4778,1,13.9,0.0,outofstock,16072,0.0,taxable,2,2018-04-20 00:00:00,2018-04-19 00:00:00,Clos du Mont-Olivet Lirac Rosé Farel 2019,"Ce vin est le résultat de la rencontre de deux mondes. En effet, l’étiquette du vin a été réalisée par le peintre Pierre Farel. En accord avec l’artiste, le domaine a cherché à créer un vin de caractère tout en conservant finesse et fraîcheur.",publish,closed,closed,clos-du-mont-olivet-cotes-du-rhone-rose-farel-2019,2020-08-27 00:00:00,2020-08-27 00:00:00,"https://www.bottle-neck.fr/?post_type=product&#038;p=16072",product,,-0.668564772036256,0
5004,1,59.4,1.0,instock,15871,2.0,taxable,2,2018-07-17 00:00:00,2018-07-17 00:00:00,David Duband Vosne Romanée 2017,"La robe est d'un beau rouge carmin, brillante et limpide. Le nez est intense en fruits noirs avec des notes de vanille et de confiture de cassis. La bouche est structurée avec une finale longue tout en puissance.",publish,closed,closed,david-duband-vosne-romanee-2017,2020-08-06 00:00:00,2020-08-06 00:00:00,"https://www.bottle-neck.fr/?post_type=product&#038;p=15871",product,,0.9675064681537064,0
4142,1,53.0,8.0,instock,11641,30.0,taxable,2,2018-02-14 00:00:00,2018-02-14 00:00:00,Champagne Gosset Grand Millésime 2006,"L'attaque est ample, gourmande avec une belle vinosite avec de subtiles notes de vanille. La fin est franche avec de l’acidite, ce qui apporte cet equilibre de fraîcheur. Les arômes d’agrumes s’expriment clairement dans cette cuvee : arômes acidules de citron et de pamplemousse, completes par des notes de fruits (poire, prunes) venant confirmer le nez mais egalement des arômes de fruits secs, de noix fraîches en bouche. La finale agreablement persistante, d’une salinite rafraîchissante, se prolonge sur des notes de citron jaune.",publish,closed,closed,champagne-gosset-grand-millesime-2006,2020-08-20 00:00:00,2020-08-20 00:00:00,"https://www.bottle-neck.fr/?post_type=product&#038;p=11641",product,,0.7373777662368767,0
5027,1,62.1,0.0,outofstock,11997,0.0,taxable,2,2018-07-18 00:00:00,2018-07-18 00:00:00,Champagne Agrapart &amp; Fils Terroirs Brut Blanc de Blancs Grand Cru,"Avec son petit dosage et son côté très ""nature"", cette cuvée se dévoile par un nez pâtissier, avec des notes de fruits secs, de brioche, d'amandes et de fruits blancs; La bouche est ample, minérale, vineuse et termine sur d'agréables notes de fruits secs. Encore une réussite.",publish,closed,closed,champagne-agrapart-fils-terroirs-brut-blanc-de-blancs-grand-cru,2020-03-06 00:00:00,2020-03-06 00:00:00,"https://www.bottle-neck.fr/?post_type=product&#038;p=11997",product,,1.064592014274869,0
4723,1,29.0,5.0,instock,15879,3.0,taxable,2,2018-04-18 00:00:00,2018-04-18 00:00:00,François Baur Pinot Noir Sang Du Dragon 2017,"Une très belle intensité de fruits mûrs, et de cerise croquante. Un vin ferme relevant de beaux tanins mais tout en souplesse et en élégance.",publish,closed,closed,francois-baur-pinot-noir-sang-du-dragon-2017,2020-08-23 00:00:00,2020-08-23 00:00:00,"https://www.bottle-neck.fr/?post_type=product&#038;p=15879",product,,-0.12560486595123538,0
5738,1,14.6,26.0,instock,15566,11.0,taxable,2,2019-02-16 00:00:00,2019-02-16 00:00:00,Triennes IGP Méditerranée Rouge Saint Auguste 2016,"<div id=""wrapper"">
<div id=""container-wrapper"">
<div id=""content-wrapper"">
<div class=""contenu""><section id=""vue"">
<div class=""wysiwyg"">

Le Saint Auguste est sélectionné à partir des meilleures cuvées de Syrah, Cabernet-Sauvignon et Merlot. Sa robe élégante offre une couleur pourpre foncée aux reflets rubis intenses. Harmonie et finesse s’associent sur des arômes de fruits noirs mûrs et d’épices.  La bouche riche et concentrée en fait un vin qui se conservera très bien pendant une dizaine d'années.

</div>
</section></div>
</div>
</div>
</div>",publish,closed,closed,triennes-igp-mediterranee-rouge-saint-auguste-2016,2020-08-26 00:00:00,2020-08-26 00:00:00,"https://www.bottle-neck.fr/?post_type=product&#038;p=15566",product,,-0.6433944452641025,0
5756,1,42.2,30.0,instock,7033,4.0,taxable,2,2019-03-14 00:00:00,2019-03-14 00:00:00,Huile d'Olive Extra Vierge Planeta Selezione Chef 3L,"Récoltées entre le 15 octobre et le 30 novembre à la main, ces olives typiques de la région d'Agrigento en Sicile donnent une huile extra vierge de grande qualité.",publish,closed,closed,huile-olive-planeta-3l,2020-08-28 00:00:00,2020-08-28 00:00:00,"https://www.bottle-neck.fr/?post_type=product&#038;p=7033",product,,0.3490355817522263,0
4398,1,59.0,0.0,outofstock,12641,0.0,taxable,2,2018-03-22 00:00:00,2018-03-22 00:00:00,Wemyss Malts Blended Malt Scotch Whisky Peat Chimney Batch Strength,"Ce Blended Malts en Batch Strength est très légèrement réduits par un faible apport d’eau pour ajuster de façon idéale le degré d’alcool au profil aromatique. Au nez, préparez-vous à un océan de vagues qui s’écrasent au pied d’une falaise, à des Saint Jacques marinées et grillées sur un barbecue de tourbe âcre et à des algues enchevêtrées avec des cordages goudronneux. Des viandes fumées, épicées au paprika et au gingembre mariné explosent en bouche. De la pierre à fusil trace son chemin au travers de pommes fraîches et de sorbets citron, ce qui équilibre les notes iodées tandis que se développent de la fumée et des notes médicinales. Une douce fumée inépuisable persiste dans une longue finale.",publish,closed,closed,whisky-wemyss-peat-chimney-batch-strength,2019-12-23 00:00:00,2019-12-23 00:00:00,"https://www.bottle-neck.fr/?post_type=product&#038;p=12641",product,,0.9531234242839046,0
4251,1,14.1,102.0,instock,15032,8.0,taxable,2,2018-02-20 00:00:00,2018-02-20 00:00:00,Domaine Saint-Denis Bourgogne Rouge Le Clos 2017,Un Bourgogne rouge plein de finesse et de gourmandise. Une très grande intensité de petits fruits rouges croquants avec des tanins bien fondus. Un joli vin tout en facilité.,publish,closed,closed,domaine-saint-denis-bourgogne-rouge-le-clos-2017,2020-08-28 00:00:00,2020-08-28 00:00:00,"https://www.bottle-neck.fr/?post_type=product&#038;p=15032",product,,-0.6613732501013548,0
5554,1,38.0,10.0,instock,13969,0.0,taxable,2,2018-11-26 00:00:00,2018-11-26 00:00:00,Thierry Germain Saumur-Champigny Clos de l'Echelier 2017,"Ce vin offre une robe d’un rouge vif et de beaux reflets violets. Au nez il se montre élégant, sur des arômes fruités de cerise et de fraise. La bouche est ample et grasse avec beaucoup d’élégance. Ce vin se mariera parfaitement avec un tartare de viande rouge ou du gibier.",publish,closed,closed,thierry-germain-saumur-champigny-clos-echelier-2017,2019-04-25 00:00:00,2019-04-25 00:00:00,"https://www.bottle-neck.fr/?post_type=product&#038;p=13969",product,,0.19801362111930662,0
4041,1,32.7,15.0,instock,14975,0.0,taxable,2,2018-02-12 00:00:00,2018-02-12 00:00:00,Pierre Gaillard Condrieu 2018,"Un joli nez de fruits exotiques comme le litchi, de pêche blanche et de violette. La bouche est ronde, équilibrée et promet des saveurs exotiques aussi élégantes qu’au nez.",publish,closed,closed,pierre-gaillard-condrieu-2018,2020-08-15 00:00:00,2020-08-15 00:00:00,"https://www.bottle-neck.fr/?post_type=product&#038;p=14975",product,,0.007438289844431981,0
4139,1,77.4,7.0,instock,13217,0.0,taxable,2,2018-02-13 00:00:00,2018-02-13 00:00:00,Zind-Humbrecht Gewurztraminer Grand Cru Rangen De Thann Clos Saint-Urbain 2013,"Le nez, bien qu’étant encore fermé, exprime toute la complexité du cru : arômes de fumée, pierre à fusil, tourbe… Le palais montre une belle structure puissante et riche où l’on retrouve à nouveau des arômes de pierre, cendres et épices. L’harmonie du 2013 est bâtie autour d’une belle acidité, un léger moelleux et des tanins. La finale est encore sur sa réserve mais laisse présager d’un très bel avenir.",publish,closed,closed,zind-humbrecht-gewurzt-grand-cru-rangen-de-thann-clos-saint-urbain-2013,2019-07-08 00:00:00,2019-07-08 00:00:00,"https://www.bottle-neck.fr/?post_type=product&#038;p=13217",product,,1.6147434422947906,0
4265,1,9.6,21.0,instock,15136,3.0,taxable,2,2018-02-27 00:00:00,2018-02-27 00:00:00,Domaine Bulliat Beaujolais Villages Bibine 2018,Un joli beaujolais tout en gourmandise et en éclat. Expression intense de fruits rouges accompagnés de quelques épices douces. Un vin de soif et de plaisir.,publish,closed,closed,bulliat-beaujolais-villages-bibine-2018,2020-08-28 00:00:00,2020-08-28 00:00:00,"https://www.bottle-neck.fr/?post_type=product&#038;p=15136",product,,-0.8231824936366259,0
4225,1,16.9,20.0,instock,16497,13.0,taxable,2,2018-02-17 00:00:00,2018-02-17 00:00:00,Pierre Martin Sancerre Chavignol Blanc 2019,"Le nez plaisant, fin et élégant, dévoile des fruits (agrumes) et après ouverture des notes de pèche, de poire et de fleurs blanches. La bouche élégante est bien équilibrée et grasse, avec de la complexité, de la minéralité. Finale persistante.",publish,closed,closed,pierre-martin-sancerre-chavignol-blanc-2019,2020-08-20 00:00:00,2020-08-20 00:00:00,"https://www.bottle-neck.fr/?post_type=product&#038;p=16497",product,,-0.560691943012742,0
4914,1,25.9,6.0,instock,15613,2.0,taxable,2,2018-05-15 00:00:00,2018-05-15 00:00:00,Antoine-Marie Arena Patrimonio Hauts de Carco 2018,"<span style=""display: inline !important; float: none; background-color: transparent; color: #666666; font-family: 'Open Sans',sans-serif; font-size: 16px; font-size-adjust: none; font-stretch: 100%; font-style: normal; font-variant: normal; font-weight: 400; letter-spacing: normal; line-height: 18px; orphans: 2; text-align: left; text-decoration: none; text-indent: 0px; text-transform: none; -webkit-text-stroke-width: 0px; white-space: normal; word-spacing: 0px;"">Des grappes de vermentinu très marquées par leur sol minéral plus un mode de vinification ""typé Arena"" mettent en valeur la discrète élégance de ce vin très équilibré, par opposition au côté exagérément extraverti d'autres blancs corses bien plus ""communs"".</span>",publish,closed,closed,antoine-marie-arena-patrimonio-hauts-carco-2018,2020-08-23 00:00:00,2020-08-23 00:00:00,"https://www.bottle-neck.fr/?post_type=product&#038;p=15613",product,,-0.23707345594219992,0
6107,1,62.4,4.0,instock,14101,0.0,taxable,2,2019-06-08 00:00:00,2019-06-08 00:00:00,Stéphane Tissot Arbois Vin Jaune En Spois 2011,"En Spois est un magnifique vin jaune du Jura qui se développe sur des notes de citron, d'épices, de curry. Belle bouche tendue et saline.",publish,closed,closed,stephane-tissot-arbois-vin-jaune-en-spois-2011,2020-03-14 00:00:00,2020-03-14 00:00:00,"https://www.bottle-neck.fr/?post_type=product&#038;p=14101",product,,1.0753792971772205,0
4159,1,9.3,0.0,outofstock,15668,3.0,taxable,2,2018-02-14 00:00:00,2018-02-14 00:00:00,Planeta Sicilia La Segreta Bianco 2017,"Des notes d'agrumes et florales, additionnées à des arômes méditerranéens, de la pêche, papaye et camomille. Équilibré et fin en bouche, grâce à une acidité bien maîtrisée.",publish,closed,closed,planeta-sicilia-segreta-bianco-2017,2020-07-22 00:00:00,2020-07-22 00:00:00,"https://www.bottle-neck.fr/?post_type=product&#038;p=15668",product,,-0.8339697765389773,0
4359,1,85.6,0.0,outofstock,13853,1.0,taxable,2,2018-03-02 00:00:00,2018-03-02 00:00:00,Champagne Larmandier-Bernier Grand Cru Les Chemins d'Avize 2011,"Belle maîtrise de ce millésime compliqué en Champagne, on retrouve la concentration élancée d’Avize avec la rondeur accessible de l’année. Larmandier-Bernier élabore cette cuvée depuis 2009 en provenance exclusive du terroir d'Avize. Le <b>C</b>hemin d'Avize 2011 se distingue par son style crayeux et délicat, ainsi que ses arômes raffinés de fruits blancs. La finale est saline et intense.",publish,closed,closed,champagne-larmandier-bernier-grand-cru-vieilles-chemins-avize-2011,2019-12-23 00:00:00,2019-12-23 00:00:00,"https://www.bottle-neck.fr/?post_type=product&#038;p=13853",product,,1.9095958416257286,0
4627,1,58.3,1.0,instock,805,4.0,taxable,2,2018-04-14 00:00:00,2018-04-14 00:00:00,Marcel Windholtz Eau de Vie de Poire Williams Réserve Particulière,"Les eaux de vie naissent d'une subtile alchimie où deux éléments fondamentaux se conjuguent pour que la réussite soit présente au creux de votre verre à dégustation... D'abord on ne s'improvise pas distillateur: chez les Windholtz ce sont trois  générations qui ont accumulé le plein d'expérience dans l'art subtil de ""séparer par la chaleur les principes fixes et volatiles"".
Ensuite entre moûts et alambic au long col, au milieu des vapeurs, c'est le savoir-faire qui préside à la transmutation mystérieuse et réfléchie destinées à sublimer et à faire chanter les fruits...",publish,closed,closed,marcel-windholtz-eau-de-vie-de-poire-williams-reserve-particuliere,2020-08-15 00:00:00,2020-08-15 00:00:00,"https://www.bottle-neck.fr/?post_type=product&#038;p=805",product,,0.9279530975117513,0
4734,1,15.3,36.0,instock,16138,1.0,taxable,2,2018-04-19 00:00:00,2018-04-19 00:00:00,Camin Larredya Jurançon Moelleux Costat Darrer 2018,"Ce vin de plaisir se caractérise par son fruité et sa fraicheur. Son caractère affirmé reste bordé par une sensation douce et veloutée en bouche et une finale fruitée. Très bon équilibre entre sucre et acidité. La gamme aromatique exprime toujours des fruits mûrs et exotiques (mandarine, ananas grillés, mangue…)",publish,closed,closed,camin-larredya-jurancon-moelleux-costat-darrer-2018,2020-08-27 00:00:00,2020-08-27 00:00:00,"https://www.bottle-neck.fr/?post_type=product&#038;p=16138",product,,-0.6182241184919494,0
5896,1,24.7,17.0,instock,15910,0.0,taxable,2,2019-03-28 00:00:00,2019-03-28 00:00:00,Thevenet Quintaine Viré-Clessé La Bongran 2015,"C’est dans cette cuvée la pleine expression du terroir de Bongran, où le sous-sol affleure au pied des vignes, qui apporte au vin complexité et finesse, un équilibre juste entre puissance aromatique et fraîcheur.",publish,closed,closed,thevenet-quintaine-vire-clesse-la-bongran-2015,2020-08-14 00:00:00,2020-08-14 00:00:00,"https://www.bottle-neck.fr/?post_type=product&#038;p=15910",product,,-0.2802225875516055,0
4669,1,20.2,37.0,instock,16053,1.0,taxable,2,2018-04-18 00:00:00,2018-04-18 00:00:00,Domaine Pellé Menetou Salon Blanc Le Carroir 2018,"Incisif et épuré... Ce terroir unique de l’appellation sur sable et silex planté par Henry Pellé en 1976 confère au vin une trame vive et austère. Les jus sont épurés, sobres et puissants ; des flacons intéressants à oublier dans les caves.",publish,closed,closed,pelle-menetou-salon-blanc-le-carroir-2018,2020-08-27 00:00:00,2020-08-27 00:00:00,"https://www.bottle-neck.fr/?post_type=product&#038;p=16053",product,,-0.4420318310868765,0
4260,1,12.2,22.0,instock,14945,2.0,taxable,2,2018-02-27 00:00:00,2018-02-27 00:00:00,Chermette Domaine du Vissoux Beaujolais Blanc Collonge 2017,"Encore méconnu, le Beaujolais blanc peut étonner et épater vos amis. Ce Chardonnay est une rareté à découvrir. Tout en rondeur, riche et gras, il enveloppe délicatement les papilles. Il dégage une certaine complexité aromatique due aux 3 types de terroirs dont il est issu.",publish,closed,closed,chermette-vissoux-beaujolais-blanc-collonge-2017,2020-06-18 00:00:00,2020-06-18 00:00:00,"https://www.bottle-neck.fr/?post_type=product&#038;p=14945",product,,-0.7296927084829138,0
4350,1,79.5,20.0,instock,12588,0.0,taxable,2,2018-03-02 00:00:00,2018-03-02 00:00:00,Champagne Egly-Ouriet Grand Cru Extra Brut V.P.,"Le Grand Cru VP, pour Vieillissement Prolongé, est un champagne totalement abouti. C’est une cuvée qui a vieilli environ 6 ans dans les caves de la maison Egly-Ouriet. Son dosage d'environ 2g/L lui permet de laisser la complexité apportée par le vieillissement s’exprimer au mieux. C’est une cuvée à la robe or et aux reflets cuivrés. Au nez, il offre des notes de fruits secs et de pâtisserie. La bouche est dense, riche, intense, avec une belle matière. On trouve une belle amertume et une certaine légèreté tannique. La finale est précise et nette.",publish,closed,closed,champagne-egly-ouriet-extra-brut-vp,2020-08-27 00:00:00,2020-08-27 00:00:00,"https://www.bottle-neck.fr/?post_type=product&#038;p=12588",product,,1.6902544226112504,0
6632,1,52.7,2.0,instock,15794,1.0,taxable,2,2020-01-24 00:00:00,2020-01-23 00:00:00,Weingut Besson-Strasser Zürich Pinot Noir Chlosterberg 2016,"<span title="""">Des fruits rouges des bois en bouquet, une grande fraîcheur, des épices nobles, des herbes séchées et des notes de tabac, le nez annonce déjà une grande bouteille.</span> <span title="""">Ferme et délicieux en bouche et doté d'une a</span><span title="""">cidité croquante mais pleinement mûrie, des notes de chocolat fin dans une finale extrêmement longue.</span> <span title="""">Un Pinot épique du  Weinland Zürichois!</span>",publish,closed,closed,weingut-besson-strasser-zurich-pinot-noir-chlosterberg-2016,2020-08-22 00:00:00,2020-08-22 00:00:00,"https://www.bottle-neck.fr/?post_type=product&#038;p=15794",product,,0.7265904833345254,0
4558,1,28.1,96.0,instock,15426,3.0,taxable,2,2018-04-12 00:00:00,2018-04-11 00:00:00,Domaine de Montcalmès Terrasses du Larzac Rouge 2017,"Sur le millésime 2017, le domaine de Montcalmès offre un vin exceptionnel aux superbes notes de petits fruits rouges, de cerise, de mûre et de cassis. En bouche, son attaque souple, sa fraîcheur et son équilibre mènent vers une finale délicieusement épicée.",publish,closed,closed,montcalmes-larzac-rouge-2017,2020-08-26 00:00:00,2020-08-26 00:00:00,"https://www.bottle-neck.fr/?post_type=product&#038;p=15426",product,,-0.15796671465828954,0
4205,1,23.0,0.0,outofstock,15413,12.0,taxable,2,2018-02-16 00:00:00,2018-02-16 00:00:00,Mas Laval Terrasses du Larzac La Grande Cuvée 2016,"Sa couleur profonde nous invite à découvrir de discrets parfums de fruits noirs et rouges, enveloppés de notes florales et épicées qui subliment les senteurs de garrigue. Ses arômes raffinés et sa fraîcheur nous dévoilent secrètement son caractère, teinté de subtils amers réglissés. Délicate et gourmande, La Grande Cuvée reflète l'expression la plus juste de son terroir d'exception.",publish,closed,closed,mas-laval-terrasse-larzac-grande-cuvee-2016,2020-07-29 00:00:00,2020-07-29 00:00:00,"https://www.bottle-neck.fr/?post_type=product&#038;p=15413",product,,-0.3413505239982634,0
4791,1,13.6,24.0,instock,14599,0.0,taxable,2,2018-04-20 00:00:00,2018-04-20 00:00:00,Maurice Schoech Pinot Noir Pièce de Chêne 2016,"Cette cuvée est issue d’une sélection des plus vieilles parcelles de Pinot Noir du domaine situées sur le terroir granitique d’Ammerschwihr. Après une macération de 10 jours, ce vin est élevé en Pièces de Chêne de deux vins pendant une durée de 12 mois. Des notes de fruits rouge au nez soulignées par une touche vanillée. La bouche est structurée et dense.",publish,closed,closed,maurice-schoech-pinot-noir-piece-de-chene-2016,2020-07-08 00:00:00,2020-07-08 00:00:00,"https://www.bottle-neck.fr/?post_type=product&#038;p=14599",product,,-0.6793520549386072,0
4059,1,8.7,36.0,instock,16275,7.0,taxable,2,2018-02-13 00:00:00,2018-02-12 00:00:00,Mourgues du Grès Costières de Nîmes Galets Rosés 2019,"Des senteurs de fruits rouges forment un préambule charmeur. En bouche, c’est toute une dynamique de fraîcheur qui sillonne une matière respectable et confère de la vitalité à un goût délectable d’où émerge une minéralité du meilleur effet.",publish,closed,closed,mourgues-du-gres-costieres-de-nimes-galets-roses-2019,2020-08-27 00:00:00,2020-08-27 00:00:00,"https://www.bottle-neck.fr/?post_type=product&#038;p=16275",product,,-0.8555443423436802,0
5545,1,65.9,0.0,outofstock,14827,7.0,taxable,2,2018-11-26 00:00:00,2018-11-26 00:00:00,Marc Colin Et Fils Chassagne-Montrachet Blanc Les Caillerets 1er Cru 2016,La minéralité crayeuse s'harmonise ucu aux notes de poire fraîche et d'épices. La bouche nous donne une texture incroyable avec un équilibre fantastique.,publish,closed,closed,marc-colin-et-fils-chassagne-montrachet-blanc-les-caillerets-1er-cru-2016,2020-07-28 00:00:00,2020-07-28 00:00:00,"https://www.bottle-neck.fr/?post_type=product&#038;p=14827",product,,1.201230931037987,0
6128,1,10.6,50.0,instock,14569,3.0,taxable,2,2019-06-29 00:00:00,2019-06-29 00:00:00,Moulin de Gassac IGP Pays d'Hérault Blanc Faune 2017,"Nez très intense, une explosion aromatique d'abricot de poire et de fleurs blanches. Bouche harmonieuse et équilibrée. Délicates notes de fleurs blanches. Vin dense, gras et frais avec une finale sur les fruits exotiques.",publish,closed,closed,moulin-de-gassac-igp-pays-dherault-faune-2017,2020-08-15 00:00:00,2020-08-15 00:00:00,"https://www.bottle-neck.fr/?post_type=product&#038;p=14569",product,,-0.7872248839621212,0
6204,1,31.0,7.0,instock,14604,7.0,taxable,2,2019-07-24 00:00:00,2019-07-24 00:00:00,Domaine Giudicelli Muscat du Cap Corse 2016,"Ce Muscat séduit par ses notes de rose et de fleur d'oranger. La gestion des sucres est parfaite, ce qui lui confère une incroyable buvabilité, tout en gardant une jolie pureté. Muriel Giudicelli est reconnue pour cette cuvée, sûrement un des meilleurs Muscats de l'Ile de Beauté.",publish,closed,closed,domaine-giudicelli-muscat-du-cap-corse-2016,2020-08-20 00:00:00,2020-08-20 00:00:00,"https://www.bottle-neck.fr/?post_type=product&#038;p=14604",product,,-0.053689646602226054,0
5695,1,6.5,123.0,instock,16304,14.0,taxable,2,2019-01-31 00:00:00,2019-01-31 00:00:00,Philippe Nusswitz IGP Cévènnes Rosé O Pale 2019,"<div id=""wrapper"">
<div id=""container-wrapper"">
<div id=""content-wrapper"">
<div class=""contenu""><section id=""vue"">
<div class=""wysiwyg"">

Déjà séduisant par sa couleur très pâle, ce rosé gourmand à base de Grenache a des arômes frais de petits fruits rouges, d’agrumes et de fleurs, et un bel équilibre de bouche qui privilégie la légèreté, la fraîcheur, le soyeux.

</div>
</section></div>
</div>
</div>
</div>
<footer>
<div id=""footer-wrapper"">
<div id=""footer-container""></div>
</div>
</footer>",publish,closed,closed,philippe-nusswitz-igp-cevennes-opale-rose-2019,2020-08-23 00:00:00,2020-08-23 00:00:00,"https://www.bottle-neck.fr/?post_type=product&#038;p=16304",product,,-0.9346510836275904,0
4270,1,15.5,31.0,instock,15839,4.0,taxable,2,2018-02-28 00:00:00,2018-02-28 00:00:00,Domaine Sérol Côte Roannaise Les Millerands 2018,"Rouge grenat brillant intense. Arômes complexes avec une dominance empyreumatique : vanille, épices (poivre,
clou de girofle) ainsi que des notes fruitées typiques du gamay. Vin corsé, ample et harmonieux aux tanins souples, ayant une belle fraîcheur finale.

&nbsp;",publish,closed,closed,domaine-serol-cote-roannaise-millerands-2018,2020-08-27 00:00:00,2020-08-27 00:00:00,"https://www.bottle-neck.fr/?post_type=product&#038;p=15839",product,,-0.6110325965570484,0
4228,1,29.9,8.0,instock,12657,0.0,taxable,2,2018-02-17 00:00:00,2018-02-17 00:00:00,Domaine de Bellivière Jasnières Les Rosiers 2015,"La minéralité dans le verre. Ce flacon, habillé de jaune pâle, exprime des notes encore discrètes de pêche, de prunelle et de touches d’épices douces. Une grande minéralité se retrouve dans une bouche vive, fuitée, expressive et très bien construite, et emplit la finale, longue et de belle persistance.",publish,closed,closed,belliviere-jasnieres-rosiers-2015,2020-06-20 00:00:00,2020-06-20 00:00:00,"https://www.bottle-neck.fr/?post_type=product&#038;p=12657",product,,-0.09324301724418124,0
4054,1,71.6,0.0,outofstock,19816,10.0,taxable,2,2018-02-12 00:00:00,2018-02-12 00:00:00,Clos du Mont-Olivet Châteauneuf-du-Pape Cuvée du Papet 2018,"Fleuron du domaine, élaboré uniquement lors des grands millésimes à partir de très vieilles vignes, la Cuvée de Papet 2018 à une bouche presque massive, au fruit pulpeux étoffé par des tanins solides. Une très grande bouteille à laisser en cave.",publish,closed,closed,clos-du-mont-olivet-chateauneuf-du-pape-papet-2018,2020-06-10 00:00:00,2020-06-10 00:00:00,"https://www.bottle-neck.fr/?post_type=product&#038;p=19816",product,,1.4061893061826631,0
6095,1,29.8,3.0,instock,15489,0.0,taxable,2,2019-06-05 00:00:00,2019-06-05 00:00:00,Château de Villeneuve Saumur-Champigny Le Grand Clos 2017,"C’est le clos qui entoure le château ! Il n’est produit que dans les millésimes de belle maturité. Un rouge qui nécessite toujours quelques années pour qu’il se livre pleinement, avec toujours une grande finesse des tanins, sans lourdeur, et de belles notes boisées du plus bel effet... Une cuvée de Choix !",publish,closed,closed,chateau-de-villeneuve-saumur-champigny-grand-clos-2017,2020-05-16 00:00:00,2020-05-16 00:00:00,"https://www.bottle-neck.fr/?post_type=product&#038;p=15489",product,,-0.09683877821163163,0
4912,1,25.9,10.0,instock,15612,6.0,taxable,2,2018-05-15 00:00:00,2018-05-15 00:00:00,Jean-Baptiste Arena Patrimonio Rouge Grotte Di Sole 2018,De magnifiques notes de fruits rouge et d'épices. Un bel équilibre entre la structure sudiste et le travail sur la fraîcheur qui tend le vin sur une acidité élégante.,publish,closed,closed,jean-baptiste-arena-patrimonio-rouge-grotte-di-sole-2018,2020-08-08 00:00:00,2020-08-08 00:00:00,"https://www.bottle-neck.fr/?post_type=product&#038;p=15612",product,,-0.23707345594219992,0
4712,1,15.8,0.0,outofstock,15667,1.0,taxable,2,2018-04-18 00:00:00,2018-04-18 00:00:00,Domaine Schoenheitz Crémant d'Alsace Mémoire de Granit Extra Brut,"Cristallin, jaune pâle avec des reflets or. De nombreux départ de bulles particulièrement fines et une belle persistance annoncent une mousse délicate et tendre. Un nez développé et complexe qui présente des notes très briochées et beurrées, avec un soupçon de fruits secs grillés. Une mousse qui fond en bouche, suivie d’un épanouissement des arômes. Consistant et vineux  en bouche.",publish,closed,closed,domaine-schoenheitz-cremant-dalsace-memoire-granit-extra-brut,2020-08-07 00:00:00,2020-08-07 00:00:00,"https://www.bottle-neck.fr/?post_type=product&#038;p=15667",product,,-0.600245313654697,0
4705,1,31.6,12.0,instock,14699,8.0,taxable,2,2018-04-18 00:00:00,2018-04-18 00:00:00,Albert Mann Gewurztraminer Grand Cru Steingrubler 2016,"Ce vin présente une robe d’une belle profondeur, jaune intense, accompagnée de quelques reflets dorés. Nez très développé, concentré, ouvert, il évoque directement un bouquet d’épices nobles, de poivre blanc du Penjab fort flatteur. Ces parfums sont complétés par de délicates senteurs florales et de fruits mûrs tels que la pêche jaune et la mirabelle. Matière première de très belle qualité. Personnalité forte, ce vin puissant de caractère, en bouche nous dévoile des parfums de roses orientales, de bonbon anglais, de mangue mûre. La finale est fraîche, persistante et gourmande.",publish,closed,closed,albert-mann-gewurztraminer-grand-cru-steingrubler-2016,2020-08-20 00:00:00,2020-08-20 00:00:00,"https://www.bottle-neck.fr/?post_type=product&#038;p=14699",product,,-0.032115080797523204,0
5796,1,12.5,12.0,instock,13895,0.0,taxable,2,2019-03-19 00:00:00,2019-03-19 00:00:00,Château Saransot-Dupré Bordeaux Blanc 2016,"<span style=""display: inline !important; float: none; background-color: transparent; color: #000000; font-family: Georgia,'Times New Roman',Times,Serif; font-size: 12px; font-style: normal; font-variant: normal; font-weight: 400; letter-spacing: normal; orphans: 2; text-align: justify; text-decoration: none; text-indent: 0px; text-transform: none; -webkit-text-stroke-width: 0px; white-space: normal; word-spacing: 0px;"">Rareté en Médoc (mais d’A.O.C. Bordeaux) le domaine produit un grand vin blanc sec à partir de vignes très âgées de variété sémillon sauvignon et muscadelle. La récolte est vinifiée et élevée en barriques de chêne. Ce vin, très renommé auprès des connaisseurs est un héritage de la grande époque des vins blancs de Listrac, dans la seconde moitié du XIX° siècle, lorsque ceux-ci étaient presque plus connus que les rouges.</span>",publish,closed,closed,chateau-saransot-dupre-bordeaux-blanc-2016,2020-04-26 00:00:00,2020-04-26 00:00:00,"https://www.bottle-neck.fr/?post_type=product&#038;p=13895",product,,-0.7189054255805624,0
4647,1,28.5,48.0,instock,16525,8.0,taxable,2,2018-04-17 00:00:00,2018-04-17 00:00:00,Bernard Baudry Chinon Rouge La Croix Boissée 2017,"Sur ce sol très calcaire, la Croix Boissée délivre une superbe matière marquée par des tanins fermes et « crayeux ». De la complexité, du gras, des fruits très mûrs, ce Chinon s’exprimera pleinement après quelques années de garde. Quantité limitée.",publish,closed,closed,bernard-baudry-chinon-rouge-croix-boissee-2017,2020-07-31 00:00:00,2020-07-31 00:00:00,"https://www.bottle-neck.fr/?post_type=product&#038;p=16525",product,,-0.14358367078848772,0
4242,1,8.6,85.0,instock,15310,14.0,taxable,2,2018-02-20 00:00:00,2018-02-20 00:00:00,Parcé Frères Côtes du Roussillon Villages Zoé Rouge 2018,"Nez de fruits noirs et d'épices. La bouche du Zoé est élégante et délicate, mais garde beaucoup de caractère.",publish,closed,closed,parce-freres-cotes-roussillon-zoe-rouge-2018,2020-08-26 00:00:00,2020-08-26 00:00:00,"https://www.bottle-neck.fr/?post_type=product&#038;p=15310",product,,-0.8591401033111306,0
5398,1,39.0,10.0,instock,12315,1.0,taxable,2,2018-09-06 00:00:00,2018-09-06 00:00:00,Chili Montsecano (Ostertag) Pinot Noir 2013,"Ce vin est le fruit de la collaboration entre deux amis, Julio Donoso, photographe chilien et André Ostertag, célèbre vigneron alsacien. Ce Pinot Noir se pare d'une robe rouge rubis. Le nez est très complexe et aromatique, et offre de belles notes de framboise et de cerise. La bouche est fraîche et minérale et jouit d'une finale longue et élégante.

&nbsp;",publish,closed,closed,chili-montsecano-ostertag-pinot-noir-2013,2020-05-03 00:00:00,2020-05-03 00:00:00,"https://www.bottle-neck.fr/?post_type=product&#038;p=12315",product,,0.2339712307938113,0
5799,1,40.2,0.0,outofstock,14461,0.0,taxable,2,2019-03-19 00:00:00,2019-03-19 00:00:00,Château Carbonnieux Graves Blanc 2017,"Le Château Carbonnieux blanc est un vin de légende. On raconte qu’au XVIIIème siècle il entra chez le Sultan de Constantinople, grâce à sa grande clarté, sous le nom “d’Eau minérale de Carbonnieux”, défiant ainsi la loi coranique. Les terroirs argilo-calcaires de graves garonnaises situés dans l’appellation Pessac-Léognan produisent sans doute les meilleurs vins blancs secs de la région de Bordeaux. Jeunes, les blancs de Carbonnieux charment par leur fraîcheur, leur pureté et leur intensité aromatique à la fois fruitée et florale. Au vieillissement, ils développent des notes de fruits secs et confits qui offrent un large éventail de mariage gastronomique. Les lots qui entreront dans ce cru classé seront assemblés de manière à induire une belle complicité entre les cépages. Les sémillons sélectionnés viendront structurer la vivacité des sauvignons en apportant rondeur et volume en bouche.",publish,closed,closed,chateau-carbonnieux-graves-blanc-2017,2020-07-03 00:00:00,2020-07-03 00:00:00,"https://www.bottle-neck.fr/?post_type=product&#038;p=14461",product,,0.27712036240321697,0
4221,1,12.8,83.0,instock,15829,15.0,taxable,2,2018-02-16 00:00:00,2018-02-16 00:00:00,Xavier Frissant Touraine Les Roses du Clos 2018,"<p id=""u9899-5"">Elaboré à partir d'un cépage oublié, le Fié Gris, ce vin vous surprendra par son coté insolite. Floral, ample et très délicat.</p>",publish,closed,closed,xavier-frissant-touraine-roses-du-clos-2018,2020-08-27 00:00:00,2020-08-27 00:00:00,"https://www.bottle-neck.fr/?post_type=product&#038;p=15829",product,,-0.7081181426782109,0
4215,1,26.5,0.0,outofstock,15480,0.0,taxable,2,2018-02-16 00:00:00,2018-02-16 00:00:00,Marc Colin Et Fils Saint-Aubin Blanc Luce 2017,"Un Saint-Aubin plein de fraîcheur et de gourmandise. Charmeur, très riche et plein de générosité, il bénéficie d'un élevage bien maîtrisé, et garde une fine touche iodée très élégante.",publish,closed,closed,marc-colin-saint-aubin-luce-2017,2020-02-01 00:00:00,2020-02-01 00:00:00,"https://www.bottle-neck.fr/?post_type=product&#038;p=15480",product,,-0.21549889013749707,0
4181,1,11.9,137.0,instock,16560,9.0,taxable,2,2018-02-15 00:00:00,2018-02-15 00:00:00,Borie La Vitarèle Saint-Chinian Les Terres Blanches 2019,"<div class=""row"">
<div class=""features-value col-xs-8 col-sm-8 col-md-9"">Les vignes de grenache et de syrah donnent au ""terres blanches"" un vin typiquement méditerranéen fait de gourmandise et d'élégance sur une trame tannique discrète.</div>
</div>",publish,closed,closed,borie-vitarele-saint-chinian-terres-blanches-2019,2020-08-25 00:00:00,2020-08-25 00:00:00,"https://www.bottle-neck.fr/?post_type=product&#038;p=16560",product,,-0.7404799913852652,0
5573,1,34.7,5.0,instock,14729,0.0,taxable,2,2018-11-26 00:00:00,2018-11-26 00:00:00,Domaine Huet Vouvray Le Clos du Bourg Demi-Sec 2017,"L’alliance du millésime riche en soleil et des pierres de calcaire présentes aux pieds des ceps donne ici naissance à des arômes généreux de fruit de la passion, de mangue et de tulipe Mount Tacoma. La texture en bouche est dense, tonique. Finale délicate qui joue les équilibristes entre l’acidité et la sucrosité.",publish,closed,closed,domaine-huet-vouvray-le-clos-du-bourg-demi-sec-2017,2020-07-25 00:00:00,2020-07-25 00:00:00,"https://www.bottle-neck.fr/?post_type=product&#038;p=14729",product,,0.07935350919344132,0
4043,1,60.0,12.0,instock,14980,3.0,taxable,2,2018-02-12 00:00:00,2018-02-12 00:00:00,Pierre Gaillard Côte Rôtie Esprit de Blonde 2017,"Complexité, finesse et subtilité sont au rendez-vous. Concentration et longueur également! Une cuvée à garder quelques années.",publish,closed,closed,pierre-gaillard-cote-rotie-esprit-blond-2017,2020-08-25 00:00:00,2020-08-25 00:00:00,"https://www.bottle-neck.fr/?post_type=product&#038;p=14980",product,,0.9890810339584093,0
4157,1,12.0,10.0,instock,14751,0.0,taxable,2,2018-02-14 00:00:00,2018-02-14 00:00:00,Planeta Sicilia Alastro 2017,"Alastro est finement aromatique, délicatement structuré, avec des arômes de fruits tropicaux, d'agrumes frais et de fleurs blanches.",publish,closed,closed,planeta-sicilia-alastro-2017,2020-08-22 00:00:00,2020-08-22 00:00:00,"https://www.bottle-neck.fr/?post_type=product&#038;p=14751",product,,-0.7368842304178147,0
5906,1,19.8,0.0,outofstock,15857,0.0,taxable,2,2019-03-29 00:00:00,2019-03-29 00:00:00,Domaine de Montbourgeau L'Etoile En Banode 2016,"Un grand charme sur le volume, la chaleur rayonnante de fruits à l'eau de vie et un très bel équilibre sur la minéralité. L'abricot, l'amande, la jujube, l'anisé, la menthe et le curry contribuent à a belle complexité de ce vin séveux.",publish,closed,closed,domaine-de-montbourgeau-letoile-vin-jaune-2016,2020-07-08 00:00:00,2020-07-08 00:00:00,"https://www.bottle-neck.fr/?post_type=product&#038;p=15857",product,,-0.4564148749566783,0
4074,1,12.7,50.0,instock,15941,4.0,taxable,2,2018-02-13 00:00:00,2018-02-13 00:00:00,Domaine de la Jérôme Côtes du Rhône Village 201,"Un vin opulent, à la texture onctueuse, et tourné vers le fruit. Ici, pas de fioriture, juste un grand plaisir à ouvrir entre amis!",publish,closed,closed,jerome-cotes-du-rhone-2018,2020-06-26 00:00:00,2020-06-26 00:00:00,"https://www.bottle-neck.fr/?post_type=product&#038;p=15941",product,,-0.7117139036456614,0
5061,1,52.6,24.0,instock,15711,0.0,taxable,2,2018-07-31 00:00:00,2018-07-31 00:00:00,Lucien Boillot Gevrey Chambertin Les Evocelles 2017,Un vin puissant mais très équilibré. Les arômes sont denses entre fruits et épices. Un Gevrey-Chambertin Villages mais qui revendique largement la garde d'un Premier Cru.,publish,closed,closed,lucien-boillot-gevrey-chambertin-les-evocelles-2017,2020-07-03 00:00:00,2020-07-03 00:00:00,"https://www.bottle-neck.fr/?post_type=product&#038;p=15711",product,,0.7229947223670748,0
4901,1,41.0,36.0,instock,14802,0.0,taxable,2,2018-05-15 00:00:00,2018-05-15 00:00:00,Domaine Des Croix Beaune 1er Cru Les Cent Vignes 2017,"Une belle robe pourpre. Le nez est complexe, très précis, sur la myrtille et le cassis. Beau fruit pur. Une bouche juteuse, charnue. Grande suavité. La finale est resserrée par les tanins et de beaux amers. Très belle cuvée, bien structuré.",publish,closed,closed,domaine-des-croix-beaune-1er-cru-les-cent-vignes-2017,2020-01-04 00:00:00,2020-01-04 00:00:00,"https://www.bottle-neck.fr/?post_type=product&#038;p=14802",product,,0.3058864501428206,0
5712,1,57.6,0.0,outofstock,14241,1.0,taxable,2,2019-02-01 00:00:00,2019-02-01 00:00:00,Albert Mann Gewurztraminer Vendanges Tardives Altenbourg 2015,"Belle bouteille dotée d’une grande complexité aromatique. Le vin est fruité, marqué par des notes de fruits jaunes, pêche et abricot. Et il dévoile des arômes de vanille et de marzipan. La bouche est suave avec une fine acidité. Ce vin ne demande qu’à vieillir quelques années.",publish,closed,closed,albert-mann-gewurztraminer-vendanges-tardives-altenbourg-2015,2019-08-09 00:00:00,2019-08-09 00:00:00,"https://www.bottle-neck.fr/?post_type=product&#038;p=14241",product,,0.9027827707395981,0
4892,1,20.1,34.0,instock,15952,3.0,taxable,2,2018-05-12 00:00:00,2018-05-12 00:00:00,Jacqueson Rully Rouge Les Chaponnières 2018,"<div id=""wrapper"">
<div id=""container-wrapper"">
<div id=""content-wrapper"">
<div class=""contenu""><section id=""vue"">
<div class=""wysiwyg"">

Ce vin  est issu d'une parcelle de pinot noir élevé durant environ 12 mois en fûts de chêne dont 25% de fûts neufs. C'est un vin doté d'une bouche charnue et fruitée. Les arômes majeurs sont la fraise et le cassis.

</div>
</section></div>
</div>
</div>
</div>
<footer>
<div id=""footer-wrapper"">
<div id=""footer-container""></div>
</div>
</footer>",publish,closed,closed,jacqueson-rully-rouge-les-chaponnieres-2018,2020-08-28 00:00:00,2020-08-28 00:00:00,"https://www.bottle-neck.fr/?post_type=product&#038;p=15952",product,,-0.4456275920543269,0
4269,1,10.2,1.0,instock,16244,0.0,taxable,2,2018-02-28 00:00:00,2018-02-28 00:00:00,Domaine Sérol Côte Roannaise Les Originelles 2019,"Rouge grenat intense aux reflets violacés. Arômes de fruits rouges, cassis - framboise, typiques de la jeunesse du gamay, et notes florales. Bouche aromatique soutenue par des tanins discrets et souples. Vin rond et gouleyant.

&nbsp;",publish,closed,closed,serol-cote-roannaise-originelles-2019,2020-07-09 00:00:00,2020-07-09 00:00:00,"https://www.bottle-neck.fr/?post_type=product&#038;p=16244",product,,-0.8016079278319231,0
4240,1,28.0,1.0,instock,15436,0.0,taxable,2,2018-02-20 00:00:00,2018-02-20 00:00:00,Domaine Augustin Collioure Rouge Adéodat 2017,"<div class=""m-product_description""></div>
<div class=""m-product_buy_buttons"">
<div class=""field field-name-field-wine-taste field-type-text field-label-inline clearfix"">
<div class=""field-items"">
<div class=""field-item even"">Un collioure rouge riche et gourmand qui explose de fruit au nez. La bouche est structurée et longue avec des notes confiturés de fruits noirs et une délicate fraîcheur qui rendent ce vin rouge accessible et plaisant.</div>
</div>
</div>
</div>",publish,closed,closed,domaine-augustin-collioure-rouge-adeodat-2017,2020-08-26 00:00:00,2020-08-26 00:00:00,"https://www.bottle-neck.fr/?post_type=product&#038;p=15436",product,,-0.16156247562574005,0
4635,1,62.4,3.0,instock,798,0.0,taxable,2,2018-04-15 00:00:00,2018-04-14 00:00:00,Marcel Windholtz Eau de Vie de Kirsch d'Alsace Réserve Particulière,"Les eaux de vie naissent d'une subtile alchimie où deux éléments fondamentaux se conjuguent pour que la réussite soit présente au creux de votre verre à dégustation... D'abord on ne s'improvise pas distillateur: chez les Windholtz ce sont trois  générations qui ont accumulé le plein d'expérience dans l'art subtil de ""séparer par la chaleur les principes fixes et volatiles"".
Ensuite entre moûts et alambic au long col, au milieu des vapeurs, c'est le savoir-faire qui préside à la transmutation mystérieuse et réfléchie destinées à sublimer et à faire chanter les fruits...",publish,closed,closed,marcel-windholtz-eau-de-vie-de-kirsch-dalsace-reserve-particuliere,2020-07-23 00:00:00,2020-07-23 00:00:00,"https://www.bottle-neck.fr/?post_type=product&#038;p=798",product,,1.0753792971772205,0
4141,1,39.0,1.0,instock,304,40.0,taxable,2,2018-02-14 00:00:00,2018-02-13 00:00:00,Champagne Gosset Grande Réserve,"Le nez, ouvert et expressif, évoque les fruits rouges mûrs (cassis), le froment, les fruits secs, le pain d’épice, la confiture de vieux garçon...La bouche est dominée par une tension minérale rafraîchissante associée à un goût chaleureux et consistant faisant écho à la richesse et au charnu du vin. Sous une expression dense de fruits mûrs et secs, apparaît en filigrane une fraîcheur discrète. Une ossature subtile et racée, signature des champagnes Gosset.",publish,closed,closed,gosset-champagne-grande-reserve,2020-08-27 00:00:00,2020-08-27 00:00:00,"https://www.bottle-neck.fr/?post_type=product&#038;p=304",product,,0.2339712307938113,0
4053,1,44.3,16.0,instock,13127,23.0,taxable,2,2018-02-12 00:00:00,2018-02-12 00:00:00,Clos du Mont-Olivet Châteauneuf-du-Pape 2012,"Nez gracieux, très élégant avec une touche florale et un parfum de vendange entière. Il évolue sur une note d'agrume. Bouche avec du relief et une belle énergie. Il y a du muscle mais accompagné par une sensation de fruit plein et dense.",publish,closed,closed,clos-du-mont-olivet-chateauneuf-du-pape-2012,2020-08-25 00:00:00,2020-08-25 00:00:00,"https://www.bottle-neck.fr/?post_type=product&#038;p=13127",product,,0.4245465620686859,0
4793,1,18.7,17.0,instock,15730,0.0,taxable,2,2018-04-20 00:00:00,2018-04-20 00:00:00,Maurice Schoech Pinot Gris Grand Cru Schlossberg 2017,"Nez juvénile sur les fruits blancs, le froment et une toute petite touche de sous-bois qui lui apporte de la complexité. Profil ½ sec mais élancé, cristallin avec de la mâche et finalement assez facile à appréhender avec son coté immédiat. Ce couple cépage/terroir est assez rare et c’est là une véritable réussite.",publish,closed,closed,maurice-schoech-pinot-gris-grand-cru-schlossberg-2017,2020-07-31 00:00:00,2020-07-31 00:00:00,"https://www.bottle-neck.fr/?post_type=product&#038;p=15730",product,,-0.4959682455986335,0
4931,1,27.8,11.0,instock,16280,0.0,taxable,2,2018-05-18 00:00:00,2018-05-17 00:00:00,Marcel Richaud Cairanne Rouge L'Ebrescade 2017,<div>La bouche est ronde et dense pour cet Ebrescade 2015. Les tanins bien que présents forment une matière tactile magnifique. La finale est d'une longueur remarquable.</div>,publish,closed,closed,marcel-richaud-cairanne-rouge-lebrescade-2017,2020-07-18 00:00:00,2020-07-18 00:00:00,"https://www.bottle-neck.fr/?post_type=product&#038;p=16280",product,,-0.16875399756064097,0
5742,1,42.1,0.0,outofstock,15125,0.0,taxable,2,2019-02-16 00:00:00,2019-02-16 00:00:00,Domaine Clerget Chambolle-Musigny 2014,"Un vin de rêve… complexe, riche en sensations plein de romantisme, d’élégance issu d’un terroir marqué par le fruit rouge. Il est magnifique, soyeux dans sa jeunesse mais offre un bon potentiel de garde pour ceux qui apprécient des vins aux arômes plus évolués.",publish,closed,closed,domaine-clerget-chambolle-musigny-2014,2019-12-02 00:00:00,2019-12-02 00:00:00,"https://www.bottle-neck.fr/?post_type=product&#038;p=15125",product,,0.3454398207847758,0
6127,1,10.6,66.0,instock,14573,0.0,taxable,2,2019-06-29 00:00:00,2019-06-29 00:00:00,Moulin de Gassac IGP Pays d'Hérault Rouge Mazet du Levant 2017,"Nez Expressif et complexe, alliant notes de sous-bois, fruits rouges confiturés et touche de musc ou de cuir. Une belle vivacité avec des arômes de fruits rouges exceptionnels. Tannins puissants et chaleureux. Finale équilibrée et épicée. Un vin de caractère et d’une grande gourmandise.",publish,closed,closed,moulin-de-gassac-igp-pays-dherault-mazet-levant-2017,2020-05-30 00:00:00,2020-05-30 00:00:00,"https://www.bottle-neck.fr/?post_type=product&#038;p=14573",product,,-0.7872248839621212,0
5797,1,17.2,123.0,instock,15688,0.0,taxable,2,2019-03-19 00:00:00,2019-03-19 00:00:00,Château Saransot-Dupré Listrac-Médoc 2016,"<span style=""float: none; background-color: transparent; color: #000000; font-family: Georgia,'Times New Roman',Times,Serif; font-size: 12px; font-style: normal; font-variant: normal; font-weight: 400; letter-spacing: normal; text-align: justify; text-decoration: none; text-indent: 0px;"">Le vin rouge de Saransot-Dupré a toujours été marqué par une belle maturité de tannins, par la souplesse et la rondeur. Il se distingue ainsi par l’élégance et un abord aimable dans sa jeunesse. Ce caractère s’explique par un encépagement en merlot et cabernet franc majoritaire par rapport au cabernet sauvignon, contrairement à la tradition médocaine. Mais il s’agit d’un retour aux sources, merlot et cabernet franc étant les cépages majoritaires recensés par L’INAO au moment de la création de l’appellation en 1957.</span>",publish,closed,closed,chateau-saransot-dupre-listrac-medoc-2016,2020-07-07 00:00:00,2020-07-07 00:00:00,"https://www.bottle-neck.fr/?post_type=product&#038;p=15688",product,,-0.5499046601103905,0
6226,1,20.4,0.0,outofstock,15161,0.0,taxable,2,2019-07-31 00:00:00,2019-07-31 00:00:00,Le Pas de l'Escalette Terrasses du Larzac Le Pas de D. 2017,"Cuvée signature créée  par Delphine Rousseau, le Pas de D offre un fruit éclatant et gourmand qui reflète les saveurs du sud et la garrigue. Un vin parfait entre chair très méditerranéenne, finesse et délicatesse.",publish,closed,closed,le-pas-de-lescalette-terrasses-du-larzac-pas-de-d-2017,2020-02-10 00:00:00,2020-02-10 00:00:00,"https://www.bottle-neck.fr/?post_type=product&#038;p=15161",product,,-0.4348403091519756,0
4933,1,18.4,30.0,instock,16281,0.0,taxable,2,2018-05-18 00:00:00,2018-05-17 00:00:00,Marcel Richaud Cairanne Rouge 2018,"Un nez marqué par de jolies notes de fruits noirs et rouges écrasés. De jolies effluves de fleurs séchées et d'épices douces. La bouche dispose d'une belle matière, souple ferme à la fois.

&nbsp;",publish,closed,closed,marcel-richaud-cairanne-rouge-2018,2020-08-20 00:00:00,2020-08-20 00:00:00,"https://www.bottle-neck.fr/?post_type=product&#038;p=16281",product,,-0.5067555285009849,0
6666,1,48.5,24.0,instock,16067,0.0,taxable,2,2020-02-23 00:00:00,2020-02-23 00:00:00,Domaine Hauvette IGP Alpilles Dolia 2013,"Ce blanc, composé de clairette, roussanne et marsanne, sent bon les plantes, le caillou et l'ananas, rappelant certains jurançons. Sa texture vineuse est poussée par de fins amers en finale. Un grand blanc apaisant qui est loin d'avoir dit son dernier mot.",publish,closed,closed,domaine-hauvette-igp-alpilles-dolia-2013,2020-02-23 00:00:00,2020-02-23 00:00:00,"https://www.bottle-neck.fr/?post_type=product&#038;p=16067",product,,0.5755685227016056,0
4171,1,7.8,65.0,instock,14332,1.0,taxable,2,2018-02-15 00:00:00,2018-02-15 00:00:00,Le Hameau Des Ollieux Monsieur Pinot 2017,"Un vin gourmand, sur le fruit avec une très belle fraîcheur. Notes de petits fruits noirs légèrement fumés. Un très beau Pinot Noir du Languedoc!",publish,closed,closed,ollieux-romanis-monsieur-pinot-2017,2020-08-28 00:00:00,2020-08-28 00:00:00,"https://www.bottle-neck.fr/?post_type=product&#038;p=14332",product,,-0.8879061910507343,0
4202,1,38.0,46.0,instock,15655,0.0,taxable,2,2018-02-16 00:00:00,2018-02-16 00:00:00,Mas de Daumas Gassac IGP Saint-Guilhem-le-Désert Blanc 2019,"Grande fraîcheur et complexité avec une belle expression d'agrumes, de fleurs blanches et de fruits exotiques. Sur la fraîcheur du fruit, où l'on retrouve les saveurs perçues au nez avec une très belle intensité, un jolie gras et une superbe finale.",publish,closed,closed,mas-de-daumas-gassac-igp-saint-guilhem-le-desert-blanc-2019,2020-08-15 00:00:00,2020-08-15 00:00:00,"https://www.bottle-neck.fr/?post_type=product&#038;p=15655",product,,0.19801362111930662,0
4300,1,44.0,15.0,instock,15567,1.0,taxable,2,2018-03-01 00:00:00,2018-03-01 00:00:00,Domaine de La Tour Du Bon Bandol Rouge En Sol 2017,"Vin d’inspiration méditerranéenne. Comme un voyage en amphore... Née de la rencontre avec Elisabetta Foradori, l’idée de vinifier les beaux mourvèdres dans des jarres en terre cuite, a vu le jour en 2013. Aujourd’hui, huit belles amphores de forme douce, venues de la Mancha via le Trentino, accueillent chaque année, pendant 6 mois en infusion, les mourvèdres. Il en résulte un vin aux antipodes du Bandol, d’une fraîcheur de fruit encore méconnue et d’une matière toute en finesse.",publish,closed,closed,domaine-de-la-tour-du-bandol-en-sol-2017,2020-08-08 00:00:00,2020-08-08 00:00:00,"https://www.bottle-neck.fr/?post_type=product&#038;p=15567",product,,0.4137592791663346,0
6129,1,5.2,30.0,instock,14570,0.0,taxable,2,2019-06-29 00:00:00,2019-06-29 00:00:00,Moulin de Gassac IGP Pays d'Hérault Guilhem Blanc 2017,Nez Séduisant et puissant. Bouquet de fleurs jaunes et de fruits à chair blanche. La Bouche est de bonne vivacité et ronde. Du volume et de la fraîcheur en finale.,publish,closed,closed,moulin-de-gassac-igp-pays-dherault-guilhem-blanc-2017,2020-08-27 00:00:00,2020-08-27 00:00:00,"https://www.bottle-neck.fr/?post_type=product&#038;p=14570",product,,-0.9813959762044465,0
4996,1,78.0,33.0,instock,14508,0.0,taxable,2,2018-07-13 00:00:00,2018-07-13 00:00:00,Domaine Peyre Rose Marlène N°3 2008,"La cuvée Marlène N°3 se présente ici dans le quatrième millésime produit, et s'inscrit dans la lignée de ses prédécesseurs : des fruits rouges au nez, avec un caractère épicé, poivré, une bouche dans une définition dense et veloutée, marquée par un fruit mûr et moelleux sur la truffe, le café...",publish,closed,closed,domaine-peyre-rose-marlene-n3-2008,2020-07-17 00:00:00,2020-07-17 00:00:00,"https://www.bottle-neck.fr/?post_type=product&#038;p=14508",product,,1.6363180080994932,0
5693,1,13.0,55.0,instock,15812,11.0,taxable,2,2019-01-31 00:00:00,2019-01-31 00:00:00,Philippe Nusswitz Duché d'Uzès Orénia Blanc Réserve 2018,"<div id=""wrapper"">
<div id=""container-wrapper"">
<div id=""content-wrapper"">
<div class=""contenu""><section id=""vue"">
<div class=""wysiwyg"">

Dans sa jeunesse, le viognier domine avec des arômes de fruits à chair blanche bien murs, pêche, abricot et des notes forales. Les fruits exotique et les arômes vanillés et fumés venant de la barrique se mêlent aux parfums plus puissants de la marsanne et de la roussanne (miel, garrigue). Suave et riche en bouche, ce vin garde une belle fraîcheur.

</div>
</section></div>
</div>
</div>
</div>
<footer>
<div id=""footer-wrapper"">
<div id=""footer-container""></div>
</div>
</footer>",publish,closed,closed,philippe-nusswitz-duche-uzes-orenia-blanc-reserve-2018,2020-08-20 00:00:00,2020-08-20 00:00:00,"https://www.bottle-neck.fr/?post_type=product&#038;p=15812",product,,-0.70092662074331,0
4731,1,22.0,7.0,instock,8344,18.0,taxable,2,2018-04-19 00:00:00,2018-04-19 00:00:00,Domaine Muré Crémant d'Alsace Rosé,"Un crémant élégant, ample et gras, dévoilant de beaux arômes de fruits rouges. Belle finale fraîche, élégante, et de bonne longueur.",publish,closed,closed,domaine-mure-cremant-dalsace-rose,2020-08-12 00:00:00,2020-08-12 00:00:00,"https://www.bottle-neck.fr/?post_type=product&#038;p=8344",product,,-0.37730813367276805,0
4625,1,52.4,3.0,instock,812,0.0,taxable,2,2018-04-14 00:00:00,2018-04-14 00:00:00,Marcel Windholtz Eau de Vie de Sureau,"Les eaux de vie naissent d'une subtile alchimie où deux éléments fondamentaux se conjuguent pour que la réussite soit présente au creux de votre verre à dégustation... D'abord on ne s'improvise pas distillateur: chez les Windholtz ce sont trois  générations qui ont accumulé le plein d'expérience dans l'art subtil de ""séparer par la chaleur les principes fixes et volatiles"".
Ensuite entre moûts et alambic au long col, au milieu des vapeurs, c'est le savoir-faire qui préside à la transmutation mystérieuse et réfléchie destinées à sublimer et à faire chanter les fruits...",publish,closed,closed,marcel-windholtz-eau-de-vie-de-sureau,2018-12-22 00:00:00,2018-12-22 00:00:00,"https://www.bottle-neck.fr/?post_type=product&#038;p=812",product,,0.7158032004321738,0
4978,1,18.5,0.0,outofstock,13313,0.0,taxable,2,2018-06-08 00:00:00,2018-06-08 00:00:00,Château Dutruch Grand Poujeaux Moulis 2016,"<div id=""wrapper"">
<div id=""container-wrapper"">
<div id=""content-wrapper"">
<div class=""contenu""><section id=""vue"">Un joli nez de fruits noirs et rouges, accompagnés de vanille et de tabac. Une attaque fraîche, des tanins fins, quelques épices douces et une finale élégante.</section></div>
</div>
</div>
</div>
<footer>
<div id=""footer-wrapper"">
<div id=""footer-container""></div>
</div>
</footer>",publish,closed,closed,chateau-dutruch-grand-poujeaux-moulis-2016,2020-07-18 00:00:00,2020-07-18 00:00:00,"https://www.bottle-neck.fr/?post_type=product&#038;p=13313",product,,-0.5031597675335344,0
6073,1,24.5,19.0,instock,15951,0.0,taxable,2,2019-05-17 00:00:00,2019-05-17 00:00:00,Jacqueson Rully Rouge 1er Cru Les Preaux 2018,"<div id=""wrapper"">
<div id=""container-wrapper"">
<div id=""content-wrapper"">
<div class=""contenu""><section id=""vue"">
<div class=""wysiwyg"">

Nez fin sur les fruits rouges acidulés (cerise, mûre, épices également) qui se dévoilera avec un peu de garde. Bouche de très belle persistance dans un style très fruité, très pinot, complété par une très belle assise minérale. Un vin harmonieux, très précis, d'un joli potentiel de garde.

</div>
</section></div>
</div>
</div>
</div>
<footer>
<div id=""footer-wrapper"">
<div id=""footer-container""></div>
</div>
</footer>",publish,closed,closed,jacqueson-rully-rouge-1er-cru-les-preaux-2018,2020-08-08 00:00:00,2020-08-08 00:00:00,"https://www.bottle-neck.fr/?post_type=product&#038;p=15951",product,,-0.2874141094865064,0
4050,1,21.8,0.0,outofstock,16449,6.0,taxable,2,2018-02-12 00:00:00,2018-02-12 00:00:00,Pierre Gaillard Saint-Joseph Blanc 2019,"Ce Saint-Joseph blanc est frais, complexe et très aromatiques. Il bénéficie d'une belle minéralité et d'une structure en bouche enrichissante.",publish,closed,closed,pierre-gaillard-saint-joseph-blanc-2019,2020-08-24 00:00:00,2020-08-24 00:00:00,"https://www.bottle-neck.fr/?post_type=product&#038;p=16449",product,,-0.38449965560766897,0
5801,1,24.0,62.0,instock,11277,0.0,taxable,2,2019-03-19 00:00:00,2019-03-19 00:00:00,Château Monbrison Margaux Bouquet de Monbrison 2012,"Bouquet de Monbrison 2012, le second vin du Château de Monbrison à Margaux, est un vin plein de souplesse et de rondeur. On y trouve des notes de fruits rouges bien présentes, accompagnées d'un subtil boisé qui se fond dans l'ensemble. Un vin produit tout en finesse.",publish,closed,closed,margaux-bouquet-de-monbrison-2012,2020-08-15 00:00:00,2020-08-15 00:00:00,"https://www.bottle-neck.fr/?post_type=product&#038;p=11277",product,,-0.3053929143237587,0
4863,1,8.2,0.0,outofstock,16255,4.0,taxable,2,2018-05-04 00:00:00,2018-05-03 00:00:00,Château Ollieux Romanis Corbières Rosé Classique 2019,"<div id=""wrapper"">
<div id=""container-wrapper"">
<div id=""content-wrapper"">
<div class=""contenu""><section id=""vue"">
<div class=""wysiwyg"">

Un très joli rosé des Corbières, à la robe très claire et étincelante. Le nez, lui aussi exprime la fraicheur acidulée des agrumes et la menthe poivrée. La bouche est encore une fois rafraichissante, avec une belle acidité et des fruits acidulés.

</div>
</section></div>
</div>
</div>
</div>
<footer>
<div id=""footer-wrapper"">
<div id=""footer-container""></div>
</div>
</footer>",publish,closed,closed,chateau-ollieux-romanis-corbieres-rose-classique-2019,2020-07-21 00:00:00,2020-07-21 00:00:00,"https://www.bottle-neck.fr/?post_type=product&#038;p=16255",product,,-0.8735231471809325,0
4610,1,13.1,114.0,instock,15801,0.0,taxable,2,2018-04-14 00:00:00,2018-04-14 00:00:00,François Bergeret Hautes Côtes de Beaune Blanc 2018,"La robe est jaune avec des reflets dorés. Le nez est ouvert et expressif sur des notes complexes de fruits blancs. L'attaque est franche, le milieu de bouche est onctueux et gourmand avec une finale encore ferme.",publish,closed,closed,francois-bergeret-hautes-cotes-de-beaune-blanc-2018,2020-08-27 00:00:00,2020-08-27 00:00:00,"https://www.bottle-neck.fr/?post_type=product&#038;p=15801",product,,-0.6973308597758595,0
6280,1,10.4,0.0,outofstock,15654,0.0,taxable,2,2019-09-10 00:00:00,2019-09-10 00:00:00,Borie de Maurel Minervois Blanc La Belle Aude 2018,"C’est un blanc de plaisir, charnu mais équilibré, du genre que l’on ouvre aussi bien pour un apéro entre copains que sur un dîner plus chic. De sa robe jaune dorée s’évadent des parfums de grillé, de tabac blond, d’ananas et de pêches blanches. La bouche, grasse et charnue, d’une acidité suffisante, concentre les arômes déjà perçus au nez, renforcés par des accents de pain d’épices. Ce minervois blanc, élaboré à partir de 90 % de marsanne et 10 % de muscat petit grain, mûrit sur un terroir très particulier, au pied d’un ancien glacier implanté sur les calcaires et les marnes arrachés par les glaces à la montagne. Les raisins en limite de surmaturité sont vendangés aux heures fraîches de la matinée, avant d’être directement pressurés. Le moût est débourbé par le froid et vinifié avec une fermentation thermorégulée. L’élevage se poursuit naturellement sur lies fines, en cuve et dure 3 mois avant la mise en bouteilles.",publish,closed,closed,borie-de-maurel-minervois-blanc-belle-aude-2018,2019-10-02 00:00:00,2019-10-02 00:00:00,"https://www.bottle-neck.fr/?post_type=product&#038;p=15654",product,,-0.7944164058970222,0
5922,1,48.5,0.0,outofstock,15343,17.0,taxable,2,2019-04-06 00:00:00,2019-04-06 00:00:00,Albert Mann Pinot Noir Clos de la Faille 2017,"La robe est rouge cerise. Le nez est expressif sur des petits fruits rouges avec de jolies notes toastées. L'attaque en bouche est agréable avec des tanins présents mais pas dominants, qui amènent une belle finale, soulignée par une acidité fine.",publish,closed,closed,albert-mann-pinot-noir-clos-de-la-faille-2017,2020-08-06 00:00:00,2020-08-06 00:00:00,"https://www.bottle-neck.fr/?post_type=product&#038;p=15343",product,,0.5755685227016056,0
4789,1,11.1,62.0,instock,15316,2.0,taxable,2,2018-04-20 00:00:00,2018-04-19 00:00:00,Maurice Schoech Pinot Noir 2018,Un Pinot Noir sur le fruit avec une couleur chatoyante et des tanins souples.,publish,closed,closed,maurice-schoech-pinot-noir-2018,2020-08-08 00:00:00,2020-08-08 00:00:00,"https://www.bottle-neck.fr/?post_type=product&#038;p=15316",product,,-0.7692460791248689,0
4650,1,25.3,14.0,instock,15206,5.0,taxable,2,2018-04-17 00:00:00,2018-04-17 00:00:00,Thierry Germain Saumur Blanc L'Insolite 2018,"<div class=""row"">
<div class=""features-value col-xs-8 col-sm-8 col-md-9"">Concentré, frais, généreux et puissant. Subtiles senteurs fruitées, florales et végétales puis des arômes de fruits blancs (poire, pêche) et d'agrumes (citron, pamplemousse). Notes de verveine et de tilleul. Attaque droite et veloutée. Belle acidité. Notes de gentiane et de gingembre. Matière dense. Finale nette et riche.</div>
</div>",publish,closed,closed,thierry-germain-saumur-blanc-linsolite-2018,2020-08-04 00:00:00,2020-08-04 00:00:00,"https://www.bottle-neck.fr/?post_type=product&#038;p=15206",product,,-0.25864802174690266,0
4564,1,21.7,60.0,instock,15621,19.0,taxable,2,2018-04-12 00:00:00,2018-04-12 00:00:00,Domaine Giudicelli Vin de France Eté Rouge 2018,"Eté Rouge, c'est un vin plein de fraîcheur et de gourmandise. Très peu d'extraction pour cet assemblage de Grenache et de Sciacarello, ce qui nous donne une cuvée d'une incroyable buvabilité et de petits fruits rouges très prononcés. C'est un vin d'été, qui peut très facilement remplacer les rosés sur la terrasse. Nous conseillons même de le rafraîchir pour encore plus l'apprécier!",publish,closed,closed,domaine-giudicelli-vfd-ete-rouge-2018,2020-08-27 00:00:00,2020-08-27 00:00:00,"https://www.bottle-neck.fr/?post_type=product&#038;p=15621",product,,-0.3880954165751195,0
6884,1,46.5,12.0,instock,15735,0.0,taxable,2,2020-04-25 00:00:00,2020-04-25 00:00:00,Domino Romano Ribera del Duero RDR 2015,"Le défi de Dominio Romano. Un vin comme expression de l’unique et rare terroir de la Viña Lucio. Un vignoble de sable blanc avec une couche de gravier située en profondeur et plantée dans le Pago de la Carronda, autrement dit la zone la plus fraîche de la Ribera. Un vignoble particulier, un des plus anciens de la région, qui permet d’obtenir un raisin d’un grain plus petit et plus concentré, du fait de la difficulté des ceps de vignes à trouver l’eau nécessaire pour survivre.",publish,closed,closed,domino-romano-ribera-del-duero-rdr-2015,2020-08-22 00:00:00,2020-08-22 00:00:00,"https://www.bottle-neck.fr/?post_type=product&#038;p=15735",product,,0.5036533033525963,0
5056,1,7.5,9.0,instock,13531,1.0,taxable,2,2018-07-27 00:00:00,2018-07-27 00:00:00,Domaine de Montgilet Anjou Rouge 2016,"Cet Anjou rouge est un vin gourmand et fruité. Le nez révèle des arômes de fruits rouges et noirs mûrs, que l'on retrouve dans une bouche soutenue par des tanins souples et ronds. La texture soyeuse et la finesse de ce vin sont plutôt rares dans cette appellation, ce qui en fait un vin idéal à consommer dans sa jeunesse.",publish,closed,closed,domaine-de-montgilet-anjou-rouge-2016-2,2020-08-07 00:00:00,2020-08-07 00:00:00,"https://www.bottle-neck.fr/?post_type=product&#038;p=13531",product,,-0.8986934739530857,0
5794,1,21.7,34.0,instock,14692,0.0,taxable,2,2019-03-19 00:00:00,2019-03-19 00:00:00,Château Fonréaud Bordeaux Blanc Le Cygne 2016,"<div>Grâce à la complémentarité des 3 cépages qui le constituent, Le Cygne est un vin complet, élégant et aérien, offrant une riche palette aromatique fruitée et florale, une rondeur en bouche avec des saveurs suaves.</div>",publish,closed,closed,fonreaud-bordeaux-blanc-le-cygne-2016,2020-04-26 00:00:00,2020-04-26 00:00:00,"https://www.bottle-neck.fr/?post_type=product&#038;p=14692",product,,-0.3880954165751195,0
5753,1,10.1,101.0,instock,16147,4.0,taxable,2,2019-03-08 00:00:00,2019-03-08 00:00:00,Château de la Selve Vin de France Petite Selve 2019,"<div>

Robe rubis soutenue. Nez aux arômes intenses de petits fruits rouges, d’épices, de réglisse. En bouche : vin friand et fruité sur des tanins souples et fins. Un très beau vin de copain!

</div>",publish,closed,closed,chateau-de-la-selve-vdf-petite-selve-2019,2020-08-23 00:00:00,2020-08-23 00:00:00,"https://www.bottle-neck.fr/?post_type=product&#038;p=16147",product,,-0.8052036887993735,0
4684,1,18.1,25.0,instock,14451,3.0,taxable,2,2018-04-18 00:00:00,2018-04-18 00:00:00,Château Plaisance Fronton To Co Que Cal 2015,"2014 est un très joli millésime de fruit. La maturité parfaite de la Negrette, l’apport pour la première fois d’un foudre de 30 hl neuf ont donné au vin une race magnifique. Grand vin de garde.",publish,closed,closed,chateau-plaisance-fronton-to-co-que-cal-2015,2020-08-01 00:00:00,2020-08-01 00:00:00,"https://www.bottle-neck.fr/?post_type=product&#038;p=14451",product,,-0.5175428114033362,0
6567,1,28.4,9.0,instock,15779,0.0,taxable,2,2020-01-04 00:00:00,2020-01-04 00:00:00,"Decelle-Villa Côte de Nuits Villages ""Aux Montagnes"" 2014","<span style=""display: inline !important; float: none; background-color: transparent; color: #000000; font-family: 'Futura Std','Helvetica Neue',Calibri,Candara,Arial,sans-serif; font-size: 16px; font-style: normal; font-variant: normal; font-weight: 400; letter-spacing: 1px; orphans: 2; text-align: center; text-decoration: none; text-indent: 0px; text-transform: none; -webkit-text-stroke-width: 0px; white-space: normal; word-spacing: 0px;"">De Gevrey-Chambertin à Nuits-Saint-Georges, les Côtes de Nuits Villages déroulent une longue bande de terroirs qui expriment pleinement le caractère fruité et glissant du pinot noir. Ce vin est issu d’une parcelle de la commune de Comblanchien, célèbre pour ses carrières de pierre blanche qui fut utilisée, entre autres, par Charles Garnier pour l’édification de l’Opéra de Paris.</span>",publish,closed,closed,decelle-villa-cote-de-nuits-aux-montagnes-2014,2020-07-31 00:00:00,2020-07-31 00:00:00,"https://www.bottle-neck.fr/?post_type=product&#038;p=15779",product,,-0.14717943175593823,0
6592,1,24.4,70.0,instock,15764,0.0,taxable,2,2020-01-05 00:00:00,2020-01-05 00:00:00,Domaine de la Monardière Vacqueyras Blanc Galéjade 2018,"Vin blanc à la fois riche et expressif, la cuvée Galéjade est un vin de gastronomie au tempérament sudiste assumé.",publish,closed,closed,domaine-de-la-monardiere-vacqueyras-galejade-2018,2020-07-21 00:00:00,2020-07-21 00:00:00,"https://www.bottle-neck.fr/?post_type=product&#038;p=15764",product,,-0.29100987045395693,0
5520,1,38.6,54.0,instock,15863,2.0,taxable,2,2018-11-01 00:00:00,2018-11-01 00:00:00,Domaine Chambeyron Côte Rôtie La Chavarine 2017,"La Chavarine présente un nez de violette et de poivre, nous enchante par sa fraîcheur. Sa bouche est ample et serrée. Ferme, il reflète bien son terroir axé sur la retenue.

&nbsp;",publish,closed,closed,domaine-chambeyron-cote-rotie-chavarine-2017,2020-08-20 00:00:00,2020-08-20 00:00:00,"https://www.bottle-neck.fr/?post_type=product&#038;p=15863",product,,0.21958818692400947,0
6279,1,45.9,10.0,instock,16247,0.0,taxable,2,2019-09-10 00:00:00,2019-09-10 00:00:00,Borie de Maurel Minervois Rouge Maxime 2003,"Maxime, c’est la puissance contenue, la force intérieure, une noblesse sans affectation. Taiseux mais formidablement profond, structuré mais incroyablement velouté, le mourvèdre, enfant du Levant, pendant méditerranéen du cabernet-sauvignon, compose intégralement cette cuvée. Mais pour que ce cépage sorte de son mutisme pour exprimer toute son énergie, il faut qu’il rencontre un terroir à sa mesure ; en l’occurrence, un cirque d’argiles fines et sableuses lové dans les garrigues, exposé sud-ouest et posé sur un lit épais de roches gréseuses concassées. Il lui fallait aussi de vieilles vignes, maintenues à très bas rendements, une vendange manuelle avec égrappage, une longue cuvaison de 20 à 45 jours. Résultat, ce grand vin de garde, sombre et concentré dont les notes grillées, épicées, les arômes de figue et de cuir donnent la réplique à des tannins soyeux avant que ne s’impose une interminable finale, charnue, voluptueuse et poivrée.",publish,closed,closed,borie-de-maurel-minervois-rouge-maxime-2003,2020-05-14 00:00:00,2020-05-14 00:00:00,"https://www.bottle-neck.fr/?post_type=product&#038;p=16247",product,,0.48207873754789343,0
4060,1,11.9,73.0,instock,16498,9.0,taxable,2,2018-02-13 00:00:00,2018-02-12 00:00:00,Mourgues du Grès Costières de Nîmes Terre d'Argence 2017,"Sa robe violet/rubis est suivie de fruits noirs en abondance, chocolat, réglisse et d’arômes d’herbes poivrées. Ils se mélangent dans une cuvée charnue, équilibrée et d’une texture remarquable.",publish,closed,closed,mourgues-du-gres-costieres-de-nimes-argence-rouge-2017,2020-08-25 00:00:00,2020-08-25 00:00:00,"https://www.bottle-neck.fr/?post_type=product&#038;p=16498",product,,-0.7404799913852652,0
4722,1,13.7,0.0,outofstock,15880,1.0,taxable,2,2018-04-18 00:00:00,2018-04-18 00:00:00,François Baur Pinot Gris Herrenweg de Turckheim 2018,"<p class=""nez"">C'est un vin plein de noblesse qui présente beaucoup d'étoffe, une admirable rondeur allant jusqu'à une opulence légèrement moelleuse, mais soutenu par une belle fraîcheur.</p>",publish,closed,closed,francois-baur-pinot-gris-herrenweg-de-turckheim-2018,2020-08-26 00:00:00,2020-08-26 00:00:00,"https://www.bottle-neck.fr/?post_type=product&#038;p=15880",product,,-0.6757562939711568,0
6575,1,41.8,1.0,instock,15479,0.0,taxable,2,2020-01-04 00:00:00,2020-01-04 00:00:00,Marc Colin Et Fils Saint-Aubin 1er Cru La Chatenière 2017,"Un Saint-Aubin plein de fraîcheur et de gourmandise. Charmeur, très riche et plein de générosité, il bénéficie d'un élevage bien maîtrisé, et garde une fine touche iodée très élégante.",publish,closed,closed,marc-colin-et-fils-saint-aubin-1ercru-chateniere-2017,2020-06-21 00:00:00,2020-06-21 00:00:00,"https://www.bottle-neck.fr/?post_type=product&#038;p=15479",product,,0.3346525378824243,0
4717,1,23.4,0.0,outofstock,15658,6.0,taxable,2,2018-04-18 00:00:00,2018-04-18 00:00:00,Domaine Schoenheitz Pinot Noir Herrenreben 2017,"Rouge cerise noire à reflets grenat. Nez bien développé, présentant tout d’abord de délicates notes de vanille, suivies d’arômes plus fruitées de kirsch et de petits fruits rouges. Après une attaque souple en bouche, il se montre particulièrement charpenté et complexe avec une expression aromatique intense et longue soutenue par des tanins soyeux.",publish,closed,closed,domaine-schoenheitz-pinot-noir-herrenreben-2017,2020-07-26 00:00:00,2020-07-26 00:00:00,"https://www.bottle-neck.fr/?post_type=product&#038;p=15658",product,,-0.32696748012846155,0
6041,1,71.7,4.0,instock,13073,0.0,taxable,2,2019-04-26 00:00:00,2019-04-25 00:00:00,Château de Vaudieu Châteauneuf-du-Pape Amiral G 2015,"Quand le Grenache lance un vibrant hommage au fondateur du château : L’Amiral de Gérin. Une cuvée hors norme, qui brille par sa pureté, et qui offre toute la typicité racée de Châteauneuf du pape.",publish,closed,closed,chateau-de-vaudieu-chateauneuf-du-pape-amiral-g-2015,2020-07-01 00:00:00,2020-07-01 00:00:00,"https://www.bottle-neck.fr/?post_type=product&#038;p=13073",product,,1.409785067150114,0
4084,1,23.2,14.0,instock,16014,0.0,taxable,2,2018-02-13 00:00:00,2018-02-13 00:00:00,"Rimauresq Côtes de Provence Rouge Cru Classé ""R"" 2017","<div id=""wrapper"">
<div id=""container-wrapper"">
<div id=""content-wrapper"">
<div class=""contenu""><section id=""vue"">
<div class=""wysiwyg"">

Le R rouge est complexe et mèle les fruits noirs confits aux épices douces, on note également des effluves de vanille, de sous-bois et de réglisse. En bouche, le palais est dense et élégant avec des tanins soyeux et une belle richesse aromatique.

</div>
</section></div>
</div>
</div>
</div>
<footer>
<div id=""footer-wrapper"">
<div id=""footer-container""></div>
</div>
</footer>",publish,closed,closed,rimauresq-cotes-de-provence-cru-classe-r-2017,2020-08-22 00:00:00,2020-08-22 00:00:00,"https://www.bottle-neck.fr/?post_type=product&#038;p=16014",product,,-0.33415900206336246,0
5690,1,44.6,8.0,instock,14647,0.0,taxable,2,2019-01-30 00:00:00,2019-01-30 00:00:00,Domaine Hauvette IGP Alpilles Dolia 2012,"Ce blanc, composé de clairette, roussanne et marsanne, sent bon les plantes, le caillou et l'ananas, rappelant certains jurançons. Sa texture vineuse est poussée par de fins amers en finale. Un grand blanc apaisant qui est loin d'avoir dit son dernier mot.",publish,closed,closed,domaine-hauvette-igp-alpilles-dolia-2012,2020-08-02 00:00:00,2020-08-02 00:00:00,"https://www.bottle-neck.fr/?post_type=product&#038;p=14647",product,,0.4353338449710375,0
5016,1,9.3,1.0,instock,14839,3.0,taxable,2,2018-07-18 00:00:00,2018-07-18 00:00:00,Château Tour Des Gendres Bergerac Blanc Cuvée Des Conti 2017,"Les Sémillons (50% de l'assemblage) sont récoltés très mûrs et partiellement passerillés, apportant ainsi une très belle complexité aromatique à cette cuvée alliant rondeur et vivacité. « Une valeur sûre » selon le Guide RVF des Meilleurs Vins de France 2018.",publish,closed,closed,chateau-tour-des-gendres-bergerac-blanc-cuvee-des-conti-2017,2020-08-01 00:00:00,2020-08-01 00:00:00,"https://www.bottle-neck.fr/?post_type=product&#038;p=14839",product,,-0.8339697765389773,0
5932,1,59.9,3.0,instock,523,0.0,taxable,2,2019-04-07 00:00:00,2019-04-07 00:00:00,Cognac Normandin Mercier VFC,"Issus des meilleurs crus de Grande et de Petite Champagne, ces cognacs sont sélectionnés avec la plus grande exigence, puis élevés dans les chais traditionnels aux portes de La Rochelle. Vieille Fine Champagne, douce et équilibrée avec un agréable bouquet floral.

&nbsp;",publish,closed,closed,cognac-normandin-mercier-vfc,2020-08-13 00:00:00,2020-08-13 00:00:00,"https://www.bottle-neck.fr/?post_type=product&#038;p=523",product,,0.9854852729909588,0
4790,1,11.1,43.0,instock,15732,0.0,taxable,2,2018-04-20 00:00:00,2018-04-20 00:00:00,Maurice Schoech Riesling 2018,"Un Riesling plein de fruits frais, sec et racé et doté d'une grande profondeur. Le côté pierre à fusil typique du cépage est très bien représenté.",publish,closed,closed,maurice-schoech-riesling-2018,2020-08-25 00:00:00,2020-08-25 00:00:00,"https://www.bottle-neck.fr/?post_type=product&#038;p=15732",product,,-0.7692460791248689,0
4753,1,12.0,76.0,instock,15429,7.0,taxable,2,2018-04-19 00:00:00,2018-04-19 00:00:00,Domaine de Montgilet Coteaux de l'Aubance 2017,"Ce Coteaux de l'Aubance ne cherche pas la concentration des sucres mais bien la fraîcheur. L'équilibre entre sucre, acidité et minéralité est remarquable. C'est un vin élégant, sans lourdeur, qui enveloppe un fruité gourmand.",publish,closed,closed,domaine-de-montgilet-coteaux-de-laubance-2017,2020-08-22 00:00:00,2020-08-22 00:00:00,"https://www.bottle-neck.fr/?post_type=product&#038;p=15429",product,,-0.7368842304178147,0
5019,1,19.8,0.0,outofstock,14696,0.0,taxable,2,2018-07-18 00:00:00,2018-07-18 00:00:00,Château Tour Des Gendres Bergerac Blanc Moulin Des Dames 2016,"Moulin des Dames blanc présente les arômes typiques du millésime : abricot sec, fruits confits et une touche plus fraîche de zestes d'agrumes. En bouche, l'attaque est ample avec de la sucrosité, et s’accompagne d’une matière dense, très aromatique avec une magnifique persistance en finale. Un Bergerac sec à ne pas manquer !",publish,closed,closed,chateau-tour-des-gendres-bergerac-blanc-moulin-des-dames-2016,2020-07-12 00:00:00,2020-07-12 00:00:00,"https://www.bottle-neck.fr/?post_type=product&#038;p=14696",product,,-0.4564148749566783,0
4636,1,50.0,4.0,instock,2361,1.0,taxable,2,2018-04-15 00:00:00,2018-04-14 00:00:00,Marcel Windholtz Eau de Vie de Framboise d'Alsace,"Les eaux de vie naissent d'une subtile alchimie où deux éléments fondamentaux se conjuguent pour que la réussite soit présente au creux de votre verre à dégustation... D'abord on ne s'improvise pas distillateur: chez les Windholtz ce sont trois  générations qui ont accumulé le plein d'expérience dans l'art subtil de ""séparer par la chaleur les principes fixes et volatiles"".
Ensuite entre moûts et alambic au long col, au milieu des vapeurs, c'est le savoir-faire qui préside à la transmutation mystérieuse et réfléchie destinées à sublimer et à faire chanter les fruits...",publish,closed,closed,marcel-windholtz-eau-de-vie-de-framboise-dalsace,2020-08-15 00:00:00,2020-08-15 00:00:00,"https://www.bottle-neck.fr/?post_type=product&#038;p=2361",product,,0.6295049372133626,0
5818,1,63.5,19.0,instock,15241,0.0,taxable,2,2019-03-27 00:00:00,2019-03-27 00:00:00,Maison Trimbach Riesling Grand Cru Schlossberg 2015,"<div class=""wpb_text_column wpb_content_element "">
<div class=""wpb_wrapper"">

Le Grand Cru Schlossberg est un terroir granitique. Granit de Thannenkirch et granit migmatite (granit et gneiss) de Kaysersberg. Planté en terrasses horizontales de 2 ou 3 rangées, orienté plein sud et situé à côté du château, ce vignoble est idéal pour le Riesling. Ce Riesling sec est délicat, ciselé et de garde de 10 ans et plus. C’est une production très limitée, presque confidentielle…

</div>
</div>
<div class=""vc_empty_space""></div>
&nbsp;",publish,closed,closed,maison-trimbach-riesling-grand-cru-schlossberg-2015,2020-05-21 00:00:00,2020-05-21 00:00:00,"https://www.bottle-neck.fr/?post_type=product&#038;p=15241",product,,1.1149326678191755,0
4715,1,11.1,30.0,instock,15196,0.0,taxable,2,2018-04-18 00:00:00,2018-04-18 00:00:00,Domaine Schoenheitz Pinot Blanc Val Saint Grégoire 2017,"Jaune paille avec de légers reflets dorés. Bouquet intense évoquant les fleurs blanches et jaunes ainsi que la pêche blanche et les fruits frais.  Entrée soyeuse suivie d’une belle présence en bouche avec un fruité charmeur et une jolie fraîcheur. Ce Pinot Blanc à la fois frais et fruité, est un excellent vin d’un accès facile pour tous les palais, invitant vraiment à la convivialité.",publish,closed,closed,domaine-schoenheitz-pinot-blanc-val-saint-gregoire-2017,2020-08-20 00:00:00,2020-08-20 00:00:00,"https://www.bottle-neck.fr/?post_type=product&#038;p=15196",product,,-0.7692460791248689,0
6615,1,32.8,8.0,instock,16071,0.0,taxable,2,2020-01-18 00:00:00,2020-01-18 00:00:00,Clos du Mont-Olivet Châteauneuf-du-Pape 2018,"Exceptionnelle à bien des égards, l’année 2017 a engendré des records climatiques qui se sont traduits par une récolte précoce et peu quantitative. Marquant à plus d’un fait, on retiendra surtout de ce millésime l’excellente qualité des vins produits. Des vins équilibrés, riches et dotés de jolis tanins veloutés.",publish,closed,closed,clos-du-mont-olivet-chateauneuf-du-pape-2018,2020-07-12 00:00:00,2020-07-12 00:00:00,"https://www.bottle-neck.fr/?post_type=product&#038;p=16071",product,,0.011034050811882244,0
6926,1,49.9,24.0,instock,15845,1.0,taxable,2,2020-04-26 00:00:00,2020-04-25 00:00:00,Château Jean Faure Saint-Emilion Grand Cru 2016,"Velouté, profond, racé, beaucoup de sève. Très belle fraîcheur de fruit, tanin fin et serré, allonge svelte, superbe.",publish,closed,closed,chateau-jean-faure-saint-emilion-grand-cru-2016,2020-07-21 00:00:00,2020-07-21 00:00:00,"https://www.bottle-neck.fr/?post_type=product&#038;p=15845",product,,0.6259091762459121,0
5697,1,29.9,1.0,instock,16094,0.0,taxable,2,2019-01-31 00:00:00,2019-01-31 00:00:00,Planeta Sicilia Noto Santa Cecilia 2016,"Un grand Sicilien, plein de fruits noirs et d'épices douces, de pelures d'orange et de bergamote. En bouche, le vin bénéficie d'une grande texture et de beaucoup de densité.",publish,closed,closed,planeta-sicilia-santa-cecilia-2016,2020-07-25 00:00:00,2020-07-25 00:00:00,"https://www.bottle-neck.fr/?post_type=product&#038;p=16094",product,,-0.09324301724418124,0
5809,1,17.9,0.0,outofstock,15080,0.0,taxable,2,2019-03-20 00:00:00,2019-03-20 00:00:00,Château Tour De Pez Saint-Estèphe Les Hauts de Pez 2016,"<p class=""first"">Ce vin est issu des vignes plantées sur un sol argilo-calcaire : terroir de prédilection des vins colorés et fruités. Le régisseur du Château Tour de Pez et toute son équipe apportent les soins nécessaires à la vigne et au chai pour élaborer un vin friand et plaisant à souhait. Les Hauts de Pez est un vin facile d'accès qui correspond aux attentes de nombreux consommateurs.</p>",publish,closed,closed,saint-estephe-hauts-de-pez-2016,2020-04-26 00:00:00,2020-04-26 00:00:00,"https://www.bottle-neck.fr/?post_type=product&#038;p=15080",product,,-0.5247343333382373,0
4357,1,39.0,0.0,outofstock,9562,0.0,taxable,2,2018-03-02 00:00:00,2018-03-02 00:00:00,Champagne Larmandier-Bernier Latitude,"La cuvée Latitude est très équilibrée entre fraîcheur et fruité, enrichie d’une petite touche vineuse. C’est un champagne idéal pour l’apéritif. Ce 100% Chardonnay élaboré à partir de raisins cultivés sur des terroirs classés premier cru s’appuie sur un assemblage de plusieurs années afin d’asseoir le style maison. Les vins de l’année sont vinifiés en cuve, puis élevés sur lies avant d’être assemblés avec des vins de réserve conservés en fûts et en foudres de chêne. Les bouteilles patientent ensuite 2 à 3 ans dans la fraîcheur des caves de la maison pour parfaire leurs arômes. Le Latitude reçoit un dosage extrêmement faible de 4g/L (Extra Brut) grâce l’excellente maturité et à la belle intensité. Une cuvée qui atteint un équilibre parfait entre fruité et vivacité.",publish,closed,closed,champagne-larmandier-bernier-latitude,2018-12-29 00:00:00,2018-12-29 00:00:00,"https://www.bottle-neck.fr/?post_type=product&#038;p=9562",product,,0.2339712307938113,0
4995,1,78.0,0.0,outofstock,14509,0.0,taxable,2,2018-07-12 00:00:00,2018-07-12 00:00:00,Domaine Peyre Rose Oro Blanc 2002,"Unique dans son style, sans renier une pointe oxydative complexe, blanc très long, incroyablement long, qui a su jouer avec la finesse possible de ce millésime. De magnifiques fruits jaunes mûrs mais sans excès. Très racé.",publish,closed,closed,domaine-peyre-rose-oro-2002,2020-06-06 00:00:00,2020-06-06 00:00:00,"https://www.bottle-neck.fr/?post_type=product&#038;p=14509",product,,1.6363180080994932,0
6620,1,51.0,2.0,instock,16046,0.0,taxable,2,2020-01-18 00:00:00,2020-01-18 00:00:00,Domaine de La Tour Du Bon Bandol Rouge Saint Ferréol 2005,"Cette cuvée est née en 1987 d’un désir d’isoler les plus beaux Mourvédre du Domaine. Quelque peu spirituel par son nom, parfois impénétrable par sa robe, le Saint Ferréol rend hommage à ce cépage à la fois omniprésent et si difficile à cerner. Introspectif, rigoureux, droit, sa bouche épicée, poivrée laisse une empreinte minérale rappelant nos grès. Le tabac, la truffe, le lys se mêlent à de belles notes acidulées. L’apport du Carignan ouvre le vin, le rend plus brillant dans sa ténébreuse retraite.",publish,closed,closed,domaine-de-la-tour-du-bon-bandol-rouge-saint-ferreol-2005,2020-08-12 00:00:00,2020-08-12 00:00:00,"https://www.bottle-neck.fr/?post_type=product&#038;p=16046",product,,0.6654625468878673,0
4604,1,49.0,9.0,instock,15660,1.0,taxable,2,2018-04-14 00:00:00,2018-04-14 00:00:00,Catherine et Claude Maréchal Pommard La Chanière 2016,"Ce Pommard a une robe d’un beau rubis, typique du pinot noir. Au nez, elle livre des arômes de cerises et de petits fruits rouges, avec une touche épicée. En bouche, nous avons de la longueur et de la persistance, pour définir un vin qui est solide et tannique.",publish,closed,closed,catherine-et-claude-marechal-pommard-la-chaniere-2016,2020-08-22 00:00:00,2020-08-22 00:00:00,"https://www.bottle-neck.fr/?post_type=product&#038;p=15660",product,,0.593547327538858,0
4098,1,22.1,22.0,instock,15378,1.0,taxable,2,2018-02-13 00:00:00,2018-02-13 00:00:00,Paul Ginglinger Pinot Noir Les Rocailles 2016,"Les Rocailles provient d’une parcelle du lieu-dit Mittlerer Eich, au cœur du Grand Cru Eichberg. Le pinot noir qui en résulte est un rouge de grande concentration, intensément coloré. Le bouquet est centré sur des notes de fruits noirs. La structure imposante s’appuie sur une assise tannique généreuse ; ces tanins, fins et serrés, sont idéalement enrobés par la matière.",publish,closed,closed,paul-ginglinger-pinot-noir-les-rocailles-2016,2020-08-26 00:00:00,2020-08-26 00:00:00,"https://www.bottle-neck.fr/?post_type=product&#038;p=15378",product,,-0.37371237270531754,0
5608,1,30.5,20.0,instock,15944,2.0,taxable,2,2019-01-16 00:00:00,2019-01-16 00:00:00,Domaine Weinbach Gewurztraminer Cuvée Théo 2018,"Ce joli Gewurztraminer se révèle subtil et complexe au nez, dominé par de beaux arômes de roses, mêlés à des notes d’agrumes et d’épices. L'attaque en bouche est dense, pourvue d'une belle matière et d'une structure bien équilibrée, dans une finale pure et élégante, sans aucune lourdeur.",publish,closed,closed,weinbach-gewurztraminer-theo-2018,2020-08-06 00:00:00,2020-08-06 00:00:00,"https://www.bottle-neck.fr/?post_type=product&#038;p=15944",product,,-0.07166845143947839,0
4619,1,59.0,5.0,instock,11049,0.0,taxable,2,2018-04-14 00:00:00,2018-04-14 00:00:00,Alphonse Mellot Sancerre Rouge En Grands Champs 2012,"Superbe robe carmin profond. Un très grand terroir situé sur les kimméridgiens au sommet de la Moussière où une poche de calcaire de Buzançais lui confère un caractère à grains denses et fins. La mûre, la griotte et le poivre rose se fondent dans des tanins soyeux et de grande garde.",publish,closed,closed,alphonse-mellot-sancerre-rouge-en-grands-champs-2012,2020-01-31 00:00:00,2020-01-31 00:00:00,"https://www.bottle-neck.fr/?post_type=product&#038;p=11049",product,,0.9531234242839046,0
4187,1,13.3,90.0,instock,16189,42.0,taxable,2,2018-02-15 00:00:00,2018-02-15 00:00:00,Le Pas de l'Escalette Languedoc Les Petits Pas 2019,"Vin de gourmandise et de fraîcheur. Bouche très croquante, des tanins fins, une finale sur beaucoup de fruit et de rondeur. Un vrai vin de plaisir et un vrai coup de coeur!",publish,closed,closed,le-pas-de-lescalette-languedoc-petits-pas-2019,2020-08-27 00:00:00,2020-08-27 00:00:00,"https://www.bottle-neck.fr/?post_type=product&#038;p=16189",product,,-0.6901393378409586,0
5705,1,19.8,9.0,instock,15360,2.0,taxable,2,2019-02-01 00:00:00,2019-02-01 00:00:00,Domaine Huet Vouvray Pétillant Brut 2014,"Un Pétillant élégant, produit de la rencontre entre la mosaïque de nos trois terroirs et le dynamisme du millésime 2014. D’une couleur jaune pâle, sa robe révèle une belle brillance. Un vif parfum de jasmin et de chèvrefeuille émane du verre. Il s'en dégage des notes subtiles de fraise, de citron et de pâte d'amande. Portée par de fines bulles, la bouche est complexe et élégante avec une touche de pierre à fusil et de craie",publish,closed,closed,domaine-huet-vouvray-petillant-2014,2020-08-20 00:00:00,2020-08-20 00:00:00,"https://www.bottle-neck.fr/?post_type=product&#038;p=15360",product,,-0.4564148749566783,0
6049,1,21.8,6.0,instock,14899,3.0,taxable,2,2019-05-08 00:00:00,2019-05-08 00:00:00,Christophe Pichon Saint-Joseph Blanc 2017,"Le Saint Joseph du Domaine Pichon : un vin blanc jaune clair et brillant constitué de l’encépagement Marsanne à 100%. Au nez, une très belle fraîcheur s’installe sur des notes toastées, le tout accompagné de nuances d’agrumes et de thé. En bouche, place à une bonne structure équilibrée, reflet de son terroir sur des tonalités florales et mielleuse.",publish,closed,closed,christophe-pichon-saint-joseph-blanc-2017,2020-04-03 00:00:00,2020-04-03 00:00:00,"https://www.bottle-neck.fr/?post_type=product&#038;p=14899",product,,-0.38449965560766897,0
4056,1,12.7,0.0,outofstock,16029,10.0,taxable,2,2018-02-12 00:00:00,2018-02-12 00:00:00,Clos du Mont-Olivet Côtes-du-Rhône Vieilles Vignes 2018,"Assemblage à forte majorité de Grenache complété par du Carignan  et de la Syrah, il tire sa force des deux lieux-dits dont les raisins sont issus. Il doit beaucoup à la personnalité du Carignan qui lui confère une trame tannique affirmée, tempérée par le gras, la gourmandise et les épices douces du Grenache.",publish,closed,closed,clos-du-mont-olivet-cotes-du-rhone-vieilles-vignes-2018,2020-08-01 00:00:00,2020-08-01 00:00:00,"https://www.bottle-neck.fr/?post_type=product&#038;p=16029",product,,-0.7117139036456614,0
4208,1,7.6,578.0,instock,16024,16.0,taxable,2,2018-02-16 00:00:00,2018-02-16 00:00:00,Domaine Montrose Côtes de Thongue Rosé 2019,"Un joli nez de petits fruits rouges, d'agrumes. Une bouche tout en finesse, équilibrée, alliant rondeur et vivacité. C'est un vin de plaisir, élégant et frais.",publish,closed,closed,domaine-montrose-cotes-de-thongue-rose-2019,2020-08-28 00:00:00,2020-08-28 00:00:00,"https://www.bottle-neck.fr/?post_type=product&#038;p=16024",product,,-0.8950977129856352,0
4940,1,20.5,44.0,instock,15337,2.0,taxable,2,2018-05-18 00:00:00,2018-05-17 00:00:00,Oratoire Saint Martin Cairanne Blanc Haut-Coustias 2017,"Dans sa version blanc, le Cairanne Haut Coustias se pare d’une robe jaune pâle, avec une belle intensité aromatique au nez, sur des arômes de poire, de coing, de fleurs blanches. La bouche est grasse et longue, dévoilant de jolies saveurs d'amande grillée, avec beaucoup d'élégance.",publish,closed,closed,oratoire-saint-martin-cairanne-blanc-haut-coustias-2017,2020-08-14 00:00:00,2020-08-14 00:00:00,"https://www.bottle-neck.fr/?post_type=product&#038;p=15337",product,,-0.43124454818452507,0
4052,1,33.7,35.0,instock,16030,6.0,taxable,2,2018-02-12 00:00:00,2018-02-12 00:00:00,Clos du Mont-Olivet Châteauneuf-du-Pape Blanc 2019,"Ce Châteauneuf-du-Pape blanc offre une robe pâle mais un nez intense sur les herbes méridionales. Sa bouche saline et vive se montre épurée mais sans manquer de chair ni de maturité, livrant une sensation minérale sur la fin de bouche.",publish,closed,closed,mont-olivet-chateauneuf-pape-blanc-2019,2020-08-03 00:00:00,2020-08-03 00:00:00,"https://www.bottle-neck.fr/?post_type=product&#038;p=16030",product,,0.043395899518936645,0
4253,1,59.6,15.0,instock,6616,0.0,taxable,2,2018-02-21 00:00:00,2018-02-21 00:00:00,Domaine Huet Vouvray Le Clos du Bourg Moelleux Première Trie 2008,"D’une robe claire et brillante, les larmes de ce moelleux sont grasses et onctueuses, révélant une belle sucrosité. Son bouquet de cire, de laine et de foin est caractéristique du Chenin. La texture en bouche est dense, des saveurs primaires de fruits juteux et de Granny Smith dominent.",publish,closed,closed,domaine-huet-vouvray-le-clos-du-bourg-moelleux-1ere-trie-2008,2020-07-25 00:00:00,2020-07-25 00:00:00,"https://www.bottle-neck.fr/?post_type=product&#038;p=6616",product,,0.9746979900886075,0
4220,1,11.6,66.0,instock,15758,12.0,taxable,2,2018-02-16 00:00:00,2018-02-16 00:00:00,Xavier Frissant Touraine Amboise Chenin Les Pierres 2018,"Un Touraine Amboise fin et élégant, un joli chenin qui exprime des petits fruits compotés, ainsi qu'une belle fraîcheur minérale.",publish,closed,closed,frissant-chenin-pierres-2018,2020-08-27 00:00:00,2020-08-27 00:00:00,"https://www.bottle-neck.fr/?post_type=product&#038;p=15758",product,,-0.7512672742876165,0
6920,1,50.5,1.0,instock,15740,0.0,taxable,2,2020-04-26 00:00:00,2020-04-25 00:00:00,Château Jean Faure Saint-Emilion Grand Cru 2015,"Une réussite absolue, jamais les cabernets ont autant « parlé » sur ce magnifique terroir. Olivier Decelle récolte les fruits de ses efforts sans relâche, et de ses intuitions, pour hisser le cru au sommet du plateau. Un vin racé, vertical, plein de fraîcheur et d’un fruité bluffant.",publish,closed,closed,jean-faure-saint-emilion-grand-cru-2015,2020-08-27 00:00:00,2020-08-27 00:00:00,"https://www.bottle-neck.fr/?post_type=product&#038;p=15740",product,,0.647483742050615,0
5950,1,46.0,0.0,outofstock,15432,5.0,taxable,2,2019-04-17 00:00:00,2019-04-17 00:00:00,Domaine de Vaccelli AOP Ajaccio Rouge Granit 2016,Ce Granit rouge dévoile une robe rouge sombre et intense. Des arômes de fruits noirs se mêlent aux parfums de maquis corse dans un tourbillon délicieux qui transportent au cœur de cette vallée de Taravo entre ciel et mer. Le terroir granitique sur lequel les vignes de Sciaccarellu ont pris racine se révèle avec splendeur en délivrant une finesse admirable.,publish,closed,closed,domaine-de-vaccelli-ajaccio-rouge-granit-2016,2020-07-12 00:00:00,2020-07-12 00:00:00,"https://www.bottle-neck.fr/?post_type=product&#038;p=15432",product,,0.48567449851534394,0
4168,1,18.2,50.0,instock,15784,12.0,taxable,2,2018-02-15 00:00:00,2018-02-15 00:00:00,Ollieux Romanis Corbières Blanc Cuvée Prestige 2018,Un nez riche et puissant avec un nez de fleurs blanches et de fruits exotiques. La bouche se traduit par une belle amplitude tout en conservant une belle fraîcheur. Un vin de gastronomie surprenant par la diversité des ses accords.,publish,closed,closed,ollieux-romanis-corbieres-cuvee-prestige-blanc-2018,2020-08-21 00:00:00,2020-08-21 00:00:00,"https://www.bottle-neck.fr/?post_type=product&#038;p=15784",product,,-0.5139470504358858,0
4704,1,18.2,0.0,outofstock,15004,3.0,taxable,2,2018-04-18 00:00:00,2018-04-18 00:00:00,Albert Mann Gewurztraminer 2017,"Un nez floral assez intense sur des arômes de roses et de violettes. On y retrouve également des notes de fruits exotiques, de miel et d'épices. La bouche est charpentée sur un bel équilibre entre la puissance et la finesse, qui amène une jolie finale sur les épices.",publish,closed,closed,albert-mann-gewurztraminer-2017,2019-12-23 00:00:00,2019-12-23 00:00:00,"https://www.bottle-neck.fr/?post_type=product&#038;p=15004",product,,-0.5139470504358858,0
4782,1,9.8,22.0,instock,16564,3.0,taxable,2,2018-04-20 00:00:00,2018-04-19 00:00:00,Paul Ginglinger Pinot Blanc 2017,"Issu d'un assemblage complexe entre différentes parcelles, c'est un vin très charmeur. Le bouquet mêle à la fois; la poire, le citron, la vanille et les fleurs blanches. L'attaque en bouche est croquante avec une belle fraîcheur.",publish,closed,closed,paul-ginglinger-pinot-blanc-2017,2020-08-28 00:00:00,2020-08-28 00:00:00,"https://www.bottle-neck.fr/?post_type=product&#038;p=16564",product,,-0.815990971701725,0
4099,1,12.8,43.0,instock,15813,0.0,taxable,2,2018-02-13 00:00:00,2018-02-13 00:00:00,Paul Ginglinger Riesling Drei Exa 2018,"Drei Exa fait référence à son village d'origine, Eguisheim (Exa) et aux trois châteaux qui surplombent le village. C'est un assemblage de très belles parcelles à dominante calcaro-gréseuse jouxtant le Grand Cru Pfersigberg. Il se caractérise avant tout par sa finesse et son élégance. Le bouquet offre un fruité délicat qui s’affirme avec l’âge. L’équilibre en bouche est longiligne, caractéristique des grands terroirs à dominante calcaire.",publish,closed,closed,paul-ginglinger-riesling-drei-exa-2018,2020-08-28 00:00:00,2020-08-28 00:00:00,"https://www.bottle-neck.fr/?post_type=product&#038;p=15813",product,,-0.7081181426782109,0
5694,1,12.7,62.0,instock,14661,5.0,taxable,2,2019-01-31 00:00:00,2019-01-31 00:00:00,Philippe Nusswitz Duché d'Uzès Orénia Rouge Réserve 2016,"<div id=""wrapper"">
<div id=""container-wrapper"">
<div id=""content-wrapper"">
<div class=""contenu""><section id=""vue"">
<div class=""wysiwyg"">

La richesse du millésime se retrouve dans ce vin puissant et élégant. Les notes finement boisées et très épicées apportent de la fraîcheur.

</div>
</section></div>
</div>
</div>
</div>
<footer>
<div id=""footer-wrapper"">
<div id=""footer-container""></div>
</div>
</footer>",publish,closed,closed,philippe-nusswitz-duche-uzes-orenia-rouge-reserve-2016,2020-08-23 00:00:00,2020-08-23 00:00:00,"https://www.bottle-neck.fr/?post_type=product&#038;p=14661",product,,-0.7117139036456614,0
4678,1,29.8,30.0,instock,15281,0.0,taxable,2,2018-04-18 00:00:00,2018-04-18 00:00:00,Domaine Rotier Gaillac Rouge L'Ame 2016,"D'une couleur pourpre sombre, ce vin offre dans sa jeunesse des arômes de fruits rouges et noirs, soutenus par des notes poivrées. La bouche est fruitée, fraîche et soyeuse, et se termine sur une très longue finale.",publish,closed,closed,domaine-rotier-gaillac-rouge-lame-2016,2020-01-05 00:00:00,2020-01-05 00:00:00,"https://www.bottle-neck.fr/?post_type=product&#038;p=15281",product,,-0.09683877821163163,0
6108,1,46.0,0.0,outofstock,14797,0.0,taxable,2,2019-06-08 00:00:00,2019-06-08 00:00:00,Gilles Robin Cornas 2016,"Le Cornas 2016 du Domaine Gilles Robin dévoile de beaux arômes de fruits noirs et d'épices. Le vin est puissant et riche, et s'ouvrira au fil des années. Un très grand vin de garde.",publish,closed,closed,gilles-robin-cornas-2016,2020-08-28 00:00:00,2020-08-28 00:00:00,"https://www.bottle-neck.fr/?post_type=product&#038;p=14797",product,,0.48567449851534394,0
4334,1,49.0,0.0,outofstock,7818,96.0,taxable,2,2018-03-02 00:00:00,2018-03-02 00:00:00,Champagne Gosset Grand Blanc de Blancs,"La bulle fine et presente se dirige vers la surface avec legerete. La robe est d’une nuance doree assez pale. Le nez a la fois mineral et floral revele des aromes de fleurs, de fruits blancs, d’abricot, de mirabelles, et, en touches tres legeres, des notes de citron jaune acidule, d’agrumes, de pate de coing, de miel doux et d’anis. <span style=""font-size: 16px"">En bouche, on est seduit par l’expression iodee et saline propre au terroir champenois. Les fleurs blanches se melent a des fragrances legerement toastees. Touche soyeux et palais harmonieux pour ce champagne vif et structure.</span>

<a id=""eztoc429_0_2"" name=""eztoc429_0_2""></a>",publish,closed,closed,champagne-gosset-grand-blanc-de-blanc,2020-08-13 00:00:00,2020-08-13 00:00:00,"https://www.bottle-neck.fr/?post_type=product&#038;p=7818",product,,0.593547327538858,0
4740,1,9.7,8.0,instock,13412,0.0,taxable,2,2018-04-19 00:00:00,2018-04-19 00:00:00,Jean-Paul Brun Beaujolais L'Ancien 2016,"L'Ancien est une cuvée vinifiée selon la méthode traditionnelle bourguignonne, afin d'obtenir un vin sur des arômes de petits fruits rouges bien mûrs, voire cuits, des tanins doux, et beaucoup d'harmonie avec un alcool léger... Un vin comme autrefois !",publish,closed,closed,jean-paul-brun-beaujolais-lancien-2016,2020-07-10 00:00:00,2020-07-10 00:00:00,"https://www.bottle-neck.fr/?post_type=product&#038;p=13412",product,,-0.8195867326691755,0
5766,1,35.6,30.0,instock,15179,0.0,taxable,2,2019-03-14 00:00:00,2019-03-14 00:00:00,Camille Giroud Auxey-Duresses Blanc 2017,"<div>Ce vin provient de vignes de 2 parcelles âgées d’environ 40 ans situées aux lieux-dits Les Hautées et La Macabrée et touchant le village de Meursault. Exposées au nord-est et à une altitude de 280 à 300 mètres, elles reposent sur des sols bruns calcaires de 40 à 60 centimètres d’épaisseur, riches en pierres, résultant de l’altération des Calcaires de Dijon-Corton (ou Grenu) et des Calcaires de Ladoix (ou Dalle Nacrée).</div>
<div class=""pw-hidden-cp""></div>
&nbsp;",publish,closed,closed,camille-giroud-auxey-duresses-blc-2017,2020-08-22 00:00:00,2020-08-22 00:00:00,"https://www.bottle-neck.fr/?post_type=product&#038;p=15179",product,,0.11171535790049547,0
4254,1,26.9,0.0,outofstock,12203,0.0,taxable,2,2018-02-21 00:00:00,2018-02-21 00:00:00,Domaine Huet Vouvray Haut-Lieu Demi-Sec 2015,"<div class=""degust"">
<div class=""alignleft texte"">

Nez légèrement citronné sur l’amande fraîche. Belle onctuosité en bouche, notes de caramel blond et de fruits exotiques compotés. Très belle maturité.

</div>
</div>",publish,closed,closed,domaine-huet-vouvray-haut-lieu-demi-sec-2015,2018-02-21 00:00:00,2018-02-21 00:00:00,"https://www.bottle-neck.fr/?post_type=product&#038;p=12203",product,,-0.20111584626769524,0
5930,1,14.1,66.0,instock,16323,1.0,taxable,2,2019-04-06 00:00:00,2019-04-06 00:00:00,Borie La Vitarèle Languedoc Blanc Le Grand Mayol 2019,"<div class=""row"">
<div class=""features-value col-xs-8 col-sm-8 col-md-9"">Le Grand Mayol, plantier en occitan, ce sont des terres fraîches exposées au nord, au fond de la combe, idéales pour un vin blanc. Clairette, Vermentino et Bouboulenc, trois cépages méditerranéens qui mûrissent tard et qui combinent acidité, faibles degrés et volume composent ce blanc minéral et racé. Une expression sudiste de la fraîcheur.</div>
</div>",publish,closed,closed,borie-la-vitarele-languedoc-blanc-grand-mayol-2019,2020-08-27 00:00:00,2020-08-27 00:00:00,"https://www.bottle-neck.fr/?post_type=product&#038;p=16323",product,,-0.6613732501013548,0
5063,1,67.0,0.0,outofstock,15715,0.0,taxable,2,2018-07-31 00:00:00,2018-07-31 00:00:00,Lucien Boillot Pommard 1er Cru Les Croix Noires 2017,Des notes de cassis et de brulat règnent sur ce Pommard qui brille en bouche par son caractère complet. La pulpe escorte une matière dense et minérale. Les tanins sont fermes mais bien enrobés.,publish,closed,closed,lucien-boillot-pommard-1er-cru-les-croix-noires-2017,2020-03-27 00:00:00,2020-03-27 00:00:00,"https://www.bottle-neck.fr/?post_type=product&#038;p=15715",product,,1.240784301679942,0
4263,1,15.8,50.0,instock,15664,0.0,taxable,2,2018-02-27 00:00:00,2018-02-27 00:00:00,Chermette Domaine du Vissoux Fleurie Poncié 2018,"Très représentative de l'appellation Fleurie, la reine des crus du Beaujolais, cette cuvée est empreinte du terroir de Poncié. Les tanins soyeux et les arômes floraux lui donnent une personnalité féminine, pleine de finesse et de suavité. C'est un vin de soif, au plaisir immédiat qui s'adapte à beaucoup de mets.",publish,closed,closed,chermette-domaine-du-vissoux-fleurie-poncie-2018,2020-08-08 00:00:00,2020-08-08 00:00:00,"https://www.bottle-neck.fr/?post_type=product&#038;p=15664",product,,-0.600245313654697,0
4598,1,41.8,61.0,instock,15478,1.0,taxable,2,2018-04-14 00:00:00,2018-04-13 00:00:00,Marc Colin Et Fils Saint-Aubin Blanc En Montceau 2017,"Le sol très calcaire de cette parcelle fait de ce vin l'un des plus minéral de Saint-Aubin . Au nez il révèle des arômes d'agrumes et de fruits à chair blanche. La bouche est précise, riche et élégante.",publish,closed,closed,marc-colin-et-fils-saint-aubin-en-montceau-2017,2020-08-28 00:00:00,2020-08-28 00:00:00,"https://www.bottle-neck.fr/?post_type=product&#038;p=15478",product,,0.3346525378824243,0
4179,1,24.0,73.0,instock,16166,7.0,taxable,2,2018-02-15 00:00:00,2018-02-15 00:00:00,Domaine de l'Hortus Pic Saint-Loup La Grande Cuvée 2018,"<div class=""row"">
<div class=""features-value col-xs-8 col-sm-8 col-md-9"">Intense et très complexe : fruits secs, réglisse, violette, vanille, poire, fruits rouges et une touche mentholée. Attaque pleine de richesse : des tanins soyeux, du volume et de la rondeur. Très belle finale, toute en complexité et en élégance, on retrouve tous les arômes ressentis au nez et quelle longueur !</div>
</div>",publish,closed,closed,hortus-pic-saint-loup-grande-cuvee-2018,2020-08-27 00:00:00,2020-08-27 00:00:00,"https://www.bottle-neck.fr/?post_type=product&#038;p=16166",product,,-0.3053929143237587,0
5484,1,21.6,0.0,outofstock,15756,1.0,taxable,2,2018-10-10 00:00:00,2018-10-10 00:00:00,David-Beaupère Juliénas Vayolette 2017,"Un Juliénas intense et profond. De beaux arômes de fruits noirs, violette et quelques notes fumées. On garde beaucoup de fraîcheur et de gourmandise.",publish,closed,closed,david-beaupere-julienas-vayolette-2017,2020-05-11 00:00:00,2020-05-11 00:00:00,"https://www.bottle-neck.fr/?post_type=product&#038;p=15756",product,,-0.3916911775425699,0
4210,1,79.8,0.0,outofstock,15720,0.0,taxable,2,2018-02-16 00:00:00,2018-02-16 00:00:00,Lucien Boillot Nuits-Saint-Georges 1er Cru Les Pruliers 2017,"Un nez très généreux, d'une complexité très intense. En bouche, la puissance et la structure sont au rendez-vous, tout en gardant une grande finesse. Un vin qui ne fera que s'améliorer sur les prochaines années.",publish,closed,closed,lucien-boillot-nuits-saint-georges-1ercru-pruliers-2017,2020-05-21 00:00:00,2020-05-21 00:00:00,"https://www.bottle-neck.fr/?post_type=product&#038;p=15720",product,,1.7010417055136016,0
5006,1,48.7,0.0,outofstock,15870,0.0,taxable,2,2018-07-17 00:00:00,2018-07-17 00:00:00,David Duband Nuits-Saint-Georges 2017,"Une robe élégante aux reflets roses et brillants. Un nez de fruits noirs et rouges avec une dominante de fraise et de poivre blanc. La bouche est riche, soutenue par des tanins bien présents. Un vin qui sort des stéréotypes de cette appellation.",publish,closed,closed,david-duband-nuits-saint-georges-2017,2020-07-01 00:00:00,2020-07-01 00:00:00,"https://www.bottle-neck.fr/?post_type=product&#038;p=15870",product,,0.5827600446365067,0
5773,1,32.8,18.0,instock,15264,3.0,taxable,2,2019-03-14 00:00:00,2019-03-14 00:00:00,Decelle-Villa Auxey-Duresses Blanc 2017,"C’est une rareté ! L’Auxey-Duresses blanc allie tension et gras dans une agréable sensation de fraîcheur. Collé à Meursault, pris en étau entre Monthelie et Saint-Romain, ce terroir calcaire s’étend en partie sur des coteaux qui prolongent naturellement la « côte des blancs ». C’est ici qu'est forgé ce blanc nerveux et généreux, aux notes miellées, de fleurs blanches et d’agrumes qui rappellent nettement les blancs de Meursault, avec une vivacité plus marquée.",publish,closed,closed,decelle-villa-auxey-blanc-2017,2020-04-29 00:00:00,2020-04-29 00:00:00,"https://www.bottle-neck.fr/?post_type=product&#038;p=15264",product,,0.011034050811882244,0
4609,1,11.8,237.0,instock,15145,0.0,taxable,2,2018-04-14 00:00:00,2018-04-14 00:00:00,François Bergeret Hautes Côtes de Beaune Rouge 2017,La robe est rouge rubis . Le nez est ouvert sur les petits fruits rouges caractéristiques des hautes côtes.  La bouche est longue avec une finale légèrement ferme.,publish,closed,closed,francois-bergeret-hautes-cotes-de-beaune-rouge-2017,2020-08-28 00:00:00,2020-08-28 00:00:00,"https://www.bottle-neck.fr/?post_type=product&#038;p=15145",product,,-0.7440757523527156,0
5764,1,12.9,84.0,instock,15818,12.0,taxable,2,2019-03-14 00:00:00,2019-03-14 00:00:00,Parcé Frères Collioure Rouge Petit Gus 2018,"<div>Un Collioure avec beaucoup de finesse, aux arômes de violette, de cassis et de belles épices. La bouche est souple et bénéficie d'une belle allonge.</div>
<div class=""pw-hidden-cp""></div>
&nbsp;",publish,closed,closed,parce-freres-collioure-rouge-petit-gus-2018,2020-08-28 00:00:00,2020-08-28 00:00:00,"https://www.bottle-neck.fr/?post_type=product&#038;p=15818",product,,-0.7045223817107605,0
6618,1,13.5,2.0,instock,15539,0.0,taxable,2,2020-01-18 00:00:00,2020-01-18 00:00:00,Clos du Mont-Olivet Vins de Pays du Gard Confluence 2017,"Issue de parcelles de très vieux Carignans (95%) pour la plupart datant de 1901 et de quelques Grenaches Noirs (5%), complantées principalement sur le Lieu-dit ""Le Clau"", au sol de sable mêlé d'argile, cette cuvée révèle toute l'expression de ce cépage, dans sa typicité, sa finesse et la générosité de ses arômes. La convergence d'un nouveau terroir, d'un savoir-faire et d'une passion ancestrale a donné naissance à cette cuvée.",publish,closed,closed,clos-du-mont-olivet-vins-de-pays-du-gard-confluence-2017,2020-08-12 00:00:00,2020-08-12 00:00:00,"https://www.bottle-neck.fr/?post_type=product&#038;p=15539",product,,-0.6829478159060577,0
4107,1,35.0,35.0,instock,14800,0.0,taxable,2,2018-02-13 00:00:00,2018-02-13 00:00:00,Emile Boeckel Pinot Noir Terres Rouges 2016,"Lieu-dit ‘Rotland’, fait partie du Zotzenberg situé sur la commune de Mittelbergheim, exposition Sud et Est. Elevage sous bois pendant 18 mois.",publish,closed,closed,emile-boeckel-pinot-noir-terres-rouges-2016,2020-08-22 00:00:00,2020-08-22 00:00:00,"https://www.bottle-neck.fr/?post_type=product&#038;p=14800",product,,0.09014079209579261,0
5580,1,83.7,18.0,instock,13982,0.0,taxable,2,2018-11-27 00:00:00,2018-11-27 00:00:00,Lucien Boillot Puligny-Montrachet 1er Cru Les Perrières 2016,"<span style=""float: none; background-color: transparent; color: #000000; font-family: 'avenir_lt_std65_medium'; font-size: 14px; font-style: normal; font-variant: normal; font-weight: 400; letter-spacing: normal; text-align: left; text-decoration: none; text-indent: 0px;"">Le nez est assez mûr, sur des notes de pêches jaunes, de beurre, de pignons de pain. La craie n'est pas très loin mais se manifeste surtout en bouche. Le vin prend alors toute sa dimension, les papilles se réveillent en sursaut et salivent devant la race incontestable du cru. L'acidité se combine aux notes minérales pour emmener la finale sur une touche fraîche et saline. </span>",publish,closed,closed,lucien-boillot-puligny-montrachet-1er-cru-les-perrieres-2016,2020-07-22 00:00:00,2020-07-22 00:00:00,"https://www.bottle-neck.fr/?post_type=product&#038;p=13982",product,,1.84127638324417,0
4783,1,29.5,5.0,instock,13754,0.0,taxable,2,2018-04-20 00:00:00,2018-04-19 00:00:00,Maurice Schoech Pinot Gris Vendanges Tardives 2015,"Vendangé en un seul passage, les raisins de Pinot Gris à la peau délicate sont propices au passerillage et récoltés dès la fin des vendanges. Au nez se dégagent des notes fumées et confites soulignées en bouche par une belle suavité et un équilibre parfait.",publish,closed,closed,maurice-schoech-pinot-gris-vendanges-tardives-2015,2020-07-28 00:00:00,2020-07-28 00:00:00,"https://www.bottle-neck.fr/?post_type=product&#038;p=13754",product,,-0.10762606111398305,0
5958,1,8.7,44.0,instock,15577,0.0,taxable,2,2019-04-18 00:00:00,2019-04-18 00:00:00,Domaine Labranche Laffont Madiran Tradition 2016,"Cette cuvée est issue des cépages Tannat, Cabernet Sauvignon et Cabernet Franc. Elle a bénéficié de toutes les attentions. Les travaux soignés permettent à la vigne d'obtenir des raisins concentrés et savoureux. Une vinification douce permet d'en extraire le meilleur. Ce Madiran présente un caractère affirmé et un fruité intense.",publish,closed,closed,labranche-laffont-madiran-tradition-2016,2020-07-28 00:00:00,2020-07-28 00:00:00,"https://www.bottle-neck.fr/?post_type=product&#038;p=15577",product,,-0.8555443423436802,0
5615,1,56.4,11.0,instock,15923,0.0,taxable,2,2019-01-16 00:00:00,2019-01-16 00:00:00,"Albert Boxler Pinot Gris Grand Cru Sommerberg ""W"" 2016","Le Pinot Gris Grand Cru Sommerberg W 2016, du lieu-dit Wiptal, s'ouvre sur un nez très mûr mais fin, précis et frais avec une touche de noblesse et de bacon grâce au nouveau foudre de chêne de 1600 litres où il a fermenté. Riche, intense et juteux, c'est un Pinot rond, corsé, finement structuré et élégant avec une finale longue et stimulante salée. Assez puissant en milieu de bouche, mais la finale est énergique et salée, pleine de potentiel.",publish,closed,closed,albert-boxler-pinot-gris-sommerberg-w-2016,2020-08-26 00:00:00,2020-08-26 00:00:00,"https://www.bottle-neck.fr/?post_type=product&#038;p=15923",product,,0.8596336391301924,0
4709,1,44.0,0.0,outofstock,10775,0.0,taxable,2,2018-04-18 00:00:00,2018-04-18 00:00:00,Albert Mann Pinot Gris Vendanges Tardives Altenbourg 2011,"Belle bouteille dotée d’une grande complexité aromatique. Le vin est fruité, marqué par des notes de fruits jaunes, pêche et abricot. Et il dévoile des arômes de vanille et de marzipan. La bouche est suave avec une fine acidité. Ce vin ne demande qu’à vieillir quelques années.",publish,closed,closed,albert-mann-pinot-gris-vendanges-tardives-altenbourg-2011,2018-12-22 00:00:00,2018-12-22 00:00:00,"https://www.bottle-neck.fr/?post_type=product&#038;p=10775",product,,0.4137592791663346,0
4147,1,33.0,7.0,instock,15648,3.0,taxable,2,2018-02-14 00:00:00,2018-02-14 00:00:00,Champagne Mailly Grand Cru Extra Brut Millésimé 2012,"L’or riche et profond de sa structure met tout particulièrement en évidence la finesse des bulles et la luminosité de ce champagne. Un nez d’aubépine, de pain bien cuit avec des arômes de noix, noisettes et amandes, annonce un vin de grande plénitude. Les arômes de torréfaction en bouche attisent les sensations d’agrumes et se marient parfaitement à la complexité des fruits secs jusqu’à des rappels cacaotés",publish,closed,closed,champagne-mailly-grand-cru-extra-brut-2012,2020-08-28 00:00:00,2020-08-28 00:00:00,"https://www.bottle-neck.fr/?post_type=product&#038;p=15648",product,,0.01822557274678328,0
4078,1,44.0,14.0,instock,13435,10.0,taxable,2,2018-02-13 00:00:00,2018-02-13 00:00:00,Domaine des Bosquets Gigondas La Colline 2015,"<div id=""wrapper"">
<div id=""container-wrapper"">
<div id=""content-wrapper"">
<div class=""contenu""><section id=""vue"">
<div class=""wysiwyg"">

Gagnée dans la roche, cette parcelle surplombe le domaine, et se dresse avec aplomb à la pointe des dentelles de Montmirail. Peuplé de vieilles vignes, ce parcellaire dévoile un Grenache tout en muscle, en relief, en intensité, grâce à ce merveilleux terroir d'altitude.

</div>
</section></div>
</div>
</div>
</div>
<footer>
<div id=""footer-wrapper"">
<div id=""footer-container""></div>
</div>
</footer>",publish,closed,closed,domaine-des-bosquets-gigondas-colline-2015,2020-07-12 00:00:00,2020-07-12 00:00:00,"https://www.bottle-neck.fr/?post_type=product&#038;p=13435",product,,0.4137592791663346,0
5795,1,23.0,18.0,instock,13291,0.0,taxable,2,2019-03-19 00:00:00,2019-03-19 00:00:00,Château de Chantegrive Graves Blanc Caroline 2016,"Ce vin possède une belle robe dorée ainsi qu'un nez élégant et intense de vanille, de beurre frais, de citron et d'amande grillée. En bouche, son attaque est bonne et porte sur le fruit, très beau boisé avec une finale de fruits exotiques et de menthe sauvage.",publish,closed,closed,chateau-de-chantegrive-caroline-blanc-2016,2020-07-29 00:00:00,2020-07-29 00:00:00,"https://www.bottle-neck.fr/?post_type=product&#038;p=13291",product,,-0.3413505239982634,0
4708,1,32.6,15.0,instock,14700,8.0,taxable,2,2018-04-18 00:00:00,2018-04-18 00:00:00,Albert Mann Pinot Gris Grand Cru Furstentum 2016,"Très belle bouteille qui possède un bon équilibre. Le vin est délicat et sensuel, marqué par des arômes de fleurs blanches.",publish,closed,closed,albert-mann-pinot-gris-grand-cru-furstentum-2016,2020-08-07 00:00:00,2020-08-07 00:00:00,"https://www.bottle-neck.fr/?post_type=product&#038;p=14700",product,,0.003842528876981463,0
4066,1,20.8,65.0,instock,15967,20.0,taxable,2,2018-02-13 00:00:00,2018-02-13 00:00:00,Oratoire Saint Martin Cairanne Rouge Haut Coustias 2016,"Il s'impose par une matière pulpeuse, soyeuse, offre le doux parfum d'un fruit longuement mûri. Un vin caressant, aux tanins souples et mûrs, qu'il faudra aérer longuement avant dégustation.",publish,closed,closed,oratoire-saint-martin-cairanne-haut-coustias-2016,2020-08-15 00:00:00,2020-08-15 00:00:00,"https://www.bottle-neck.fr/?post_type=product&#038;p=15967",product,,-0.42045726528217364,0
4063,1,14.5,10.0,instock,16319,3.0,taxable,2,2018-02-13 00:00:00,2018-02-12 00:00:00,Mourgues du Grès Costières de Nîmes Terre de Feu 2017,"Belle générosité de fruits avec des tanins soyeux, élégants et serrés. Jolies notes mentholées et chocolatées.",publish,closed,closed,mourgues-du-gres-terres-feu-2017,2020-08-21 00:00:00,2020-08-21 00:00:00,"https://www.bottle-neck.fr/?post_type=product&#038;p=16319",product,,-0.646990206231553,0
3850,1,20.8,0.0,outofstock,15300,0.0,taxable,2,2018-02-09 00:00:00,2018-02-09 00:00:00,Pierre Jean Villa Crozes-Hermitage Accroche Coeur 2018,"Dentelle de fruit de jeunes syrah, aux tanins légers et épicés. Hyper digeste. Un délice.",publish,closed,closed,pierre-jean-villa-croze-hermitage-accroche-coeur-2018,2020-06-27 00:00:00,2020-06-27 00:00:00,"https://www.bottle-neck.fr/?post_type=product&#038;p=15300",product,,-0.42045726528217364,0
4170,1,9.0,58.0,instock,15786,4.0,taxable,2,2018-02-15 00:00:00,2018-02-15 00:00:00,Ollieux Romanis Corbières Classique 2018,"Un petit vin chaleureux et ensoleillé exprimant de petits fruits sauvages comme la framboise et le cassis. Une bouche généreuse, complexe, joliment charpentée et aboutissant sur une finale aussi délicate que fraîche.",publish,closed,closed,ollieux-romanis-corbieres-classique-2018,2020-08-12 00:00:00,2020-08-12 00:00:00,"https://www.bottle-neck.fr/?post_type=product&#038;p=15786",product,,-0.8447570594413287,0
6626,1,33.2,1.0,instock,15790,0.0,taxable,2,2020-01-23 00:00:00,2020-01-23 00:00:00,Weingut Besson-Strasser Zürich Räuschling 2018,"Cépage rare, cultivé uniquement en Suisse-allemande, le Räuschling offre ici u<span title="""">n bouquet d'herbes du jardin, des notes de silex,  fruitées et florales et de fleurs d'acacia.</span> <span title="""">La bouche est vive et animée,  fraîche et équilibrée avec une interaction intéressante entre race et onctuosité.</span> <span title="""">Un vin élégant avec un bon potentiel de garde.</span>",publish,closed,closed,weingut-besson-strasser-zurich-rauschling-2018,2020-05-18 00:00:00,2020-05-18 00:00:00,"https://www.bottle-neck.fr/?post_type=product&#038;p=15790",product,,0.025417094681684314,0
5900,1,18.25,0.0,outofstock,12869,0.0,taxable,2,2019-03-29 00:00:00,2019-03-29 00:00:00,Stéphane Tissot Arbois D.D. 2016,"Un Vin coloré et éclatant. Le nez est fruité, aux arômes de griotte et de prunelle, accompagné d'épices douces. La bouche est pure et fruitée, disposant beaux tanins souples et élégants.",publish,closed,closed,stephane-tissot-arbois-dd-2016,2019-12-14 00:00:00,2019-12-14 00:00:00,"https://www.bottle-neck.fr/?post_type=product&#038;p=12869",product,,-0.5121491699521605,0
4155,1,14.5,70.0,instock,14944,3.0,taxable,2,2018-02-14 00:00:00,2018-02-14 00:00:00,Elian Daros Côtes du Marmandais Le Vignoble d'Elian 2016,Le nez est charmeur sur des notes de fruits noirs bien murs et de réglisse.La bouche est longue sur des notes fruitées et épicées .,publish,closed,closed,elian-daros-cotes-du-marmandais-vignoble-elian-2016,2020-08-08 00:00:00,2020-08-08 00:00:00,"https://www.bottle-neck.fr/?post_type=product&#038;p=14944",product,,-0.646990206231553,0
4102,1,16.3,16.0,instock,15767,1.0,taxable,2,2018-02-13 00:00:00,2018-02-13 00:00:00,Emile Boeckel Sylvaner Grand Cru Zotzenberg 2017,"Unique terroir où le Sylvaner peut être classé Grand Cru. Un nez d’agrumes et de fruits mûrs. En bouche c’est un vin qui allie richesse et finesse : puissant, ample et gras à l’attaque, équilibré et vif en finale.",publish,closed,closed,emile-boeckel-sylvaner-grand-cru-zotzenberg-2017,2020-08-26 00:00:00,2020-08-26 00:00:00,"https://www.bottle-neck.fr/?post_type=product&#038;p=15767",product,,-0.5822665088174447,0
5375,1,15.2,0.0,outofstock,15755,1.0,taxable,2,2018-09-01 00:00:00,2018-09-01 00:00:00,David-Beaupère Juliénas Les Trois Verres 2018,"Structuré et légèrement tanique, complexe en bouche… C'est le compagnon idéal de vos apéros et grillades. Terroir sableux et limoneux de colluvions. Vinification sans intrants, non collé non filtré. Léger sulfitage à la mise en bouteille. Jeune vigneron talentueux du Beaujolais, le domaine est travaillé en bio.",publish,closed,closed,david-beaupere-julienas-2018,2020-03-11 00:00:00,2020-03-11 00:00:00,"https://www.bottle-neck.fr/?post_type=product&#038;p=15755",product,,-0.6218198794593999,0
4281,1,11.6,4.0,instock,16330,0.0,taxable,2,2018-03-01 00:00:00,2018-03-01 00:00:00,Château de Cazeneuve Val de Montferrand Rouge Caza Sorix 2019,"La nouvelle cuvée du Château de Cazeneuve produite à partir de vignes exploitées sur la commune voisine de Claret. Sangiovese, Merlot et Carignan : assemblage détonnant pour une cuvée fraîche, très aromatique (fruits rouges, groseille, réglisse, grenadine) et une structure souple et légère.",publish,closed,closed,chateau-de-cazeneuve-val-montferrand-caza-sorix-2019,2020-07-31 00:00:00,2020-07-31 00:00:00,"https://www.bottle-neck.fr/?post_type=product&#038;p=16330",product,,-0.7512672742876165,0
6035,1,17.9,21.0,instock,15342,1.0,taxable,2,2019-04-25 00:00:00,2019-04-25 00:00:00,Zind-Humbrecht Muscat Turckheim 2016,"Le nez est délicat, déjà bien ouvert, dévoilant des arômes mentholés, fleurs blanches. Le cépage est bien présent mais sans excès, il transmet bien la chaleur et la légèreté du terroir. Le palais est frais, élégant, très sec et bien en équilibre avec une acidité facile, qui n’accroche pas. De puissance moyenne, la finale est pure, le vin laisse une sensation de légèreté et procure beaucoup de plaisir. Facile de premier abord, il sera persistant et s’affirmera avec un peu d’ouverture.",publish,closed,closed,zind-humbrecht-muscat-turckheim-2016,2020-07-29 00:00:00,2020-07-29 00:00:00,"https://www.bottle-neck.fr/?post_type=product&#038;p=15342",product,,-0.5247343333382373,0
6050,1,38.5,0.0,outofstock,15134,0.0,taxable,2,2019-05-08 00:00:00,2019-05-08 00:00:00,Christophe Pichon Condrieu 2017,"<span style=""float: none;background-color: transparent;color: #3a3838;font-family: 'Work Sans',sans-serif;font-size: 15px;font-style: normal;font-variant: normal;font-weight: 400;letter-spacing: normal;line-height: 18px;text-align: left;text-decoration: none;text-indent: 0px"">La robe d'un doré brillant laisse place à un nez très expressif qui dégage des notes de mirabelle, de prune et d'abricot sec. La bouche est juteuse, gourmande et ample tout en en gardant une belle acidité qui lui offre un équilibre parfait. La finale mêlant abricot et miel d'acacia est admirable !</span>",publish,closed,closed,christophe-pichon-saint-condrieu-2017,2019-09-23 00:00:00,2019-09-23 00:00:00,"https://www.bottle-neck.fr/?post_type=product&#038;p=15134",product,,0.21599242595655896,0
4048,1,22.8,22.0,instock,16044,7.0,taxable,2,2018-02-12 00:00:00,2018-02-12 00:00:00,Pierre Gaillard Saint-Joseph Rouge Clos de Cuminaille 2018,"D'une belle intensité, Clos de Cuminaille a de la profondeur et des tanins soyeux mais aussi beaucoup de fruit. Un régal!",publish,closed,closed,pierre-gaillard-saint-joseph-cuminaille-2018,2020-08-15 00:00:00,2020-08-15 00:00:00,"https://www.bottle-neck.fr/?post_type=product&#038;p=16044",product,,-0.3485420459331643,0
4675,1,10.7,35.0,instock,13762,0.0,taxable,2,2018-04-18 00:00:00,2018-04-18 00:00:00,Domaine Rotier Gaillac Blanc Sec Renaissance 2015,"Ce vin présente dans sa jeunesse des senteurs de fruits à chair blanche (pêche, poire) et d'agrumes (pamplemousse), rehaussées d'une légère touche vanillée. En bouche, il est ample et bien équilibré et l'on retrouve les mêmes arômes ainsi qu'une pointe anisée.",publish,closed,closed,domaine-rotier-gaillac-blanc-sec-renaissance-2015,2020-06-27 00:00:00,2020-06-27 00:00:00,"https://www.bottle-neck.fr/?post_type=product&#038;p=13762",product,,-0.7836291229946708,0
5736,1,14.9,10.0,instock,15116,5.0,taxable,2,2019-02-16 00:00:00,2019-02-16 00:00:00,Triennes IGP Méditerranée Blanc Sainte Fleur 2018,"<div id=""wrapper"">
<div id=""container-wrapper"">
<div id=""content-wrapper"">
<div class=""contenu""><section id=""vue"">
<div class=""wysiwyg"">

Nez intense d'abricot, de chèvrefeuille, de fleurs blanches et de miel de lavande. Arômes de pêche et intensité remarquable. Equilibre dynamique entre richesse aromatique, acidité et minéralité.

</div>
</section></div>
</div>
</div>
</div>
<footer>
<div id=""footer-wrapper"">
<div id=""footer-container""></div>
</div>
</footer>",publish,closed,closed,triennes-igp-mediterranee-sainte-fleur-2018,2020-08-23 00:00:00,2020-08-23 00:00:00,"https://www.bottle-neck.fr/?post_type=product&#038;p=15116",product,,-0.6326071623617513,0
4654,1,33.4,0.0,outofstock,13514,0.0,taxable,2,2018-04-17 00:00:00,2018-04-17 00:00:00,Thierry Germain Saumur-Champigny La Marginale 2016,"La robe est d’une belle couleur rubis intense et offre une arborescence de reflets sans aucune nuance d’évolution. Le nez libère de jolies nuances mentholées, de liqueur de fruits rouges ou encore d’anis étoilé.
En bouche l’attaque est droite, puissante et suggère d’emblée tout le potentiel d’un grand terroir. Son fruité intense semble imposant et l’acidité, sans ostentation, dessine les contours de la matière garant de l’identité aromatique des saveurs. L’alcool est enrobé et structure la matière dans sa verticalité.
La finale transcende par sa netteté et sa richesse.",publish,closed,closed,thierry-germain-saumur-champigny-la-marginale-2016__trashed,2020-08-27 00:00:00,2020-08-27 00:00:00,"https://www.bottle-neck.fr/?post_type=product&#038;p=13514",product,,0.032608616616585095,0
4258,1,32.1,0.0,outofstock,14485,5.0,taxable,2,2018-02-21 00:00:00,2018-02-21 00:00:00,Domaine Huet Vouvray Le Mont Sec 2017,"Un nez intense sur la minéral et les agrumes. La bouche, complexe, dévoile toute sa tension avec ses notes de pierre à fusil. Pour les amateurs de grands vouvray sec.",publish,closed,closed,domaine-huet-vouvray-le-mont-sec-2017,2020-08-22 00:00:00,2020-08-21 00:00:00,"https://www.bottle-neck.fr/?post_type=product&#038;p=14485",product,,-0.01413627596027087,0
4301,1,17.5,14.0,instock,16553,3.0,taxable,2,2018-03-01 00:00:00,2018-03-01 00:00:00,Domaine de La Tour Du Bon Bandol Rosé 2019,"D’une teinte ocrée, la robe est douce au regard, elle évoque tant la chaleur rassurante du paysage de Provence. Tout en nuances, le vin exhale des parfums à la fois toniques et gourmands. Une sensation en bouche tendre et épicée permette à ce rosé une large palette d’accords allant des fruits de la mer jusqu’aux plats relevés d’Afrique du Nord. L’exotisme lui va à ravir. Contre toutes les idées reçues, et sûrement grâce au mourvèdre, ce rosé vieillit bien. Sa robe devient ambrée, son nez plus complexe. Un accord de rêve avec les mets lointains épicés et/ou pimentés.",publish,closed,closed,domaine-de-la-tour-du-bon-bandol-rose-2019,2020-08-27 00:00:00,2020-08-27 00:00:00,"https://www.bottle-neck.fr/?post_type=product&#038;p=16553",product,,-0.5391173772080391,0
5481,1,11.5,46.0,instock,15138,0.0,taxable,2,2018-10-10 00:00:00,2018-10-10 00:00:00,Domaine Bulliat Moulin-à-Vent 2017,"Vin Beaujolais riche, puissant et racé! Les tanins sont présents mais très bien équilibrés. Une explosion de fruits rouges, de cassis et de canelle.",publish,closed,closed,domaine-bulliat-moulin-a-vent-2017,2020-08-07 00:00:00,2020-08-07 00:00:00,"https://www.bottle-neck.fr/?post_type=product&#038;p=15138",product,,-0.754863035255067,0
4138,1,25.7,0.0,outofstock,15341,6.0,taxable,2,2018-02-13 00:00:00,2018-02-13 00:00:00,Zind-Humbrecht Zind 2017,"Le Zind est traditionnellement composé d’un assemblage des parcelles de Chardonnay (70%) et Auxerrois (30%) situées sur le terroir calcaire du Clos Windsbuhl à Hunawihr.  Le nez présente une belle aromatique (agrumes, pierres mouillées, fruits blancs…) et s’est bien ouvert après la mise en bouteille. L’attaque est fluide et il est possible de ressentir une texture souple, juteuse et sapide. Le vin s’équilibre autour d’un contraste entre une sensation de vivacité d’un côté et une largeur enveloppante de l’autre. Le toucher de bouche est très salin. Le Zind 2017 est sans équivoque un grand vin de garde.",publish,closed,closed,zind-humbrecht-vdf-zind-2017,2020-07-29 00:00:00,2020-07-29 00:00:00,"https://www.bottle-neck.fr/?post_type=product&#038;p=15341",product,,-0.24426497787710083,0
4173,1,5.7,100.0,instock,16211,13.0,taxable,2,2018-02-15 00:00:00,2018-02-15 00:00:00,Maurel Pays d'Oc Chenin-Colombard 2019,"Ce vin d'une grande fraîcheur est élaboré à part de deux cépages très aromatiques, le chenin et le colombard. Avec ses arômes d'agrumes et de fleurs blanches, ce vin accompagnera délicieusement vos apéritifs dînatoires, vos entrées de poissons et plateaux de fromages.",publish,closed,closed,maurel-pays-doc-chenin-colombard-2019,2020-08-08 00:00:00,2020-08-08 00:00:00,"https://www.bottle-neck.fr/?post_type=product&#038;p=16211",product,,-0.9634171713671942,0
5715,1,13.7,35.0,instock,14982,0.0,taxable,2,2019-02-01 00:00:00,2019-02-01 00:00:00,François Baur Gewurztraminer Herrenweg de Turckheim 2016,"<p class=""nez"">C'est un vin plein de noblesse qui présente beaucoup d'étoffe, une admirable rondeur allant jusqu'à une opulence légèrement moelleuse, mais soutenu par une belle fraîcheur.</p>",publish,closed,closed,francois-baur-gewurztraminer-herrenweg-de-turckheim-2016,2020-07-30 00:00:00,2020-07-30 00:00:00,"https://www.bottle-neck.fr/?post_type=product&#038;p=14982",product,,-0.6757562939711568,0
4612,1,20.6,49.0,instock,15038,10.0,taxable,2,2018-04-14 00:00:00,2018-04-14 00:00:00,Gilbert Picq Chablis Vieilles Vignes 2017,"Un très joli Chablis, frais et minéral, ciselé et avec beaucoup de profondeur. Une jolie sélection parcellaire qui nous donne un vin précis et avec beaucoup d'éclat.",publish,closed,closed,gilbert-picq-chablis-vieilles-vignes-2017,2020-08-28 00:00:00,2020-08-28 00:00:00,"https://www.bottle-neck.fr/?post_type=product&#038;p=15038",product,,-0.42764878721707456,0
4954,1,25.0,0.0,instock,bon-cadeau-25-euros,10.0,taxable,1,2018-06-02 00:00:00,2018-06-01 00:00:00,Bon cadeau de 25€,"<span style=""color: #a85253;""><strong>Parlons peu, parlons vin.</strong>
<strong>Parlons cadeau !</strong></span>

Un bon cadeau à offrir à vos proches... sans modération !",publish,closed,closed,bon-cadeau-de-25-euros,2018-06-02 00:00:00,2018-06-02 00:00:00,"https://www.bottle-neck.fr/?post_type=product&#038;p=bon-cadeau-25-euros",product,,-0.2694353046492541,0
4631,1,76.8,3.0,instock,791,0.0,taxable,2,2018-04-14 00:00:00,2018-04-14 00:00:00,Marcel Windholtz Eau de Vie de Baie de Houx,"Les eaux de vie naissent d'une subtile alchimie où deux éléments fondamentaux se conjuguent pour que la réussite soit présente au creux de votre verre à dégustation... D'abord on ne s'improvise pas distillateur: chez les Windholtz ce sont trois  générations qui ont accumulé le plein d'expérience dans l'art subtil de ""séparer par la chaleur les principes fixes et volatiles"".
Ensuite entre moûts et alambic au long col, au milieu des vapeurs, c'est le savoir-faire qui préside à la transmutation mystérieuse et réfléchie destinées à sublimer et à faire chanter les fruits...",publish,closed,closed,marcel-windholtz-eau-de-vie-de-baie-de-houx,2020-04-22 00:00:00,2020-04-22 00:00:00,"https://www.bottle-neck.fr/?post_type=product&#038;p=791",product,,1.5931688764900875,0
6299,1,78.0,10.0,instock,15710,0.0,taxable,2,2019-10-05 00:00:00,2019-10-05 00:00:00,Lucien Boillot Gevrey Chambertin 1er Cru Les Cherbaudes 2017,"Un vin d'une grande pureté et d'une amplitude remarquable, tout en restant délicat et voluptueux. Très élégant et très large. Ce Gevrey est d'une très grande classe.

&nbsp;",publish,closed,closed,lucien-boillot-gevrey-chambertin-1er-cru-les-cherbaudes-2017,2020-07-03 00:00:00,2020-07-03 00:00:00,"https://www.bottle-neck.fr/?post_type=product&#038;p=15710",product,,1.6363180080994932,0
4676,1,12.9,73.0,instock,15280,0.0,taxable,2,2018-04-18 00:00:00,2018-04-18 00:00:00,Domaine Rotier Gaillac Blanc Doux Les Gravels 2016,C'est un vin au fruité intense ou se mêlent fruits à chair blanche et agrumes. Il offre un très bon équilibre et une belle fraîcheur.,publish,closed,closed,domaine-rotier-gaillac-blanc-doux-les-gravels-2016,2020-08-08 00:00:00,2020-08-08 00:00:00,"https://www.bottle-neck.fr/?post_type=product&#038;p=15280",product,,-0.7045223817107605,0
4792,1,21.0,13.0,instock,15733,19.0,taxable,2,2018-04-20 00:00:00,2018-04-20 00:00:00,Maurice Schoech Riesling Grand Cru Kaefferkopf 2018,"Ce vin provient de deux parcelles idéalement situées une sur le granit et l’autre sur une lentille de grès. La roche mère ne se trouve parfois qu’à 30 cm de profondeur. Les racines plongent ici au plus profond des failles et c’est de ce sol que ce vin tire son caractère unique: nez délicat d’agrumes, fraîcheur et matière soyeuse en bouche avec une finale longue et droite.",publish,closed,closed,maurice-schoech-riesling-grand-cru-kaefferkopf-2018,2020-07-08 00:00:00,2020-07-08 00:00:00,"https://www.bottle-neck.fr/?post_type=product&#038;p=15733",product,,-0.41326574334727273,0
4086,1,16.4,31.0,instock,16013,4.0,taxable,2,2018-02-13 00:00:00,2018-02-13 00:00:00,Rimauresq Côtes de Provence Blanc Cru Classé 2019,"<div id=""wrapper"">
<div id=""container-wrapper"">
<div id=""content-wrapper"">
<div class=""contenu""><section id=""vue"">
<div class=""wysiwyg"">

Ce vin au caractère minéral, gras et bien équilibré, dévoile une finale est longue et rafraîchissante. Un véritable plaisir désaltérant.

</div>
</section></div>
</div>
</div>
</div>
<footer>
<div id=""footer-wrapper"">
<div id=""footer-container""></div>
</div>
</footer>",publish,closed,closed,rimauresq-cotes-de-provence-cru-classe-blanc-2019,2020-08-20 00:00:00,2020-08-20 00:00:00,"https://www.bottle-neck.fr/?post_type=product&#038;p=16013",product,,-0.5786707478499943,0
4677,1,9.5,161.0,instock,15282,1.0,taxable,2,2018-04-18 00:00:00,2018-04-18 00:00:00,Domaine Rotier Gaillac Rouge Les Gravels 2016,"D'une couleur pourpre sombre, ce vin offre dans sa jeunesse des arômes de fruits rouges et noirs, soutenus par des notes réglissées et poivrées. La bouche est ronde et fruitée, avec une pointe de fraîcheur et des tanins ronds et veloutés.",publish,closed,closed,domaine-rotier-gaillac-rouge-les-gravels-2016,2020-08-25 00:00:00,2020-08-25 00:00:00,"https://www.bottle-neck.fr/?post_type=product&#038;p=15282",product,,-0.8267782546040764,0
5770,1,34.4,54.0,instock,15178,4.0,taxable,2,2019-03-14 00:00:00,2019-03-14 00:00:00,Camille Giroud Santenay Blanc 2017,"<div>Un Santenay riche et consistant, avec une belle onctuosité en bouche mais également beaucoup de fraîcheur. Une grande réussite.</div>
&nbsp;",publish,closed,closed,camille-giroud-santenay-blc-2017,2020-07-01 00:00:00,2020-07-01 00:00:00,"https://www.bottle-neck.fr/?post_type=product&#038;p=15178",product,,0.06856622629108976,0
4938,1,12.5,0.0,outofstock,13379,0.0,taxable,2,2018-05-18 00:00:00,2018-05-17 00:00:00,Domaine Rouge Garance Côtes du Rhône Villages Garances 2016,"Un vin de fruits rouges intenses qui laissent entrevoir une minéralité et des notes de terroir comme le humus et la fougère, imprégnant une bouche puissante et tannique.

&nbsp;

&nbsp;",publish,closed,closed,domaine-rouge-garance-cotes-du-rhone-villages-garances-2016,2019-12-11 00:00:00,2019-12-11 00:00:00,"https://www.bottle-neck.fr/?post_type=product&#038;p=13379",product,,-0.7189054255805624,0
4666,1,21.0,32.0,instock,13647,0.0,taxable,2,2018-04-17 00:00:00,2018-04-17 00:00:00,Vincent Carême Vouvray Moelleux 2015,"Le Moelleux est une récolte de raisins en surmaturation, qui permet une concentration naturelle des sucres et des arômes. L'acidité naturelle du Chenin blanc procure à ce vin un bel équilibre.",publish,closed,closed,vincent-careme-vouvray-moelleux-2015,2020-03-27 00:00:00,2020-03-27 00:00:00,"https://www.bottle-neck.fr/?post_type=product&#038;p=13647",product,,-0.41326574334727273,0
4861,1,8.5,284.0,instock,15307,29.0,taxable,2,2018-05-04 00:00:00,2018-05-03 00:00:00,Philippe Nusswitz Duché d'Uzès Orénia Rouge 2017,"<div id=""wrapper"">
<div id=""container-wrapper"">
<div id=""content-wrapper"">
<div class=""contenu""><section id=""vue"">
<div class=""wysiwyg"">

Un vin gourmand, des arômes de fruits rouges mûrs, de réglisse et d'épices douces sur un corps généreux tout en gardant une belle fraîcheur. Des tanins présents mais souples permettent de l'apprécier dans sa jeunesse, mais son potentiel de garde est de 3 à 5 ans.

</div>
</section></div>
</div>
</div>
</div>
<footer>
<div id=""footer-wrapper"">
<div id=""footer-container""></div>
</div>
</footer>",publish,closed,closed,philippe-nusswitz-duche-uzes-orenia-rouge-2017,2020-08-27 00:00:00,2020-08-27 00:00:00,"https://www.bottle-neck.fr/?post_type=product&#038;p=15307",product,,-0.8627358642785811,0
4706,1,16.8,23.0,instock,15349,32.0,taxable,2,2018-04-18 00:00:00,2018-04-18 00:00:00,Albert Mann Muscat 2018,La robe est jaune claire. Le vin développe un fruité intense et très élégant au nez. La bouche gourmande donne l’impression de croquer le raisin. La finale présente une belle longueur marquée par une touche de fraîcheur qui contribue à la spontanéité et à l’harmonie du vin. A boire dès maintenant sans modération.,publish,closed,closed,albert-mann-muscat-2018,2020-08-15 00:00:00,2020-08-15 00:00:00,"https://www.bottle-neck.fr/?post_type=product&#038;p=15349",product,,-0.5642877039801923,0
4888,1,27.9,53.0,instock,15776,0.0,taxable,2,2018-05-12 00:00:00,2018-05-12 00:00:00,Saumaize-Michelin Pouilly-Fuissé Les Ronchevats 2018,"<div id=""wrapper"">
<div id=""container-wrapper"">
<div id=""content-wrapper"">
<div class=""contenu""><section id=""vue"">
<div class=""wysiwyg"">

Une très belle parcelle sur des sols argileux. Beaucoup de caractère et de maturité sur cette cuvée. Assez musclé, mais sec et svelte pour une finale tout en précision.

</div>
</section></div>
</div>
</div>
</div>
<footer>
<div id=""footer-wrapper"">
<div id=""footer-container""></div>
</div>
</footer>",publish,closed,closed,saumaize-michelin-pouilly-fuisse-les-ronchevats-2018,2020-08-26 00:00:00,2020-08-26 00:00:00,"https://www.bottle-neck.fr/?post_type=product&#038;p=15776",product,,-0.16515823659319057,0
5768,1,35.6,0.0,outofstock,15183,1.0,taxable,2,2019-03-14 00:00:00,2019-03-14 00:00:00,Camille Giroud Maranges Rouge 1er Cru Le Croix Moines 2016,"<div>Ce vin provient d'une vigne âgée de 70 ans, située sur la commune de Dezize-lès-Maranges, au sud du climat La Fussière. Exposée au sud à une altitude de 370 mètres et avec une forte pente variant de 11 à 26%, elle repose sur un sol issu de l'altération d'éboulis de calcaires à entroques avec des pans entiers de falaises reposant sur des marnes bleues et noires qui contraignent les circulations d'eau en profondeur.</div>
&nbsp;",publish,closed,closed,camille-giroud-maranges-1er-cru-le-croix-moines-2016,2020-05-24 00:00:00,2020-05-24 00:00:00,"https://www.bottle-neck.fr/?post_type=product&#038;p=15183",product,,0.11171535790049547,0
5024,1,45.0,0.0,outofstock,11996,0.0,taxable,2,2018-07-18 00:00:00,2018-07-18 00:00:00,Champagne Agrapart &amp; Fils Les 7 Crus Brut Blanc de Blancs,"La cuvée Les 7 Crus provient d'un assemblage d'une mozaïque de parcelles, des têtes de cuvées des 7 crus du domaine. Le vin est complexe, avec de fines notes de noisettes et d'épices. La bouche est fraîche, aux arômes de fleurs et fruits blancs avec de jolies notes d'épices.",publish,closed,closed,champagne-agrapart-fils-les-7-crus-brut-blanc-de-blancs,2020-01-04 00:00:00,2020-01-04 00:00:00,"https://www.bottle-neck.fr/?post_type=product&#038;p=11996",product,,0.44971688884083927,0
4257,1,31.7,0.0,outofstock,12476,0.0,taxable,2,2018-02-21 00:00:00,2018-02-21 00:00:00,Domaine Huet Vouvray Le Mont Moelleux 2015,"De la complexité, de l'énergie, avec de beaux amers en fin de bouche... Un futur très grand vin à mettre en cave !",publish,closed,closed,domaine-huet-vouvray-le-mont-moelleux-2015,2020-01-11 00:00:00,2020-01-11 00:00:00,"https://www.bottle-neck.fr/?post_type=product&#038;p=12476",product,,-0.028519319830072814,0
4186,1,16.6,0.0,outofstock,16190,1.0,taxable,2,2018-02-15 00:00:00,2018-02-15 00:00:00,Le Pas de l'Escalette Terrasses du Larzac Les Clapas Rouge 2018,"Gourmand, élégant, fruité aux senteurs de mûre, groseille, myrtille et garrigue. La bouche est franche, minérale avec un côté soyeux provenant de la grappe entière des Syrah.",publish,closed,closed,le-pas-de-lescalette-larzac-clapas-rouge-2018,2020-08-01 00:00:00,2020-08-01 00:00:00,"https://www.bottle-neck.fr/?post_type=product&#038;p=16190",product,,-0.5714792259150933,0
5817,1,57.6,5.0,instock,14600,0.0,taxable,2,2019-03-27 00:00:00,2019-03-27 00:00:00,Maison Trimbach Riesling Grand Cru Geisberg 2012,"Le Geisberg est un joyau de l’Alsace : situé entre deux autres grands crus sur la faille géologique de Ribeauvillé, son sous-sol calcaire et gréseux, ses vieilles vignes, son exposition plein sud et ses petites terrasses à pente forte en font un terroir unique et complexe de seulement 8,5 ha : il est l’un des plus petits grands crus d’Alsace. Le Riesling qui en est issu est de grande intensité et de belle énergie, tout en finesse. Un vin de gastronomie et apte à une longue garde.

&nbsp;",publish,closed,closed,maison-trimbach-riesling-geisberg-2012,2020-05-21 00:00:00,2020-05-21 00:00:00,"https://www.bottle-neck.fr/?post_type=product&#038;p=14600",product,,0.9027827707395981,0
5561,1,58.0,0.0,outofstock,19820,0.0,taxable,2,2018-11-26 00:00:00,2018-11-26 00:00:00,Tempier Bandol Migoua 2017,"<div id=""wrapper"">
<div id=""container-wrapper"">
<div id=""content-wrapper"">
<div class=""contenu""><section id=""vue"">
<div class=""wysiwyg"">

Souvent plus animale que les autres cuvées, La Migoua fait preuve d’une grande complexité. C’est un vin aux arômes subtils et d’un bel équilibre annonçant une longue garde.

</div>
</section></div>
</div>
</div>
</div>
<footer>
<div id=""footer-wrapper"">
<div id=""footer-container""></div>
</div>
</footer>",publish,closed,closed,tempier-bandol-migoua-2017,2019-11-03 00:00:00,2019-11-02 00:00:00,"https://www.bottle-neck.fr/?post_type=product&#038;p=19820",product,,0.9171658146093999,0
5393,1,35.3,9.0,instock,12494,0.0,taxable,2,2018-09-06 00:00:00,2018-09-06 00:00:00,Australie Harkham Wines Old Vines 2011,"Une syrah profonde, gourmande et très élégante. Belle concentration aux arômes de fruits noirs et d'épices douces. Doté d'une grande structure, il sublimera les plus belles viandes.",publish,closed,closed,australie-harkham-wines-old-vines-2011,2020-04-25 00:00:00,2020-04-25 00:00:00,"https://www.bottle-neck.fr/?post_type=product&#038;p=12494",product,,0.10092807499814391,0
4108,1,31.7,0.0,outofstock,15353,2.0,taxable,2,2018-02-13 00:00:00,2018-02-13 00:00:00,Zind-Humbrecht Riesling Herrenweg de Turckheim 2017,"Le nez est tout en finesse, encore contenu et présage un beau caractère minéral.  Le palais reste frais très longtemps, même après une longue ouverture de la bouteille. L’acidité est mûre, fait saliver, et, surtout, donne vraiment envie de reprendre un deuxième verre ! Belle réussite pour ce terroir.",publish,closed,closed,zind-humbrecht-riesling-herrenweg-turckheim-2017,2020-06-04 00:00:00,2020-06-04 00:00:00,"https://www.bottle-neck.fr/?post_type=product&#038;p=15353",product,,-0.028519319830072814,0
4062,1,11.9,60.0,instock,16320,3.0,taxable,2,2018-02-13 00:00:00,2018-02-12 00:00:00,Mourgues du Grès IGP Pont du Gard Terre d'Argence 2018,"Magnifique exemple d’assemblage réussi, ou chaque élément construit un ensemble très harmonieux. Complexe et raffiné, le viognier donne ses notes florales, la roussanne ses épices et herbes aromatiques, le grenache souplesse et richesse. Fin et tendu, c’est un régal!",publish,closed,closed,mourgues-du-gres-costieres-de-nimes-terre-dargence-blanc-2018,2020-08-25 00:00:00,2020-08-25 00:00:00,"https://www.bottle-neck.fr/?post_type=product&#038;p=16320",product,,-0.7404799913852652,0
5026,1,86.8,2.0,instock,13913,0.0,taxable,2,2018-07-18 00:00:00,2018-07-18 00:00:00,Champagne Agrapart &amp; Fils Minéral Extra Brut Blanc de Blancs Grand Cru 2012,"Légèrement praliné au nez, nerveux, frais, inconditionnellement extra-brut, énergique mais ne présentant qu'une seule facette. Le Minéral est tout en nuances, doté d'une allonge ""jus de craie"" remarquable.",publish,closed,closed,champagne-agrapart-fils-mineral-extra-brut-blanc-de-blancs-grand-cru-2012,2020-05-12 00:00:00,2020-05-12 00:00:00,"https://www.bottle-neck.fr/?post_type=product&#038;p=13913",product,,1.9527449732351343,0
4213,1,58.8,2.0,instock,15718,0.0,taxable,2,2018-02-16 00:00:00,2018-02-16 00:00:00,Lucien Boillot Volnay 1er Cru Les Angles 2017,"Un Volnay 1er Cru au nez légèrement sauvage, mais aussi très floral. Beaucoup de structure, une bouche fine, agréablement complexe et très structurée.",publish,closed,closed,lucien-boillot-volnay-1ercru-angles-2017,2020-08-14 00:00:00,2020-08-14 00:00:00,"https://www.bottle-neck.fr/?post_type=product&#038;p=15718",product,,0.9459319023490036,0
4154,1,9.8,128.0,instock,15141,18.0,taxable,2,2018-02-14 00:00:00,2018-02-14 00:00:00,Elian Daros Côtes du Marmandais Le Vin Est Une Fête 2017,"Comme son nom l'indique, ce vin est un vin plaisir au caractère fruité et frais. La vinification est douce sans extraction forte afin de préserver le côté croquant et rond du raisin. C'est un vin passe-partout, sa rondeur et son fruité lui donnent une belle « buvabilité », mais il est aussi soutenu par une délicate structure tannique inhérente à nos cépages du sud-ouest. Il est ainsi agréable à l’apéro pour partager un verre entre amis mais s'accorde aussi très facilement avec des plats plus généreux.",publish,closed,closed,elian-daros-cotes-du-marmandais-vin-fete-2017,2020-08-27 00:00:00,2020-08-27 00:00:00,"https://www.bottle-neck.fr/?post_type=product&#038;p=15141",product,,-0.815990971701725,0
5618,1,71.3,31.0,instock,15921,0.0,taxable,2,2019-01-16 00:00:00,2019-01-16 00:00:00,"Albert Boxler Riesling Grand Cru Sommerberg ""D"" 2018","<span style=""float: none; background-color: transparent; color: #333333; cursor: text; font-family: Georgia,'Times New Roman','Bitstream Charter',Times,serif; font-size: 16px; font-style: normal; font-variant: normal; font-weight: 400; letter-spacing: normal; text-align: left; text-decoration: none; text-indent: 0px;"">Le Sommerberg ""D"" provient d'une sélection parcellaire du lieu-dit Dudenstein, terroir granitique. </span><span style=""float: none; background-color: transparent; color: #333333; cursor: text; font-family: Georgia,'Times New Roman','Bitstream Charter',Times,serif; font-size: 16px; font-style: normal; font-variant: normal; font-weight: 400; letter-spacing: normal; text-align: left; text-decoration: none; text-indent: 0px;"">Le plus caillouteux de tous les Sommerbergs, compact et serré dans son expression minérale, forte puissance qui doit encore se dompter en bouteille, belle garde prévisible.</span>

&nbsp;

&nbsp;",publish,closed,closed,albert-boxler-riesling-grand-cru-sommerberg-d-2018,2020-08-26 00:00:00,2020-08-26 00:00:00,"https://www.bottle-neck.fr/?post_type=product&#038;p=15921",product,,1.395402023280312,0
6093,1,12.6,0.0,outofstock,15487,1.0,taxable,2,2019-06-05 00:00:00,2019-06-05 00:00:00,Château de Villeneuve Saumur-Champigny 2017,"<span style=""font-family: trebuchet ms, geneva;color: #000000;font-size: small""><strong><span style=""float: none;background-color: transparent;font-style: normal;font-variant: normal;font-weight: 400;letter-spacing: 0.3px;line-height: 16.8px;text-align: justify;text-decoration: none;text-indent: 0px""><span style=""float: none;background-color: transparent;font-style: normal;font-variant: normal;font-weight: 300;letter-spacing: normal;line-height: normal;text-align: justify;text-decoration: none;text-indent: 0px"">Sur cette cuvée, le domaine a voulu privilégier le fruit et la souplesse en évitant des extractions trop poussées. On trouve ainsi un vin friand, idéal pour accompagner des viandes rouges. Un vrai vin de gourmandise!</span></span></strong></span>",publish,closed,closed,chateau-de-villeneuve-saumur-champigny-2017,2020-02-26 00:00:00,2020-02-26 00:00:00,"https://www.bottle-neck.fr/?post_type=product&#038;p=15487",product,,-0.7153096646131119,0
4241,1,8.9,7.0,instock,14725,1.0,taxable,2,2018-02-20 00:00:00,2018-02-20 00:00:00,Parcé Frères IGP Côtes Catalanes Hommage à Fernand Blanc 2019,"Avec cette cuvée, Les Frères Parcé ont voulu rendre hommage aux premiers viticulteurs qui ont quitté les appellations dès les années 1970 pour préserver les vieux cépages. Hommage à Fernand est un 100% Macabeu, fin et fruité mais aussi d'une grande fraîcheur aromatique.",publish,closed,closed,parce-freres-hommage-fernand-blanc-2019,2020-08-26 00:00:00,2020-08-26 00:00:00,"https://www.bottle-neck.fr/?post_type=product&#038;p=14725",product,,-0.8483528204087792,0
4975,1,23.7,15.0,instock,14756,4.0,taxable,2,2018-06-08 00:00:00,2018-06-08 00:00:00,Château Cordet Margaux 2013,"<div id=""wrapper"">
<div id=""container-wrapper"">
<div id=""content-wrapper"">
<div class=""contenu""><section id=""vue"">Deuxième vin du Château Monbrison. Le nez évoque des saveurs de chêne grillé et de fleur d'acacia. La bouche est très équilibrée, racée et subtilement épicée. </section></div>
</div>
</div>
</div>
<footer>
<div id=""footer-wrapper"">
<div id=""footer-container""></div>
</div>
</footer>",publish,closed,closed,chateau-cordet-margaux-2013,2020-08-28 00:00:00,2020-08-28 00:00:00,"https://www.bottle-neck.fr/?post_type=product&#038;p=14756",product,,-0.3161801972261101,0
6569,1,29.0,6.0,instock,15705,3.0,taxable,2,2020-01-04 00:00:00,2020-01-04 00:00:00,Decelle-Villa Chorey-Lès-Beaune 2016,"<span style=""display: inline !important; float: none; background-color: transparent; color: #000000; font-family: 'Futura Std','Helvetica Neue',Calibri,Candara,Arial,sans-serif; font-size: 16px; font-style: normal; font-variant: normal; font-weight: 400; letter-spacing: 1px; orphans: 2; text-align: center; text-decoration: none; text-indent: 0px; text-transform: none; -webkit-text-stroke-width: 0px; white-space: normal; word-spacing: 0px;"">Agée de plus de 60 ans, cette vieille vigne produit peu, mais ses raisins sont toujours très mûrs et très concentrés. Cela forge un rouge de grande amplitude, élégant, marqué par la griotte et les baies noires, à la fois souple et charnu.</span>",publish,closed,closed,decelle-villa-chorey-beaune-2016,2020-07-27 00:00:00,2020-07-27 00:00:00,"https://www.bottle-neck.fr/?post_type=product&#038;p=15705",product,,-0.12560486595123538,0
4130,1,23.0,0.0,outofstock,15339,0.0,taxable,2,2018-02-13 00:00:00,2018-02-13 00:00:00,Zind-Humbrecht Pinot Gris Roche Calcaire 2017,"Nez minéral sur le caillou, fumé discret sur une légère réduction typée Windsbuhl. Belle complexité de bouche de type très sec. Très joli équilibre, serré, dense, précis et fin. Arômes tout aussi fumés en bouche. Ce vin est sapide et agréable à boire. Certainement de belle garde. Les tanins sont discrets mais toutefois présents en finale avec un amer noble qui renforce la caractère sec du vin.",publish,closed,closed,zind-humbrecht-pinot-gris-roche-calcaire-2017,2020-03-13 00:00:00,2020-03-13 00:00:00,"https://www.bottle-neck.fr/?post_type=product&#038;p=15339",product,,-0.3413505239982634,0
4272,1,9.2,25.0,instock,13089,1.0,taxable,2,2018-02-28 00:00:00,2018-02-28 00:00:00,Domaine Sérol Côte Roannaise Rosé Cabochard 2016,"Rose pétale. Arômes de fruits rouges et d'agrumes. Au palais, la concentration des arômes est soutenue par une vivacité qui donne au vin toute sa fraîcheur.

&nbsp;",publish,closed,closed,domaine-serol-cote-roannaise-cabochard-2016,2020-07-08 00:00:00,2020-07-08 00:00:00,"https://www.bottle-neck.fr/?post_type=product&#038;p=13089",product,,-0.8375655375064278,0
4083,1,17.0,0.0,outofstock,16296,0.0,taxable,2,2018-02-13 00:00:00,2018-02-13 00:00:00,"Rimauresq Côtes de Provence Blanc Cru Classé ""R"" 2019","<div id=""wrapper"">
<div id=""container-wrapper"">
<div id=""content-wrapper"">
<div class=""contenu""><section id=""vue"">
<div class=""wysiwyg"">

D’une grande complexité aromatique, gras et très long en bouche, ce vin est gourmand et son nez révèle des notes de fruits confits. En bouche, on est enchanté par un beau bouquet de saveurs complexe et gras.

</div>
</section></div>
</div>
</div>
</div>
<footer>
<div id=""footer-wrapper"">
<div id=""footer-container""></div>
</div>
</footer>",publish,closed,closed,rimauresq-provence-r-blanc-2019,2020-05-30 00:00:00,2020-05-30 00:00:00,"https://www.bottle-neck.fr/?post_type=product&#038;p=16296",product,,-0.5570961820452914,0
5445,1,16.3,11.0,instock,12194,0.0,taxable,2,2018-09-14 00:00:00,2018-09-14 00:00:00,La Préceptorie Maury Blanc 2015,"<div class=""pw-hidden-cp"">Nez de caramel. En bouche on retrouve le gout du lait, du sucre et du caramel. Beaucoup de richesse.</div>
&nbsp;",publish,closed,closed,la-preceptorie-maury-blanc-2015,2020-06-17 00:00:00,2020-06-17 00:00:00,"https://www.bottle-neck.fr/?post_type=product&#038;p=12194",product,,-0.5822665088174447,0
4391,1,49.5,7.0,instock,11467,0.0,taxable,2,2018-03-22 00:00:00,2018-03-22 00:00:00,Wemyss Malts Blended Malt Scotch Whisky Peat Chimney,"Le whisky Wemyss Peat Chimney ""La Cheminée à Tourbe"" est un assemblage de malts de l'île d'Islay. Le nez est boisé et dévoile de subtiles notes de caramel. Bien entendu, le côté fumé est riche mais bien équilibré. La bouche est sirupeuse et chaleureuse, elle évoque des notes de cannelle, de réglisse et de tourbe.",publish,closed,closed,whisky-wemyss-peat-chimney,2020-06-26 00:00:00,2020-06-26 00:00:00,"https://www.bottle-neck.fr/?post_type=product&#038;p=11467",product,,0.6115261323761103,0
4970,1,49.5,0.0,outofstock,11225,0.0,taxable,2,2018-06-07 00:00:00,2018-06-07 00:00:00,Champagne Larmandier-Bernier Terre de Vertus Premier Cru 2011,"C’est un vin à la robe pâle et aux reflets verts et argents. Au nez, on découvre un champagne sur des notes de fruits blancs (pomme et poire), mais aussi d’épices et de fruits secs. Un nez élégant et net. En bouche, il est très équilibrée, avec une texture fine et crémeuse. Des notes élégantes d’agrumes, de fruits blancs naissent sur le palais, portées par une belle fraîcheur et une élégante minéralité. C’est un vin aérien, qui s’achève sur une belle finale iodée et poivrée.",publish,closed,closed,champagne-larmandier-bernier-terre-de-vertus-premier-cru-2011,2019-05-17 00:00:00,2019-05-17 00:00:00,"https://www.bottle-neck.fr/?post_type=product&#038;p=11225",product,,0.6115261323761103,0
5912,1,57.0,8.0,instock,15227,0.0,taxable,2,2019-04-05 00:00:00,2019-04-05 00:00:00,Kingsbarns Distillery Lowland Single Malt Whisky,"<span title="""">Dream to Dram, un caractère remarquablement complexe et distinctif des Lowlands : léger, intensément fruité, floral et équilibré, avec une couleur riche.</span> <span title="""">Au nez, il y a de la banane, du sirop d'ananas et des baies d'été, avec de légères notes herbacées.</span> <span title="""">De belles notes de caramel, de la crème pâtissière et des groseilles rouges, avec une finale de sirop de gingembre.</span>

&nbsp;",publish,closed,closed,whisky-kingsbarns-lowland-single-malt,2019-12-08 00:00:00,2019-12-08 00:00:00,"https://www.bottle-neck.fr/?post_type=product&#038;p=15227",product,,0.8812082049348953,0
4166,1,20.5,8.0,instock,16124,6.0,taxable,2,2018-02-15 00:00:00,2018-02-15 00:00:00,Ollieux Romanis Corbières Boutenac Atal Sia 2017,"Atal Sia «ainsi soit-il» en languedocien exprime en deux mots la philosophie de cette cuvée. Un vin profond, d’une robe pour pre offrant un nez complexe qui va des épices au moka, en passant par le cacao, la mûre et le cassis. La bouche fraîche et élégante permet les accords les plus audacieux.",publish,closed,closed,ollieux-romanis-corbieres-boutenac-atal-sia-2017,2020-08-15 00:00:00,2020-08-15 00:00:00,"https://www.bottle-neck.fr/?post_type=product&#038;p=16124",product,,-0.43124454818452507,0
4925,1,23.2,0.0,outofstock,16277,12.0,taxable,2,2018-05-18 00:00:00,2018-05-17 00:00:00,Cave de Castelmaure Corbières Rouge N°3 2017,"Un très grand Corbières qui allie volupté, puissance et délicatesse. Une belle structure, des tanins mûrs, bien présents, charnus et feutrés, des arômes délicats et complexes, une superbe longueur : le N°3 est un vin de garde à apprécier sans modération.",publish,closed,closed,cave-de-castelmaure-corbieres-rouge-n3-2017,2020-06-11 00:00:00,2020-06-11 00:00:00,"https://www.bottle-neck.fr/?post_type=product&#038;p=16277",product,,-0.33415900206336246,0
4174,1,5.7,94.0,instock,16209,6.0,taxable,2,2018-02-15 00:00:00,2018-02-15 00:00:00,Maurel Cabardès Tradition 2017,"Un joli nez aux arômes de fruits rouges, de cassis et de cacao. Une bouche structurée et harmonieuse. Un joli vin de tous les jours, tout en simplicité et en gourmandise.",publish,closed,closed,maurel-cabardes-tradition-2017,2020-08-06 00:00:00,2020-08-06 00:00:00,"https://www.bottle-neck.fr/?post_type=product&#038;p=16209",product,,-0.9634171713671942,0
5439,1,13.2,0.0,outofstock,15649,18.0,taxable,2,2018-09-14 00:00:00,2018-09-14 00:00:00,La Préceptorie Maury Sec Rouge Copain Comme Cochon 2018,"<div>Un nez fruité et généreux, qui dévoile des arômes de réglisse et de champignons frais. L'attaque en bouche est fluide et marquée par une belle fraîcheur. Un très joli vin de copains!</div>
<div class=""pw-hidden-cp""></div>
&nbsp;",publish,closed,closed,la-preceptorie-maury-sec-rouge-copain-comme-cochon-2018,2020-06-20 00:00:00,2020-06-20 00:00:00,"https://www.bottle-neck.fr/?post_type=product&#038;p=15649",product,,-0.6937350988084091,0
5907,1,17.7,5.0,instock,12882,0.0,taxable,2,2019-03-29 00:00:00,2019-03-29 00:00:00,Domaine de Montbourgeau Vin de Paille 2013,"Magnifique exemple de vin de paille que cet admirable 2013 : juteux et salivant, riche mais tendu. Ses sucres très digestes tapissent la bouche sans aucune lourdeur, dans un éventail de saveurs où domine le sucre d'orge. Un véritable modèle de passerillage.",publish,closed,closed,domaine-de-montbourgeau-vin-de-paille-2013,2020-04-30 00:00:00,2020-04-30 00:00:00,"https://www.bottle-neck.fr/?post_type=product&#038;p=12882",product,,-0.5319258552731382,0
6094,1,13.4,2.0,instock,15486,0.0,taxable,2,2019-06-05 00:00:00,2019-06-05 00:00:00,Château de Villeneuve Saumur-Champigny Clos de la Bienboire 2018,"<span style=""font-family: trebuchet ms, geneva;color: #000000;font-size: small""><strong><span style=""float: none;background-color: transparent;font-style: normal;font-variant: normal;font-weight: 400;letter-spacing: 0.3px;line-height: 16.8px;text-align: justify;text-decoration: none;text-indent: 0px""><span style=""float: none;background-color: transparent;font-style: normal;font-variant: normal;font-weight: 300;letter-spacing: normal;line-height: normal;text-align: justify;text-decoration: none;text-indent: 0px"">Même s’il porte bien son nom, c’est le cadastre qui l’a octroyé à ce petit clos de 1,5 hectares. On dit que les chevaux venaient s’y abreuver... Vinifié sur le fil du fruit, il se boit à la régalade et supporte aussi les déjeuners ensoleillés. Il conviendra tout à fait aux grillades estivales, ou tout simplement entre amis, à l'apéritif.</span></span></strong></span>",publish,closed,closed,chateau-de-villeneuve-saumur-champigny-bienboire-2018,2020-05-13 00:00:00,2020-05-13 00:00:00,"https://www.bottle-neck.fr/?post_type=product&#038;p=15486",product,,-0.6865435768735082,0
5903,1,27.3,1.0,instock,14099,0.0,taxable,2,2019-03-29 00:00:00,2019-03-29 00:00:00,Stéphane Tissot Arbois Trousseau Singulier 2017,"Très belle maturité du fruit, de belles notes de griotte, de cerise à l'eau de vie accompagnées de quelques épices. La bouche est ample avec des tanins fins et mûrs. Très beau compromis entre la typicité du cépage, la matière et la buvabilité.<span style=""float: none; background-color: transparent; color: #333333; font-family: 'Helvetica Neue',Helvetica,Arial,sans-serif; font-size: 14px; font-style: normal; font-variant: normal; font-weight: 400; letter-spacing: normal; text-align: left; text-decoration: none; text-indent: 0px;"">.</span>",publish,closed,closed,stephane-tissot-arbois-trousseau-singulier-2017,2020-06-27 00:00:00,2020-06-27 00:00:00,"https://www.bottle-neck.fr/?post_type=product&#038;p=14099",product,,-0.1867328023978933,0
5707,1,10.8,13.0,instock,13557,10.0,taxable,2,2019-02-01 00:00:00,2019-02-01 00:00:00,Domaine des Terres d'Ocre Saint-Pourçain Rouge Instant T 2015,"Le nez est marqué par des notes de fruits rouges et noirs avec de belles nuances d’épices. La bouche est souple, plaisante et fruitée. Le Pinot Noir engendre finesse et longueur en bouche, et le Gamay apporte une bonne partie du fruité.",publish,closed,closed,domaine-des-terres-docre-saint-pourcain-rouge-instant-t-2015,2020-06-24 00:00:00,2020-06-24 00:00:00,"https://www.bottle-neck.fr/?post_type=product&#038;p=13557",product,,-0.7800333620272203,0
5815,1,16.6,11.0,instock,15238,1.0,taxable,2,2019-03-27 00:00:00,2019-03-27 00:00:00,Maison Trimbach Muscat Réserve 2017,"Un vin sec, au fruité prononcé, et au bouquet caractéristique de raisins frais.",publish,closed,closed,trimbach-muscat-reserve-2017,2020-07-24 00:00:00,2020-07-24 00:00:00,"https://www.bottle-neck.fr/?post_type=product&#038;p=15238",product,,-0.5714792259150933,0
4862,1,9.9,168.0,instock,16047,12.0,taxable,2,2018-05-04 00:00:00,2018-05-03 00:00:00,Philippe Nusswitz Duché d'Uzès Orénia Blanc 2018,"<div id=""wrapper"">
<div id=""container-wrapper"">
<div id=""content-wrapper"">
<div class=""contenu""><section id=""vue"">
<div class=""wysiwyg"">

 Orenia Blanc est un vin aromatique et sec. Aux notes d'abricot typique du viognier, se mêlent des parfums de menthe, de fleurs et une fin de bouche rappelant la réglisse, caractéristique de la Roussanne.

</div>
</section></div>
</div>
</div>
</div>
<footer>
<div id=""footer-wrapper"">
<div id=""footer-container""></div>
</div>
</footer>",publish,closed,closed,philippe-nusswitz-duche-uzes-orenia-blanc-2018,2020-08-27 00:00:00,2020-08-27 00:00:00,"https://www.bottle-neck.fr/?post_type=product&#038;p=16047",product,,-0.8123952107342746,0
4664,1,16.4,15.0,instock,15402,0.0,taxable,2,2018-04-17 00:00:00,2018-04-17 00:00:00,La Cotelleraie Saint-Nicolas-de-Bourgueil Le Vau Jaumier 2016,"Les expressions du terroir de Saint Nicolas de Bourgueil se manifestent dans leur splendeur : fruits rouges, arômes floraux, tendresse des tanins, longueur en bouche, tout est réuni pour flatter les palais les plus délicats.",publish,closed,closed,la-cotelleraie-saint-nicolas-de-bourgueil-le-vau-jaumier-2016,2020-08-07 00:00:00,2020-08-07 00:00:00,"https://www.bottle-neck.fr/?post_type=product&#038;p=15402",product,,-0.5786707478499943,0
4067,1,22.0,31.0,instock,15490,19.0,taxable,2,2018-02-13 00:00:00,2018-02-13 00:00:00,Gilles Robin Crozes-Hermitage Rouge Albéric 2017,Albéric Bouvet est produit à partir des vieilles vignes du domaine. Sa robe est d'un rubis franc. Le nez est une explosion de fruits noirs  puis de fruits rouges. L’attaque de bouche est réglissée. La finale est dominée par un léger boisé et des notes de pain grillé.,publish,closed,closed,gilles-robin-alberic-2017,2020-08-26 00:00:00,2020-08-26 00:00:00,"https://www.bottle-neck.fr/?post_type=product&#038;p=15490",product,,-0.37730813367276805,0
4750,1,16.4,45.0,instock,13627,2.0,taxable,2,2018-04-19 00:00:00,2018-04-19 00:00:00,Domaine de Montgilet Anjou Rouge Les Yvonnais 2015,"Cette cuvée Les Yvonnais s'ouvre sur des arômes concentrés de baies noires mûres et d'épices. Un rouge de Loire vieilli en barriques qui présente des tanins fins et longs en bouche, avec du gras et du volume. Beaucoup de charme et d'élégance pour cette bouteille!",publish,closed,closed,domaine-de-montgilet-anjou-rouge-2016,2020-05-10 00:00:00,2020-05-10 00:00:00,"https://www.bottle-neck.fr/?post_type=product&#038;p=13627",product,,-0.5786707478499943,0
4786,1,12.1,37.0,instock,15881,0.0,taxable,2,2018-04-20 00:00:00,2018-04-19 00:00:00,Maurice Schoech Gewurztraminer 2018,"Ce sont des vignes âgées situées autour d’Ammerschwihr qui donnent naissance à ce gewurztraminer. Développant d'intenses arômes d’épices et de fleurs, c'est un vin puissant et séducteur, légèrement moelleux.",publish,closed,closed,maurice-schoech-gewurztraminer-2018,2020-08-28 00:00:00,2020-08-28 00:00:00,"https://www.bottle-neck.fr/?post_type=product&#038;p=15881",product,,-0.7332884694503642,0
4161,1,11.6,0.0,outofstock,15375,0.0,taxable,2,2018-02-14 00:00:00,2018-02-14 00:00:00,Planeta Sicilia Plumbago 2017,"Plumbago est dominé par des arômes de prunes mûres et de mûres sauvages. Il montre des traits aromatiques d'encens, de jasmin et de truffe noire. Les tanins sont présents mais très équilibrés",publish,closed,closed,planeta-sicilia-plumbago-2017,2020-03-13 00:00:00,2020-03-13 00:00:00,"https://www.bottle-neck.fr/?post_type=product&#038;p=15375",product,,-0.7512672742876165,0
5488,1,43.5,17.0,instock,14712,0.0,taxable,2,2018-10-10 00:00:00,2018-10-10 00:00:00,Decelle-Villa Beaune Rouge 2015,"De couleur de moyenne intensité, ce Beaune offre un bouquet élégant à dominante de griotte et cassis. La bouche est souple et charnue et évoluera avec les années vers des notes de sous-bois et d’épices. Il se mariera bien avec un carpaccio de boeuf ou encore des fromages pas trop forts.",publish,closed,closed,decelle-villa-beaune-rouge-2015,2020-08-20 00:00:00,2020-08-20 00:00:00,"https://www.bottle-neck.fr/?post_type=product&#038;p=14712",product,,0.3957804743290823,0
5613,1,19.2,11.0,instock,14855,6.0,taxable,2,2019-01-16 00:00:00,2019-01-16 00:00:00,Albert Boxler Chasselas 2016,"Cépage réputé modeste, mais cela donne entre les mains de Boxler un vin fin et élégant. Nez aromatique sur le tilleul et la pêche. Bouche ronde, gourmande, et d'une grande profondeur.",publish,closed,closed,albert-boxler-chasselas-2016,2020-08-27 00:00:00,2020-08-27 00:00:00,"https://www.bottle-neck.fr/?post_type=product&#038;p=14855",product,,-0.47798944076138117,0
5443,1,23.6,2.0,instock,14809,5.0,taxable,2,2018-09-14 00:00:00,2018-09-14 00:00:00,La Rectorie Banyuls Léon Parcé 2016,"<div class=""pw-hidden-cp"">Le grenat est très soutenu, sérieux, proche du noir. Au nez, le vin s'exprime sur les senteurs douces de la confiture de mûres, dynamisé par la touche plus vive de la griotte. Puissant, ample, généreux et concentré, le palais a de la mâche, étayé par un tanin solide et bien ouvert sur un fruité mûr. Un banyuls bâti pour durer.</div>
&nbsp;",publish,closed,closed,la-rectorie-banyuls-leon-parce-2016,2020-08-28 00:00:00,2020-08-28 00:00:00,"https://www.bottle-neck.fr/?post_type=product&#038;p=14809",product,,-0.3197759581935605,0
5003,1,48.7,9.0,instock,15869,0.0,taxable,2,2018-07-17 00:00:00,2018-07-17 00:00:00,David Duband Morey-Saint-Denis 2017,"Robe vermillon avec des reflets violines. Le nez est net et franc avec de belles notes de fruits et une touche de réglisse. La bouche est fraiche avec des tannins presque fondus, la finale est facile.

&nbsp;",publish,closed,closed,david-duband-morey-saint-denis-2017,2019-12-31 00:00:00,2019-12-31 00:00:00,"https://www.bottle-neck.fr/?post_type=product&#038;p=15869",product,,0.5827600446365067,0
5711,1,25.0,35.0,instock,16121,5.0,taxable,2,2019-02-01 00:00:00,2019-02-01 00:00:00,Albert Mann Riesling Cuvée Albert 2017,"Il se présente avec une magnifique robe intense d’un jaune soutenu, au jambage bien présent. Le nez expressif s’ouvre progressivement aux arômes de fruits mûrs de lime, de cédrat de Corse et de pamplemousse rose. Il est de bonne augure. Il a une belle tenue, de la rigueur et une grande intensité. Bouche harmonieuse avec de la matière, dotée d’une belle gamme fruitée aux notes de pêche jaune et d’abricot qui lui donne de la gourmandise. Vin pur, salin au profil vertical doté d’une superbe persistance. Sa silhouette est bien structurée, soutenue par un joli fruité qui termine sur une finale salivante.",publish,closed,closed,albert-mann-riesling-albert-2017,2020-07-18 00:00:00,2020-07-18 00:00:00,"https://www.bottle-neck.fr/?post_type=product&#038;p=16121",product,,-0.2694353046492541,0
5913,1,36.0,9.0,instock,10014,0.0,taxable,2,2019-04-05 00:00:00,2019-04-05 00:00:00,Darnley's London Dry Gin Original,"<span title="""">Un gin léger, floral et aromatisé aux agrumes dans le style London Dry. Au nez ressort de généreuses notes d'</span><span title="""">aiguilles de pin, de genévrier, de fleur de sureau, ou encore de limonade. En bouche, les agrumes dominent, accompagnés de </span><span title="""">genièvre, suivis de quelques épices. </span><span title="""">La finale est toute en caractère, sur des notes fruitières et de fleur de sureau.</span>

&nbsp;",publish,closed,closed,darnleys-london-dry-gin-original,2020-08-27 00:00:00,2020-08-27 00:00:00,"https://www.bottle-neck.fr/?post_type=product&#038;p=10014",product,,0.12609840177029727,0
4657,1,43.0,11.0,instock,11847,0.0,taxable,2,2018-04-17 00:00:00,2018-04-17 00:00:00,Thierry Germain Saumur-Champigny Outre Terre 2014,"La robe est rouge vif. Le nez est très floral, sur la pivoine. En bouche, l’attaque est ample et dense avec une belle sucrosité et la jolie amertume en fin de bouche ramène une belle fraîcheur.",publish,closed,closed,thierry-germain-saumur-champigny-outre-terre-2014,2020-03-27 00:00:00,2020-03-27 00:00:00,"https://www.bottle-neck.fr/?post_type=product&#038;p=11847",product,,0.37780166949183,0
5722,1,7.1,118.0,instock,15026,19.0,taxable,2,2019-02-05 00:00:00,2019-02-05 00:00:00,Domaine de l'Hortus Pays de l'Hérault Le Loup Dans La Bergerie 2018,"Issu des jeunes vignes du domaine (Syrah, Grenache et Merlot) Le Loup dans la Bergerie est un rouge convivial et gouleyant, intense au nez, sur de beaux arômes de fruits rouges, accompagnés de nuances subtilement mentholées et épicées. Il offre un bel équilibre en bouche, tout en rondeur et en souplesse, avec très peu de tanins et une finale très fruitée.",publish,closed,closed,domaine-de-lhortus-herault-loup-bergerie-2018,2020-08-21 00:00:00,2020-08-21 00:00:00,"https://www.bottle-neck.fr/?post_type=product&#038;p=15026",product,,-0.9130765178228876,0
5552,1,57.7,12.0,instock,13520,0.0,taxable,2,2018-11-26 00:00:00,2018-11-26 00:00:00,Thierry Germain Saumur Blanc Clos Roman 2016,"<div class=""row"">
<div class=""features-value col-xs-8 col-sm-8 col-md-9"">

La robe est d'un jaune paille, presque cristallin, limpide, lumineuse et brillante. Le premier nez conjugue à la fois concentration, fraîcheur, générosité et puissance. Le 2ème nez laisse apparaître une multitude de senteurs fruitées, florales et végétales. En bouche, il dévoile une palette aromatique de fruits blancs et exotiques. On notera même un côté agrume sur le citron ou le pamplemousse. On décèle enfin de jolies notes florales sur l'acacia ou l'aubépine.

</div>
</div>",publish,closed,closed,thierry-germain-saumur-blanc-clos-romans-2016,2019-04-25 00:00:00,2019-04-25 00:00:00,"https://www.bottle-neck.fr/?post_type=product&#038;p=13520",product,,0.9063785317070486,0
4885,1,18.7,6.0,instock,14981,0.0,taxable,2,2018-05-12 00:00:00,2018-05-11 00:00:00,Saumaize-Michelin Mâcon Vergisson Sur La Roche 2017,"<div id=""wrapper"">
<div id=""container-wrapper"">
<div id=""content-wrapper"">
<div class=""contenu""><section id=""vue"">
<div class=""wysiwyg"">

Les vignes d'altitude situées sur un terroir caillouteux donnent un vin d'une grande tension avec un caractère minéral affirmé.

</div>
</section></div>
</div>
</div>
</div>
<footer>
<div id=""footer-wrapper"">
<div id=""footer-container""></div>
</div>
</footer>",publish,closed,closed,saumaize-michelin-macon-vergisson-sur-la-roche-2017,2020-08-04 00:00:00,2020-08-04 00:00:00,"https://www.bottle-neck.fr/?post_type=product&#038;p=14981",product,,-0.4959682455986335,0
4232,1,11.1,35.0,instock,16269,2.0,taxable,2,2018-02-17 00:00:00,2018-02-17 00:00:00,Argentine Mendoza Alamos Chardonnay 2019,"Cet Alamos Chardonnay offre tous les attraits d'un raisin d'altitude vendangé à belle maturité. Au nez, les notes fraîches d'agrumes se conjuguent idéalement aux arômes luxuriants de fruits exotiques ou de poires. La bouche ronde et riche offre un fruit succulent réhaussé d'une touche agréablement vanillée. Intense et croquant, cet Alamos Chardonnay finit sur une agréable sensation de fraîcheur.",publish,closed,closed,catena-zapata-mendoza-alamos-chardonnay-2019,2020-08-25 00:00:00,2020-08-25 00:00:00,"https://www.bottle-neck.fr/?post_type=product&#038;p=16269",product,,-0.7692460791248689,0
4144,1,49.0,11.0,instock,1662,87.0,taxable,2,2018-02-14 00:00:00,2018-02-14 00:00:00,Champagne Gosset Grand Rosé,"Le nez exprime sans détour la fraise, dans sa forme fraîche comme dans celle de confiture ou de fruits cuits. La bouche est structurée tout en étant dans cette constante d’équilibre entre tension de fraîcheur et rondeur de fruité. Elle est dominée par le pulpeux du fruit rouge telle la fraise des bois (crème ou coulis) procurant une sensation douce et enrobante. Un champagne d’apparence accessible et simple dans sa jeunesse mais dont la maturation conservera voire intensifiera la beauté.<a id=""eztoc494_0_3"" name=""eztoc494_0_3""></a>",publish,closed,closed,champagne-gosset-grand-rose,2020-08-15 00:00:00,2020-08-15 00:00:00,"https://www.bottle-neck.fr/?post_type=product&#038;p=1662",product,,0.593547327538858,0
4656,1,43.0,3.0,instock,10814,0.0,taxable,2,2018-04-17 00:00:00,2018-04-17 00:00:00,Thierry Germain Saumur-Champigny Outre Terre 2013,"La robe est rouge vif. Le nez est très floral, sur la pivoine. En bouche, l’attaque est ample et dense avec une belle sucrosité et la jolie amertume en fin de bouche ramène une belle fraîcheur.",publish,closed,closed,thierry-germain-saumur-champigny-outre-terre-2013,2020-08-06 00:00:00,2020-08-06 00:00:00,"https://www.bottle-neck.fr/?post_type=product&#038;p=10814",product,,0.37780166949183,0
4246,1,15.3,25.0,instock,15428,7.0,taxable,2,2018-02-20 00:00:00,2018-02-20 00:00:00,Domaine Saint-Denis Mâcon Lugny 2017,"Un très joli Mâcon sur la fraîcheur, net et équilibré. Un nez discret mais complexe sur les fruits et les fleurs blanches. La bouche présente une excellente fraîcheur aromatique et minérale.",publish,closed,closed,st-denis-macon-lugny-2017,2020-08-10 00:00:00,2020-08-10 00:00:00,"https://www.bottle-neck.fr/?post_type=product&#038;p=15428",product,,-0.6182241184919494,0
5769,1,33.6,0.0,outofstock,15254,0.0,taxable,2,2019-03-14 00:00:00,2019-03-14 00:00:00,Camille Giroud Marsannay Rouge Les Longeroies 2016,"<div>Ce vin provient de vignes situées à Marsannay-La-Côte dans les lieux-dits Les Longeroies Dessus et Bas. Exposées au sud-est et à une altitude de 270 à 300 mètres, elles reposent sur un sol brun mince, argileux, riche en pierres (calcaire et chailles) résultant de l’altération des calcaires de Premeaux sous-jacents pour la partie haute et un sol d’épaisseur moyenne (50 à 70 centimètres d’ épaisseur) reposant sur des marnes riches en précipitations secondaires de calcaires et des cailloutis alluviaux abandonnés par la rivière l’Ouche lorsqu’elle coulait à Marsannay-La-Côte pour la partie basse.</div>
&nbsp;",publish,closed,closed,camille-giroud-marsannay-longeroies-2016,2019-07-22 00:00:00,2019-07-22 00:00:00,"https://www.bottle-neck.fr/?post_type=product&#038;p=15254",product,,0.03980013855148613,0
4776,1,6.8,11.0,instock,14302,7.0,taxable,2,2018-04-20 00:00:00,2018-04-19 00:00:00,Château de La Liquière Pays d'Hérault Blanc A Mi Chemin 2017,"Un vin plein d'éclat et de fraîcheur, aux notes d'agrumes et de fleurs blanches.",publish,closed,closed,chateau-de-la-liquiere-pays-dherault-blanc-a-mi-chemin-2017,2020-08-22 00:00:00,2020-08-22 00:00:00,"https://www.bottle-neck.fr/?post_type=product&#038;p=14302",product,,-0.923863800725239,0
4216,1,13.4,34.0,instock,15213,1.0,taxable,2,2018-02-16 00:00:00,2018-02-16 00:00:00,Domaine de l'Ecu Muscadet Classic 2018,"Robe jaune paille, cristalline. Nez mêlant des notes fumées sur fond d’agrumes et de fleurs blanches, fines notes d’encaustique. La bouche est tapissante, présente un beau volume mais aussi une tension et une fraîcheur qui ne saurait déplaire aux amateurs de Muscadet.",publish,closed,closed,ecu-muscadet-classic-2018,2020-07-10 00:00:00,2020-07-10 00:00:00,"https://www.bottle-neck.fr/?post_type=product&#038;p=15213",product,,-0.6865435768735082,0
5902,1,35.1,9.0,instock,14095,0.0,taxable,2,2019-03-29 00:00:00,2019-03-29 00:00:00,Stéphane Tissot Arbois Pinot Noir Sous La Tour 2016,"Un vin épicé, légèrement fumé avec de belles notes de fruits rouges très présentes. La bouche est structurée avec des tanins très fins.",publish,closed,closed,stephane-tissot-arbois-pinot-noir-sous-la-tour-2016,2020-05-23 00:00:00,2020-05-23 00:00:00,"https://www.bottle-neck.fr/?post_type=product&#038;p=14095",product,,0.09373655306324313,0
4217,1,17.1,17.0,instock,15672,0.0,taxable,2,2018-02-16 00:00:00,2018-02-16 00:00:00,Domaine de l'Ecu Muscadet Granite 2018,"Robe Or blanc. Nez élégant sur des notes minérales prononcées, notes de pierre à fusil et de silex, notes d’agrumes, notes salines. L’attaque est nette et droite, la bouche est cristalline et empreinte d’une très grande pureté; bouche élancée, grasse et complexe mêlant notes minérales et notes d’agrumes. Un vin doté d’une grande allonge avec une persistance iodée.",publish,closed,closed,domaine-de-lecu-muscadet-granite-2018,2020-08-02 00:00:00,2020-08-02 00:00:00,"https://www.bottle-neck.fr/?post_type=product&#038;p=15672",product,,-0.5535004210778409,0
4633,1,52.4,2.0,instock,804,3.0,taxable,2,2018-04-14 00:00:00,2018-04-14 00:00:00,Marcel Windholtz Eau de Vie de Mirabelle d'Alsace Réserve Particulière,"Les eaux de vie naissent d'une subtile alchimie où deux éléments fondamentaux se conjuguent pour que la réussite soit présente au creux de votre verre à dégustation... D'abord on ne s'improvise pas distillateur: chez les Windholtz ce sont trois  générations qui ont accumulé le plein d'expérience dans l'art subtil de ""séparer par la chaleur les principes fixes et volatiles"".
Ensuite entre moûts et alambic au long col, au milieu des vapeurs, c'est le savoir-faire qui préside à la transmutation mystérieuse et réfléchie destinées à sublimer et à faire chanter les fruits...",publish,closed,closed,marcel-windholtz-eau-de-mirabelle-dalsace-reserve-particuliere,2020-07-23 00:00:00,2020-07-23 00:00:00,"https://www.bottle-neck.fr/?post_type=product&#038;p=804",product,,0.7158032004321738,0
4395,1,27.5,8.0,instock,11587,0.0,taxable,2,2018-03-22 00:00:00,2018-03-22 00:00:00,Wemyss Malts Blended Scotch Whisky Lord Elcho,"Un Whisky frais et vif. Le nez évoque une salade de fruits, des pommes vertes ou encore des raisins secs.  La bouche est ample et douce avec des vagues de caramel et un soupçon de sirop de gingembre, des notes de fruits rouges comme la grenade. La finale est sèche et longue avec des arômes de Noix du Brésil, de pécan ou encore de caramel et de cannelle.",publish,closed,closed,whisky-lord-elcho,2020-06-18 00:00:00,2020-06-18 00:00:00,"https://www.bottle-neck.fr/?post_type=product&#038;p=11587",product,,-0.1795412804629924,0
5480,1,10.4,37.0,instock,16306,1.0,taxable,2,2018-10-10 00:00:00,2018-10-10 00:00:00,Domaine Bulliat Chiroubles Cuvée Félix 2019,"Un très joli Chiroubles, souple, élégant et très fruité. Une multitude d'arômes floraux accompagnés de quelques épices douces et doté d'une belle matière.",publish,closed,closed,domaine-bulliat-chiroubles-2019,2020-08-26 00:00:00,2020-08-26 00:00:00,"https://www.bottle-neck.fr/?post_type=product&#038;p=16306",product,,-0.7944164058970222,0
5609,1,38.6,25.0,instock,15930,2.0,taxable,2,2019-01-16 00:00:00,2019-01-16 00:00:00,Domaine Weinbach Riesling Cuvée Colette 2018,"Le Riesling Cuvée Colette, hommage à la mère et à la grand-mère de Catherine Faller, provient des vieilles vignes du Grand Cru Schlossberg. Avec son nez intense et délicat d'agrumes mûrs et de fruits à chair blanche, le vin nous guide vers une bouche ample, équilibrée, dans un style à la fois gras et vif. Un Riesling racé, à la concentration et l'élégance remarquables !",publish,closed,closed,domaine-weinbach-riesling-colette-2018,2020-08-28 00:00:00,2020-08-28 00:00:00,"https://www.bottle-neck.fr/?post_type=product&#038;p=15930",product,,0.21958818692400947,0
4720,1,15.9,10.0,instock,16513,15.0,taxable,2,2018-04-18 00:00:00,2018-04-18 00:00:00,Domaine Schoenheitz Riesling Herrenreben 2018,"Jaune pâle brillant à reflets or vert. Un nez  intense bien typique avec une dominante minérale et de très belles et fraîches notes d'agrumes (citron, zeste de pamplemousse) . Après une attaque ferme, il est particulièrement dense en bouche avec une solide structure affinée par une belle minéralité et une très fine et longue acidité qui lui confère une remarquable persistance. Un très beau Riesling caractéristique de son terroir granitique.",publish,closed,closed,domaine-schoenheitz-riesling-herrenreben-2018,2020-08-27 00:00:00,2020-08-27 00:00:00,"https://www.bottle-neck.fr/?post_type=product&#038;p=16513",product,,-0.5966495526872466,0
5967,1,56.3,9.0,instock,11669,0.0,taxable,2,2019-04-19 00:00:00,2019-04-19 00:00:00,Zind-Humbrecht Gewurztraminer Clos Windsbuhl 2012,"Le nez est discret et éventuellement développe une intensité minérale très complexe pour ce cépage souvent trop parfumé. Les arômes de fruits et d’agrumes sont masqués par le terroir et l’influence de l’élevage sur lies. Le terroir se manifeste éventuellement après une longue ouverture, surtout en bouche, où l’on retrouve l’amertume noble du Windsbuhl associée à une harmonie basée sur l’acidité et la finesse des tannins. C’est un vin tout en retenue et délicatesse. Seul un grand terroir peut maîtriser ce cépage de la sorte.",publish,closed,closed,zind-humbrecht-gewurztraminer-windsbuhl-2012,2020-01-17 00:00:00,2020-01-17 00:00:00,"https://www.bottle-neck.fr/?post_type=product&#038;p=11669",product,,0.8560378781627419,0
4096,1,22.8,12.0,instock,15564,0.0,taxable,2,2018-02-13 00:00:00,2018-02-13 00:00:00,Paul Ginglinger Pinot Gris Grand Cru Eichberg 2015,"Il provient d’une unique parcelle située en plein cœur du Grand Cru sur le lieu-dit Oberer Striebicher. Ce Pinot Gris y puise une grande puissance, anoblie par la rigueur caractéristique du cru. Il s’exprime ainsi sur un corps imposant tout en conservant une structure droite et précise.",publish,closed,closed,paul-ginglinger-pinot-gris-gc-eichberg-2015,2020-08-22 00:00:00,2020-08-22 00:00:00,"https://www.bottle-neck.fr/?post_type=product&#038;p=15564",product,,-0.3485420459331643,0
4674,1,19.0,41.0,instock,16056,7.0,taxable,2,2018-04-18 00:00:00,2018-04-18 00:00:00,Domaine Pellé Sancerre Blanc La Croix Au Garde 2018,"Depuis 1982, le domaine cultive 5 hectares de Sancerre sur la commune de Montigny. Le terroir argilo-calcaire de type «caillotes» produit des vins d’une grande régularité et d’une belle finesse. Un vin de belle persistance aromatique où se mêlent des notes d’agrumes et des arômes floraux soutenus par une jolie minéralité.",publish,closed,closed,pelle-sancerre-blanc-la-croix-au-garde-2018,2020-08-24 00:00:00,2020-08-24 00:00:00,"https://www.bottle-neck.fr/?post_type=product&#038;p=16056",product,,-0.4851809626962821,0
4755,1,7.4,97.0,instock,16132,0.0,taxable,2,2018-04-19 00:00:00,2018-04-19 00:00:00,Domaine de Montgilet Vin de France Grolleau 2019,"C'est un vin de soif, léger et épicé. Le Grolleau est un vin de copains, tout en facilité et en gourmandise.",publish,closed,closed,domaine-de-montgilet-vin-de-france-grolleau-2019,2020-08-25 00:00:00,2020-08-25 00:00:00,"https://www.bottle-neck.fr/?post_type=product&#038;p=16132",product,,-0.9022892349205363,0
4152,1,19.2,57.0,instock,16238,7.0,taxable,2,2018-02-14 00:00:00,2018-02-14 00:00:00,Elian Daros Côtes du Marmandais Chante Coucou 2016,"Vin structuré et complexe avec des arômes épicés et frais . Une vinification douce et respectueuse du fruit, suivie d’un élevage long en fûts de plusieurs vins permettent d’obtenir un vin aux tanins fins et soyeux. Le terroir argilo-graveleux apporte de la rondeur aux tanins et <em>Chante Coucou</em> se marie bien avec des mets en sauce. <em>Chante Coucou</em> est un vin de garde, s’il est bu jeune il est parfois bon de le carafer pour l’aider à s’ouvrir et à s’exprimer.",publish,closed,closed,elian-daros-cotes-du-marmandais-chante-coucou-2016,2020-08-27 00:00:00,2020-08-27 00:00:00,"https://www.bottle-neck.fr/?post_type=product&#038;p=16238",product,,-0.47798944076138117,0
4613,1,16.9,31.0,instock,15030,9.0,taxable,2,2018-04-14 00:00:00,2018-04-14 00:00:00,Gilbert Picq Chablis 2017,"Un Chablis Village qui a tout d'un grand! Riche et complet, frais et minéral, son volume et son équilibre impressionnent, la finale est elle, zestée et saline.",publish,closed,closed,gilbert-picq-chablis-2017,2020-08-28 00:00:00,2020-08-28 00:00:00,"https://www.bottle-neck.fr/?post_type=product&#038;p=15030",product,,-0.560691943012742,0
5614,1,19.2,39.0,instock,14856,3.0,taxable,2,2019-01-16 00:00:00,2019-01-16 00:00:00,Albert Boxler Crémant d'Alsace Brut 2014,"Un superbe crémant doté d'une bulle fine et charmeuse. Il délivre des arômes enjôleurs d'agrumes, de fruits jaunes, de poire accompagné d'une bulle rafraîchissante. Un pur régal!",publish,closed,closed,albert-boxler-cremant-2014,2020-08-26 00:00:00,2020-08-26 00:00:00,"https://www.bottle-neck.fr/?post_type=product&#038;p=14856",product,,-0.47798944076138117,0
4718,1,18.2,19.0,instock,15670,0.0,taxable,2,2018-04-18 00:00:00,2018-04-18 00:00:00,Domaine Schoenheitz Pinot Noir Val Saint Grégoire 2017,Couleur rouge cerise brillant à reflets grenat.  Nez intense aux arômes frais et délicats de petits fruits rouges avec une dominante de kirsch. Belle présence en bouche avec beaucoup de fruit et une grande puissance.,publish,closed,closed,domaine-schoenheitz-pinot-noir-val-saint-gregoire-2017,2020-07-10 00:00:00,2020-07-10 00:00:00,"https://www.bottle-neck.fr/?post_type=product&#038;p=15670",product,,-0.5139470504358858,0
4042,1,31.2,34.0,instock,16042,7.0,taxable,2,2018-02-12 00:00:00,2018-02-12 00:00:00,Pierre Gaillard Cornas 2017,"Une jolie robe grenat avec des reflets violacés. Un  nez de petits fruits noirs et de notes épicées. Belle structure, tanins aboutis et beaucoup de finesse.",publish,closed,closed,pierre-gaillard-cornas-2017,2020-08-14 00:00:00,2020-08-14 00:00:00,"https://www.bottle-neck.fr/?post_type=product&#038;p=16042",product,,-0.04649812466732515,0
5706,1,10.3,22.0,instock,15674,0.0,taxable,2,2019-02-01 00:00:00,2019-02-01 00:00:00,Domaine des Terres d'Ocre Saint-Pourçain Blanc Instant T 2018,"Assemblage de tressailler et chardonnay aux notes de citron et de verveine. Il séduit avec sa matière droite, croquante et persistante.",publish,closed,closed,domaine-terres-d-ocre-saint-pourcain-blanc-instant-t-2018,2020-08-05 00:00:00,2020-08-05 00:00:00,"https://www.bottle-neck.fr/?post_type=product&#038;p=15674",product,,-0.7980121668644726,0
4900,1,20.8,42.0,instock,16063,1.0,taxable,2,2018-05-15 00:00:00,2018-05-15 00:00:00,Domaine Brintet Mercurey Rouge Vieilles Vignes 2018,"Ce Mercurey rouge possède un charme particulier. Typique, il est à la fois fruité et minéral. Ces caractéristiques s'associent à une solide charpente, ample et d'une bonne longueur en bouche.",publish,closed,closed,domaine-brintet-mercurey-rouge-vieilles-vignes-2018,2020-08-26 00:00:00,2020-08-26 00:00:00,"https://www.bottle-neck.fr/?post_type=product&#038;p=16063",product,,-0.42045726528217364,0
4261,1,9.9,89.0,instock,15662,1.0,taxable,2,2018-02-27 00:00:00,2018-02-27 00:00:00,Chermette Domaine du Vissoux Beaujolais Griottes 2018,"C'est le Beaujolais typique : fruité, frais, gouleyant, croquant avec un côté acidulé de fruits rouges frais : griottes, framboise, fraise. Vin convivial par excellence, il se boit entre amis de façon décontractée. Il se marie avec une grande variété de circonstances et de mets. Il est parfait pour les barbecues, mâchons...",publish,closed,closed,chermette-domaine-du-vissoux-beaujolais-griottes-2018,2020-07-11 00:00:00,2020-07-11 00:00:00,"https://www.bottle-neck.fr/?post_type=product&#038;p=15662",product,,-0.8123952107342746,0
6070,1,9.3,124.0,instock,16133,1.0,taxable,2,2019-05-17 00:00:00,2019-05-17 00:00:00,Borie La Vitarèle Pays d'Hérault Les Cigales 2019,"La Cuvée des Cigales est composée de 50% de Grenache et 50% de Merlot prélevés sur les différents terroirs du domaine. Ces deux cépages tout en rondeur en font un vin de terrasse, un vin rafraîchissant où explosent les arômes de fruits et de garrigue.",publish,closed,closed,borie-la-vitarele-pays-herault-cigales-2019,2020-08-28 00:00:00,2020-08-28 00:00:00,"https://www.bottle-neck.fr/?post_type=product&#038;p=16133",product,,-0.8339697765389773,0
4799,1,14.9,56.0,instock,15811,3.0,taxable,2,2018-04-20 00:00:00,2018-04-20 00:00:00,Domaine de la Monardière Vacqueyras Les Deux Monardes 2017,"Précédé par une belle robe carmin, il exhale des notes de prune avec des nuances de tabac. Le corps est ample, bien découpé, avec une assise tannique très savoureuse.",publish,closed,closed,domaine-de-la-monardiere-vacqueyras-les-deux-monardes-2017,2020-08-28 00:00:00,2020-08-28 00:00:00,"https://www.bottle-neck.fr/?post_type=product&#038;p=15811",product,,-0.6326071623617513,0
4634,1,41.0,4.0,instock,41,0.0,taxable,2,2018-04-15 00:00:00,2018-04-14 00:00:00,Marcel Windholtz Eau de Vie de Marc de Gewurztraminer,"Les eaux de vie naissent d'une subtile alchimie où deux éléments fondamentaux se conjuguent pour que la réussite soit présente au creux de votre verre à dégustation... D'abord on ne s'improvise pas distillateur: chez les Windholtz ce sont trois  générations qui ont accumulé le plein d'expérience dans l'art subtil de ""séparer par la chaleur les principes fixes et volatiles"".
Ensuite entre moûts et alambic au long col, au milieu des vapeurs, c'est le savoir-faire qui préside à la transmutation mystérieuse et réfléchie destinées à sublimer et à faire chanter les fruits...",publish,closed,closed,marcel-windholtz-eau-de-marc-de-gewurztraminer,2020-08-03 00:00:00,2020-08-03 00:00:00,"https://www.bottle-neck.fr/?post_type=product&#038;p=41",product,,0.3058864501428206,0
5068,1,59.9,1.0,instock,15345,0.0,taxable,2,2018-07-31 00:00:00,2018-07-31 00:00:00,Albert Mann Pinot Noir Grand P 2017,"Le Grand P provient est élevé sur le Grand Cru Pfersigberg à Eguisheim. La robe est rouge rubis et assez profonde. Le nez est marqué par des arômes de fruits rouges et de fruits noirs. Une certaine élégance apparait au premier nez qui est confirmé par la bouche. Une attaque franche avec du volume, des tanins présents et assez soyeux. La finale est saline et amène une belle minéralité en bouche. C’est un jeune homme élégant qui ne demande qu’à mûrir un peu en bouteille.",publish,closed,closed,albert-mann-pinot-noir-grand-p-2017,2020-06-27 00:00:00,2020-06-27 00:00:00,"https://www.bottle-neck.fr/?post_type=product&#038;p=15345",product,,0.9854852729909588,0
4287,1,38.6,22.0,instock,16065,1.0,taxable,2,2018-03-01 00:00:00,2018-03-01 00:00:00,Domaine Hauvette Les Baux de Provence Cornaline 2014,"Un grand vin des Baux de Provence élégant, puissant, charnu, et intense.",publish,closed,closed,domaine-hauvette-cornaline-2014,2020-07-17 00:00:00,2020-07-17 00:00:00,"https://www.bottle-neck.fr/?post_type=product&#038;p=16065",product,,0.21958818692400947,0
4286,1,69.8,4.0,instock,16066,10.0,taxable,2,2018-03-01 00:00:00,2018-03-01 00:00:00,Domaine Hauvette Les Baux de Provence Amethyste 2017,"Un vin rouge profond, minéral et comme tous les vins de Dominique Hauvette très élégant. La grande majorité de Cinsault apporte beaucoup de souplesse et d'élégance à cette cuvée.",publish,closed,closed,hauvette-baux-provence-amethyste-2017,2020-07-17 00:00:00,2020-07-17 00:00:00,"https://www.bottle-neck.fr/?post_type=product&#038;p=16066",product,,1.341465608768555,0
4288,1,26.7,8.0,instock,15292,1.0,taxable,2,2018-03-01 00:00:00,2018-03-01 00:00:00,Domaine Hauvette IGP Alpilles Jaspe 2017,"Un magnifique blanc 100% Roussanne avec une fraîcheur, de l'élégance et de la gourmandise. Un grand blanc du Sud !",publish,closed,closed,domaine-hauvette-igp-alpilles-jaspe-2017-2,2020-08-27 00:00:00,2020-08-27 00:00:00,"https://www.bottle-neck.fr/?post_type=product&#038;p=15292",product,,-0.20830736820259615,0
5550,1,34.3,0.0,outofstock,13958,0.0,taxable,2,2018-11-26 00:00:00,2018-11-26 00:00:00,Thierry Germain Saumur-Champigny La Marginale 2017,"La robe est d’une belle couleur rubis intense et offre une arborescence de reflets sans aucune nuance d’évolution. Le nez libère de jolies nuances mentholées, de liqueur de fruits rouges ou encore d’anis étoilé.
En bouche l’attaque est droite, puissante et suggère d’emblée tout le potentiel d’un grand terroir. Son fruité intense semble imposant et l’acidité, sans ostentation, dessine les contours de la matière garant de l’identité aromatique des saveurs. L’alcool est enrobé et structure la matière dans sa verticalité.
La finale transcende par sa netteté et sa richesse.",publish,closed,closed,thierry-germain-saumur-champigny-la-marginale-2017__trashed,2020-08-27 00:00:00,2020-08-27 00:00:00,"https://www.bottle-neck.fr/?post_type=product&#038;p=13958",product,,0.06497046532363925,0
5563,1,58.0,0.0,outofstock,19821,0.0,taxable,2,2018-11-26 00:00:00,2018-11-26 00:00:00,Tempier Bandol Tourtine 2017,"<div id=""wrapper"">
<div id=""container-wrapper"">
<div id=""content-wrapper"">
<div class=""contenu""><section id=""vue"">
<div class=""wysiwyg"">

Souvent balayé par le mistral, La Tourtine est particulièrement bien exposée, ce qui donne un vin de grande garde qui a toujours ces arômes de petits fruits rouges et d’épices, même après 10 à 15 ans de garde.

</div>
</section></div>
</div>
</div>
</div>
<footer>
<div id=""footer-wrapper"">
<div id=""footer-container""></div>
</div>
</footer>",publish,closed,closed,tempier-bandol-tourtine-2017,2019-11-03 00:00:00,2019-11-02 00:00:00,"https://www.bottle-neck.fr/?post_type=product&#038;p=19821",product,,0.9171658146093999,0
6616,1,15.4,8.0,instock,15781,1.0,taxable,2,2020-01-18 00:00:00,2020-01-18 00:00:00,Clos du Mont-Olivet Lirac Rouge 2017,"Les vignes de Grenaches, de Syrahs et de Cinsaults sont situées sur les communes de Saint-Laurent-des-Arbres et Saint-Geniès-de-Comolas sur la rive droite du Rhône. Les sols, très riches en sables pliocènes avec sur certaines parcelles la présence de silice rouge mêlée de quelques galets éparses, confèrent profondeur et fraîcheur dans les vins.",publish,closed,closed,clos-du-mont-olivet-lirac-2017,2020-07-31 00:00:00,2020-07-31 00:00:00,"https://www.bottle-neck.fr/?post_type=product&#038;p=15781",product,,-0.614628357524499,0
4076,1,14.05,53.0,instock,13072,4.0,taxable,2,2018-02-13 00:00:00,2018-02-13 00:00:00,Plateau des Chênes Lirac 2016,"Nez s’ouvrant à l’aération sur des notes d’agrumes, de fruits blancs. Bonne tenue en bouche, de l’ampleur, de la rondeur, de la fraîcheur. On retrouve en finale le registre épicé. Une réussite.",publish,closed,closed,plateau-des-chenes-lirac-blanc-2016,2020-06-25 00:00:00,2020-06-25 00:00:00,"https://www.bottle-neck.fr/?post_type=product&#038;p=13072",product,,-0.6631711305850801,0
5709,1,31.7,0.0,outofstock,15035,0.0,taxable,2,2019-02-01 00:00:00,2019-02-01 00:00:00,Philippe Alliet Chinon Rouge Coteau de Noiré 2016,"La sensation crayeuse des sols argilo-calcaires de ce coteau est sous-jacente dans cette matière pulpeuse, aux tanins civilisés. L'énergie propulsée dans ce vin est phénoménale. Son allonge se montre raffinée, encore retenue. Il évoluera avec une certaine grâce et un élan sapide incroyable.",publish,closed,closed,alliet-chinon-rouge-noire-2016,2019-05-21 00:00:00,2019-05-21 00:00:00,"https://www.bottle-neck.fr/?post_type=product&#038;p=15035",product,,-0.028519319830072814,0
4071,1,33.2,16.0,instock,15953,19.0,taxable,2,2018-02-13 00:00:00,2018-02-13 00:00:00,Château de Vaudieu Châteauneuf-du-Pape Rouge 2015,"Elégance, suavité, et gourmandise. Déjà délicieux sur le fruit, c’est entre 5 et 15 ans qu’il faut en attendre le meilleur.",publish,closed,closed,vaudieu-chateauneuf-2015,2020-08-28 00:00:00,2020-08-28 00:00:00,"https://www.bottle-neck.fr/?post_type=product&#038;p=15953",product,,0.025417094681684314,0
4165,1,12.0,57.0,instock,15075,3.0,taxable,2,2018-02-15 00:00:00,2018-02-15 00:00:00,Parés Baltà Penedès Indigena 2017,"Des couleurs et aromes intenses où le fruit et la fraicheur s’affirment. Nous pouvons reconnaître différents genres de fruits rouges accompagnés de subtiles touches de bois , résultat de son court passage en fût. Le fruit est clairement omniprésent en bouche également, confirmant la rondeur et l’élégance de ce vin. Il nous invite à le déguster et à l’apprécier encore et encore.",publish,closed,closed,pares-balta-penedes-indigena-2017,2020-08-21 00:00:00,2020-08-21 00:00:00,"https://www.bottle-neck.fr/?post_type=product&#038;p=15075",product,,-0.7368842304178147,0
6047,1,10.9,46.0,instock,16264,38.0,taxable,2,2019-05-03 00:00:00,2019-05-03 00:00:00,Château de La Liquière Faugères L'Ampoule 2019,"Le Cinsault s'exprime à merveille sur les terroirs rudes et pierreux des coteaux de Faugères. Le vin est gourmand, aux arômes de fruits frais et d'épices légères. La bouche est soyeuse mais ne manque pas de caractère! La finale est nette et minérale. Assurément la cuvée de votre printemps!",publish,closed,closed,chateau-de-la-liquiere-faugeres-ampoule-2019,2020-08-25 00:00:00,2020-08-25 00:00:00,"https://www.bottle-neck.fr/?post_type=product&#038;p=16264",product,,-0.7764376010597699,0
4605,1,32.2,1.0,instock,15148,0.0,taxable,2,2018-04-14 00:00:00,2018-04-14 00:00:00,Catherine et Claude Maréchal Savigny-Lès-Beaune Rouge 2016,"Les Marechal proposent un vin rouge à la structure équilibrée et aux tanins bien enrobés. Il offre un nez riche mêlé de notes fruitées, boisées et épicées. En bouche, on retrouve les fruits de son bouquet avec, en plus, volume et persistance. Un vin de plaisir, presque féminin.",publish,closed,closed,catherine-et-claude-marechal-savigny-les-beaune-rouge-2016,2020-08-08 00:00:00,2020-08-08 00:00:00,"https://www.bottle-neck.fr/?post_type=product&#038;p=15148",product,,-0.010540514992820353,0
4977,1,16.3,47.0,instock,14930,3.0,taxable,2,2018-06-08 00:00:00,2018-06-08 00:00:00,Château Lafont Menaut Pessac-Leognan Blanc 2017,"<div id=""wrapper"">
<div id=""container-wrapper"">
<div id=""content-wrapper"">
<div class=""contenu""><section id=""vue"">Un nez d'une belle aromatique sur les agrumes et les fleurs blanches. Il est vif, d'une grande fraîcheur équilibré et long en bouche.</section></div>
</div>
</div>
</div>
<footer>
<div id=""footer-wrapper"">
<div id=""footer-container""></div>
</div>
</footer>",publish,closed,closed,chateau-lafont-menaut-pessac-leognan-blanc-2017,2020-08-25 00:00:00,2020-08-25 00:00:00,"https://www.bottle-neck.fr/?post_type=product&#038;p=14930",product,,-0.5822665088174447,0
5894,1,15.4,18.0,instock,16539,5.0,taxable,2,2019-03-28 00:00:00,2019-03-28 00:00:00,Thevenet Quintaine Viré-Clessé Emilian Gillet 2017,Les vignes du Domaine Emilian Gillet s’épanouissent sur un sol calcaire qui confère au vin une fraîcheur minérale particulière qui se fond dans des arômes d’agrumes et de fleurs blanches.,publish,closed,closed,thevenet-quintaine-vire-clesse-emilian-gillet-2017,2020-08-28 00:00:00,2020-08-28 00:00:00,"https://www.bottle-neck.fr/?post_type=product&#038;p=16539",product,,-0.614628357524499,0
5610,1,18.0,11.0,instock,14912,0.0,taxable,2,2019-01-16 00:00:00,2019-01-16 00:00:00,Domaine Weinbach Pinot Blanc 2017,"Cette cuvée Pinot Blanc trouve ses origines au Clos des Capucins et vignobles adjacents, sur un terroir de graves. Un raisin cueillit à maturité optimale donne un vin au nez délicat, sur des notes de fruits frais. La bouche révèle une belle ampleur, une grande pureté aromatique et une belle droiture. Un vin friand à découvrir sans attendre !",publish,closed,closed,domaine-weinbach-pinot-blanc-2017,2020-08-20 00:00:00,2020-08-20 00:00:00,"https://www.bottle-neck.fr/?post_type=product&#038;p=14912",product,,-0.5211385723707868,0
4615,1,24.0,10.0,instock,16186,7.0,taxable,2,2018-04-14 00:00:00,2018-04-14 00:00:00,Alphonse Mellot Sancerre Blanc La Moussière 2018,"Il séduit d'emblée par sa pureté et sa franchise. La bouche est vive, souple et souriante. C'est la franchise qui prime dans un équilibre souriant. Elle nous traduit un joli raisin, une belle vendange dans le chant et les rires des vendangeurs et des… vendangeuses. Elle nous raconte un travail bien fait dans le respect de l'ordre céleste et la générosité de la nature. C'est juste, on y trouve tout ce que l'on espérait et le bonheur en plus.",publish,closed,closed,alphonse-mellot-sancerre-blanc-la-moussiere-2018,2020-08-27 00:00:00,2020-08-27 00:00:00,"https://www.bottle-neck.fr/?post_type=product&#038;p=16186",product,,-0.3053929143237587,0
4929,1,16.7,4.0,instock,15927,2.0,taxable,2,2018-05-18 00:00:00,2018-05-17 00:00:00,Domaine La Croix Belle Côtes de Thongue Rouge N°7 2017,"Robe pourpre, profonde et brillante. Nez complexe aux arômes de fruits noirs, de café, moka et relevé par les épices (poivre noir). Bouche riche et veloutée, vin moderne aux notes fumées.",publish,closed,closed,domaine-la-croix-belle-cotes-de-thongue-rouge-n7-2017,2020-08-15 00:00:00,2020-08-15 00:00:00,"https://www.bottle-neck.fr/?post_type=product&#038;p=15927",product,,-0.5678834649476429,0
4182,1,16.7,53.0,instock,15747,3.0,taxable,2,2018-02-15 00:00:00,2018-02-15 00:00:00,Borie La Vitarèle Saint-Chinian Les Schistes 2017,"Beaucoup de délicatesse dans des nuances épicées, beaucoup de finesse dans les senteurs. C'est un vin unique par la finesse de ses tanins.",publish,closed,closed,borie-la-vitarele-saint-chinian-les-schistes-2017,2020-08-15 00:00:00,2020-08-15 00:00:00,"https://www.bottle-neck.fr/?post_type=product&#038;p=15747",product,,-0.5678834649476429,0
4051,1,7.7,41.0,instock,16045,6.0,taxable,2,2018-02-12 00:00:00,2018-02-12 00:00:00,Jeanne Gaillard IGP Collines Rhodaniennes Syrah Terre de Mandrin 2018,"Terre de Mandrin est vinifié par la fille de Pierre Gaillard, Jeanne. Ce vin est représentatif de sa parcelle: frais et aéré, et donc très digeste!",publish,closed,closed,pierre-gaillard-syrah-terre-mandrin-2018,2020-08-28 00:00:00,2020-08-28 00:00:00,"https://www.bottle-neck.fr/?post_type=product&#038;p=16045",product,,-0.8915019520181848,0
6206,1,25.2,120.0,instock,16580,41.0,taxable,2,2019-07-24 00:00:00,2019-07-24 00:00:00,Domaine Giudicelli Patrimonio Blanc 2019,"Ce Patrimonio Blanc signé Muriel Giudicelli nous impressionne par sa finesse et sa fraîcheur sur des notes citronnées et salines. Magnifique vin corse, tout d'un grand Vermentino !",publish,closed,closed,domaine-giudicelli-patrimonio-blanc-2019,2020-08-27 00:00:00,2020-08-27 00:00:00,"https://www.bottle-neck.fr/?post_type=product&#038;p=16580",product,,-0.26224378271435317,0
4757,1,26.5,1.0,instock,14680,6.0,taxable,2,2018-04-19 00:00:00,2018-04-19 00:00:00,Domaine Saint-Nicolas Fiefs Vendéens Blanc Le Haut des Clous 2017,"Le Haut des Clous déploie une matière robuste, franche et d'une superbe persistance. C'est un blanc intense, minéral, sur les fruits confits, à la finale ample, grasse et accompagnée d'une subtile pointe sucrée.",publish,closed,closed,domaine-saint-nicolas-fiefs-vendeens-blanc-le-haut-des-clous-2017,2020-08-09 00:00:00,2020-08-09 00:00:00,"https://www.bottle-neck.fr/?post_type=product&#038;p=14680",product,,-0.21549889013749707,0
4244,1,13.5,50.0,instock,15770,5.0,taxable,2,2018-02-20 00:00:00,2018-02-20 00:00:00,La Préceptorie Côtes du Roussillon Coume Marie 2018,"Coume Marie à une robe rouge sombre et présente un nez délicatement épicé, toasté et fruité. La bouche, complexe et puissante, présente des tanins souples et élégants. La finale ponctue la dégustation sur des arômes de cassis.",publish,closed,closed,preceptorie-cotes-du-roussillon-coume-marie-2018,2020-08-28 00:00:00,2020-08-28 00:00:00,"https://www.bottle-neck.fr/?post_type=product&#038;p=15770",product,,-0.6829478159060577,0
4889,1,25.3,0.0,outofstock,16037,0.0,taxable,2,2018-05-12 00:00:00,2018-05-12 00:00:00,Saumaize-Michelin Pouilly-Fuissé Vignes Blanches 2018,"<div id=""wrapper"">
<div id=""container-wrapper"">
<div id=""content-wrapper"">
<div class=""contenu""><section id=""vue"">
<div class=""wysiwyg"">

Bâtie à patir d’une vigne à laquelle on donne ce nom d’usage, la cuvée est complétée par d’autres parcelles représentatives de différents terroirs de Vergisson. L’expression du vin est toujours équilibrée avec une trame soyeuse et un fruit frais, sans aucune lourdeur avec une finale saline.

</div>
</section></div>
</div>
</div>
</div>
<footer>
<div id=""footer-wrapper"">
<div id=""footer-container""></div>
</div>
</footer>",publish,closed,closed,saumaize-michelin-pouilly-fuisse-vignes-blanches-2018,2020-07-12 00:00:00,2020-07-12 00:00:00,"https://www.bottle-neck.fr/?post_type=product&#038;p=16037",product,,-0.25864802174690266,0
5816,1,16.9,5.0,instock,15237,0.0,taxable,2,2019-03-27 00:00:00,2019-03-27 00:00:00,Maison Trimbach Riesling 2017,"Son bouquet délicat, le bel équilibre entre son caractère sec, son fruité distingué et sa vivacité naturelle participent à son exceptionnelle richesse. Comme l’exige le style de la maison, il est vinifié dans un style sec, droit, précis.

&nbsp;",publish,closed,closed,maison-trimbach-riesling-2017,2020-08-20 00:00:00,2020-08-20 00:00:00,"https://www.bottle-neck.fr/?post_type=product&#038;p=15237",product,,-0.560691943012742,0
5960,1,12.7,27.0,instock,15892,0.0,taxable,2,2019-04-18 00:00:00,2019-04-18 00:00:00,Domaine Labranche Laffont Pacherenc du Vic-Bilh Sec 2017,"Ce Pacherenc sec est issu de deux cépages emblématiques de l'appellation, le Gros et le Petit Manseng. Les arômes de fruits exotiques et d'agrumes dominent. Cette cuvée à l'expression pure, offre une agréable fraîcheur, qui lui confère une personnalité à part.",publish,closed,closed,domaine-labranche-laffont-pacherenc-vic-bihl-sec-2017,2020-06-03 00:00:00,2020-06-03 00:00:00,"https://www.bottle-neck.fr/?post_type=product&#038;p=15892",product,,-0.7117139036456614,0
5477,1,19.8,38.0,instock,15526,4.0,taxable,2,2018-10-10 00:00:00,2018-10-10 00:00:00,Domaine Pellé Menetou Salon Blanc Les Vignes de Ratier 2018,"La cuvée Vignes de Ratier est un grand blanc, au côté sancerrois, alliant rondeur, fraîcheur et finesse aromatique ! Une belle amplitude où les fruits à chair blanche surlignés de quelques notes poivrées se lient à une minéralité si particulière. Une bouteille de belle facture !",publish,closed,closed,pelle-menetou-salon-blanc-ratier-2018,2020-08-27 00:00:00,2020-08-27 00:00:00,"https://www.bottle-neck.fr/?post_type=product&#038;p=15526",product,,-0.4564148749566783,0
5806,1,17.4,0.0,outofstock,13567,2.0,taxable,2,2019-03-20 00:00:00,2019-03-20 00:00:00,Château La Croix Meunier Saint-Emilion Grand Cru 2014,"<div class=""image-millesime"">
<div class=""description"">
<div class=""content"">C'est la cinquième génération de la famille Meunier qui exploite aujourd'hui ce petit cru de 3 ha situé à l'ouest de l'appellation, dans le secteur de Figeac, et dont les premières parcelles ont été acquises vers 1840.</div>
</div>
<div class=""description"">
<div class=""content"">Ce 2014 dévoile un nez puissant de fruits confits et d'épices sur un fond boisé marqué. Après une attaque souple et fruitée, la bouche révèle des tanins serrés et encore sévères. Prometteur.</div>
</div>
</div>
<div class=""texte-millesime"">

&nbsp;

</div>",publish,closed,closed,la-croix-meunier-saint-emilion-grand-cru-2014,2020-08-01 00:00:00,2020-08-01 00:00:00,"https://www.bottle-neck.fr/?post_type=product&#038;p=13567",product,,-0.5427131381754896,0
5546,1,15.2,130.0,instock,15202,6.0,taxable,2,2018-11-26 00:00:00,2018-11-26 00:00:00,Thierry Germain Saumur-Champigny Cuvée Domaine 2018,"Cette cuvée se présente au nez comme en bouche sur des notes de fruits rouges. Aérien et frais, la maîtrise de la date de récolte donne un vin contournant l’opulence avec une belle acidité.",publish,closed,closed,thierry-germain-saumur-champigny-domaine-2018,2020-08-27 00:00:00,2020-08-27 00:00:00,"https://www.bottle-neck.fr/?post_type=product&#038;p=15202",product,,-0.6218198794593999,0
4219,1,16.7,0.0,outofstock,12599,1.0,taxable,2,2018-02-16 00:00:00,2018-02-16 00:00:00,Domaine de l'Ecu Muscadet Orthogneiss 2014,"Robe Or blanc, cristalline. Nez subtil et élégant sur les fruits exotiques et les agrumes, sur des notes de fleurs blanches, d’épices, de cumin, notes de fruits secs, d’amande grillée, notes minérales et iodées. L’attaque est souple, la bouche est complexe et tendue avec un volume imposant. Finale imposante et salivante sur le pamplemousse rose et le noyau d’amande, notes salines prononcées.",publish,closed,closed,domaine-de-lecu-muscadet-orthogneiss-2014,2020-06-06 00:00:00,2020-06-06 00:00:00,"https://www.bottle-neck.fr/?post_type=product&#038;p=12599",product,,-0.5678834649476429,0
4032,1,14.1,0.0,outofstock,19814,3.0,taxable,2,2018-02-10 00:00:00,2018-02-10 00:00:00,Pierre Jean Villa IGP Collines Rhodaniennes Gamine 2018,Gamine représente tout le fruité et la gourmandise de la syrah. Une touche épicée et des tanins fondus lui apportent une belle complexité.,publish,closed,closed,pierre-jean-villa-igp-gamine-2018,2020-01-05 00:00:00,2020-01-05 00:00:00,"https://www.bottle-neck.fr/?post_type=product&#038;p=19814",product,,-0.6613732501013548,0
4934,1,22.2,57.0,instock,15554,2.0,taxable,2,2018-05-18 00:00:00,2018-05-17 00:00:00,Marcel Richaud Rasteau Rouge 2017,"Une robe profonde, un nez de fruits mûrs, tabac, cacao, toasté. La bouche est riche, les tanins sont bien fondus, une jolie finale toastée. Très belle longueur.

&nbsp;",publish,closed,closed,marcel-richaud-rasteau-rouge-2017,2020-07-16 00:00:00,2020-07-16 00:00:00,"https://www.bottle-neck.fr/?post_type=product&#038;p=15554",product,,-0.37011661173786714,0
4600,1,26.5,0.0,outofstock,15475,0.0,taxable,2,2018-04-14 00:00:00,2018-04-13 00:00:00,Marc Colin Et Fils Chassagne-Montrachet Rouge Vieilles Vignes 2017,"Ici le Pinot Noir évoque l’acacia et les fruits rouges sauvages. Confirmation en bouche avec un grain friand, léger et fondu. Le vin de partage, compréhensible par tous.",publish,closed,closed,marc-colin-et-fils-chassagne-montrachet-rouge-vieilles-vignes-2017,2020-01-04 00:00:00,2020-01-04 00:00:00,"https://www.bottle-neck.fr/?post_type=product&#038;p=15475",product,,-0.21549889013749707,0
6584,1,13.5,29.0,instock,15769,0.0,taxable,2,2020-01-04 00:00:00,2020-01-04 00:00:00,La Préceptorie Côtes du Roussillon Blanc Coume Marie 2018,"Un vin complexe, riche et floral. La bouche cristalline et étonnante de pureté, conjugue maturité et équilibre.",publish,closed,closed,la-preceptorie-cotes-du-roussillon-coume-marie-2018-blc,2020-08-28 00:00:00,2020-08-28 00:00:00,"https://www.bottle-neck.fr/?post_type=product&#038;p=15769",product,,-0.6829478159060577,0
4784,1,28.5,10.0,instock,15734,0.0,taxable,2,2018-04-20 00:00:00,2018-04-19 00:00:00,Maurice Schoech Riesling Vendanges Tardives 2017,"Ces raisins ont été récoltés en trois tris avec une proportion importante de pourriture noble.
Doux et vif à la fois, aux arômes de fruit et d’agrumes confits rehaussé d’une note de minéralité.",publish,closed,closed,maurice-schoech-riesling-vendanges-tardives-2017,2020-08-20 00:00:00,2020-08-20 00:00:00,"https://www.bottle-neck.fr/?post_type=product&#038;p=15734",product,,-0.14358367078848772,0
4183,1,21.4,48.0,instock,15746,0.0,taxable,2,2018-02-15 00:00:00,2018-02-15 00:00:00,Borie La Vitarèle Saint-Chinian Les Crès 2016,"Intense, délicatement poivré, de belles notes de fruits frais, des nuances florales. Un vin puissant et généreux, taillé pour affronter les années.",publish,closed,closed,borie-la-vitarele-saint-chinian-les-cres-2016,2020-08-08 00:00:00,2020-08-08 00:00:00,"https://www.bottle-neck.fr/?post_type=product&#038;p=15746",product,,-0.3988826994774709,0
4690,1,12.8,15.0,instock,13659,0.0,taxable,2,2018-04-18 00:00:00,2018-04-18 00:00:00,Domaine Plageoles Vin de France Contre-Pied 2016,"La robe est grenat profond, translucide. Le nez est fin, sur la mûre, la ronce et des notes sanguines et florales (pivoine). La bouche est ample, déployant avec élégance sa matière soyeuse et fraîche. L'ensemble affiche une belle tension, sans que la moindre acidité ne ressorte. La finale est étonnamment fine pour un vin de cette région: juste une très légère mâche, avec toujours ces notes sanguines/ferreuses, des épices, un peu de fleur séchée, et du salin à profusion.",publish,closed,closed,domaine-plageoles-vin-de-france-contre-pied-2016,2020-08-27 00:00:00,2020-08-27 00:00:00,"https://www.bottle-neck.fr/?post_type=product&#038;p=13659",product,,-0.7081181426782109,0
5951,1,74.5,6.0,instock,16472,0.0,taxable,2,2019-04-17 00:00:00,2019-04-17 00:00:00,Domaine de Vaccelli AOP Ajaccio Rouge Granit 174 2017,"Cuvée très confidentielle.

Elaborée sur un coteau de granit, cette superbe cuvée combine à la fois une chair prégnante et une délicatesse distinctive. Equilibré à souhait, racé et persistant en bouche, ce granit 174 n'a pas fini de livrer ses magnifique attributs.",publish,closed,closed,domaine-de-vaccelli-aop-ajaccio-rouge-granit-174-2017,2020-07-18 00:00:00,2020-07-18 00:00:00,"https://www.bottle-neck.fr/?post_type=product&#038;p=16472",product,,1.510466374238727,0
4245,1,8.9,141.0,instock,16097,1.0,taxable,2,2018-02-20 00:00:00,2018-02-20 00:00:00,Parcé Frères IGP Pays d'Oc Zoé Viognier 2019,"<p id=""product_reference"">Le Viognier donne un Zoé Blanc, fin de grande qualité, gras, onctueux, très parfumé avec des notes florales et de fruits à chair blanche.</p>",publish,closed,closed,parce-freres-igp-pays-oc-zoe-viognier-2019,2020-07-25 00:00:00,2020-07-25 00:00:00,"https://www.bottle-neck.fr/?post_type=product&#038;p=16097",product,,-0.8483528204087792,0
4719,1,12.5,29.0,instock,16527,15.0,taxable,2,2018-04-18 00:00:00,2018-04-18 00:00:00,Domaine Schoenheitz Pinot Noir Tradition 2019,"Rouge cerise à reflets grenat. Nez intense aux arômes frais de petits fruits rouge avec une dominante de cassis.
Solide présence en bouche avec beaucoup de fruits et des tanins soyeux .",publish,closed,closed,domaine-schoenheitz-pinot-noir-tradition-2019,2020-08-27 00:00:00,2020-08-27 00:00:00,"https://www.bottle-neck.fr/?post_type=product&#038;p=16527",product,,-0.7189054255805624,0
4759,1,16.9,49.0,instock,16229,0.0,taxable,2,2018-04-19 00:00:00,2018-04-19 00:00:00,Domaine Saint-Nicolas Fiefs Vendéens Rouge Reflets 2018,"Offrant à l'oeil une jolie robe d'un rubis tendre, Reflets propose un bouquet sur de fines notes fruitées et épicées. Un rouge à la bouche fine et croquante, dotée d'une élégance toute ligérienne, avec de la fraîcheur et beaucoup de typicité. Une cuvée charmeuse et envoûtante.",publish,closed,closed,domaine-saint-nicolas-fiefs-vendeens-rouge-reflets-2018,2020-08-13 00:00:00,2020-08-13 00:00:00,"https://www.bottle-neck.fr/?post_type=product&#038;p=16229",product,,-0.560691943012742,0
4081,1,39.0,0.0,outofstock,13117,4.0,taxable,2,2018-02-13 00:00:00,2018-02-13 00:00:00,Le Vieux Donjon Châteauneuf-du-Pape 2016,"<div id=""wrapper"">
<div id=""container-wrapper"">
<div id=""content-wrapper"">
<div class=""contenu""><section id=""vue"">
<div class=""wysiwyg"">

Le Vieux Donjon blanc se distingue par une robe jaune pâle, légèrement brillante. Son nez très aromatique s’ouvre sur un bouquet de fleurs d’acacia et de pamplemousse. Vive et parfumée, la bouche présente des notes d’agrumes et de<strong> </strong>fruits exotiques.

</div>
</section></div>
</div>
</div>
</div>
<footer>
<div id=""footer-wrapper"">
<div id=""footer-container""></div>
</div>
</footer>",publish,closed,closed,le-vieux-donjon-chateauneuf-du-pape-blanc-2016,2018-11-30 00:00:00,2018-11-30 00:00:00,"https://www.bottle-neck.fr/?post_type=product&#038;p=13117",product,,0.2339712307938113,0
4396,1,62.0,7.0,instock,9636,0.0,taxable,2,2018-03-22 00:00:00,2018-03-22 00:00:00,Wemyss Malts Blended Malt Scotch Whisky The Hive 12 ans,"The Hive est un assemblage de malts du Speyside avec principalement des 12 ans en provenance de 16 distilleries dont la plupart se trouvent en Speyside. La couleur intense tire sur le bronze qui souligne l’élevage en fût de Sherry. Le nez évoque le miel frais, les pommes au caramel et les bâtons de cannelle. La sucrosité du miel se prolonge en bouche et domine les nuances d’épices à dessert et de fruits confits. La finale est persistante, ronde et douce.",publish,closed,closed,whisky-wemyss-the-hive-12-ans,2020-08-20 00:00:00,2020-08-20 00:00:00,"https://www.bottle-neck.fr/?post_type=product&#038;p=9636",product,,1.0609962533074186,0
6628,1,32.2,31.0,instock,15792,0.0,taxable,2,2020-01-23 00:00:00,2020-01-23 00:00:00,Weingut Besson-Strasser Zürich Blauer Zweigelt 2016,"<span title="""">Avec un peu d'air, le vin dévoile des arômes de mûres, de prunes et de belles épices.</span> <span title="""">En bouche, il est droit, juteux, avec des fruits fins, structuré, dense mais pas lourd. Les tanins sont déjà bien intégrés, </span><span title="""">une acidité racée résonne.</span> <span title="""">Ce n'est pas un vin complexe, mais avec une harmonie extraordinairement belle, il a beaucoup de fraîcheur et de caractère.</span>",publish,closed,closed,weingut-besson-strasser-zurich-blauer-zweigelt-2016,2020-04-01 00:00:00,2020-04-01 00:00:00,"https://www.bottle-neck.fr/?post_type=product&#038;p=15792",product,,-0.010540514992820353,0
5616,1,38.4,6.0,instock,14845,2.0,taxable,2,2019-01-16 00:00:00,2019-01-16 00:00:00,"Albert Boxler Pinot Noir ""S"" 2016","Un grand Pinot Noir provenant du Grand Cru Sommerberg. Le vin est élevé pendant 18 mois dans des fûts bourguignons. Il en résulte un pinot noir intense d’une grande délicatesse, d’un grand raffinement.<span class=""Apple-converted-space""> </span>",publish,closed,closed,albert-boxler-pinot-noir-s-2016,2020-08-26 00:00:00,2020-08-26 00:00:00,"https://www.bottle-neck.fr/?post_type=product&#038;p=14845",product,,0.21239666498910842,0
4930,1,17.5,9.0,instock,16155,5.0,taxable,2,2018-05-18 00:00:00,2018-05-17 00:00:00,Domaine La Croix Belle Côtes de Thongue Blanc N°7 2018,"Robe dorée et brillante. Le nez intense évoque un mélange d'agrumes (citron confit, pamplemousse) et de fruits secs grillés. La bouche avec beaucoup de rondeur développe des notes minérales de fruits exotiques (ananas, passion) de miel et de vanille.",publish,closed,closed,domaine-la-croix-belle-cotes-de-thongue-blanc-n7-2018,2020-07-22 00:00:00,2020-07-22 00:00:00,"https://www.bottle-neck.fr/?post_type=product&#038;p=16155",product,,-0.5391173772080391,0
4248,1,14.8,64.0,instock,15033,12.0,taxable,2,2018-02-20 00:00:00,2018-02-20 00:00:00,Domaine Saint-Denis Mâcon Chardonnay 2017,"Ce Mâcon provient de la commune de Chardonnay, berceau du cépage du même nom. Expressif, frais et minéral, il rappelle les fruits à chair blanche et offre un bel équilibre entre acidité et onctuosité.",publish,closed,closed,domaine-saint-denis-macon-chardonnay-2017,2020-08-06 00:00:00,2020-08-06 00:00:00,"https://www.bottle-neck.fr/?post_type=product&#038;p=15033",product,,-0.6362029233292016,0
4204,1,11.3,31.0,instock,15414,3.0,taxable,2,2018-02-16 00:00:00,2018-02-16 00:00:00,Mas Laval IGP Pays d'Hérault Les Pampres Rouges 2017,"Fruité, gouleyant et aérien, ce vin à des tanins très souples et à beaucoup de gourmandise. Petit vin de plaisir immédiat.",publish,closed,closed,mas-laval-igp-pays-dherault-les-pampres-rouges-2017,2020-08-22 00:00:00,2020-08-22 00:00:00,"https://www.bottle-neck.fr/?post_type=product&#038;p=15414",product,,-0.762054557189968,0
4194,1,10.8,5.0,instock,15441,9.0,taxable,2,2018-02-15 00:00:00,2018-02-15 00:00:00,Château de La Liquière Faugères 2017,"<div class=""row"">
<div class=""features-value col-xs-8 col-sm-8 col-md-9"">Vin intense aux aromes de fruits rouges et noirs sur de belles notes minerales. Les tanins sont fins et elegants revelant finesse et persistance. Beaucoup de gourmandise.</div>
</div>",publish,closed,closed,chateau-de-la-liquiere-faugeres-rouge-2017,2020-08-28 00:00:00,2020-08-28 00:00:00,"https://www.bottle-neck.fr/?post_type=product&#038;p=15441",product,,-0.7800333620272203,0
4963,1,7.0,289.0,instock,15958,2.0,taxable,2,2018-06-02 00:00:00,2018-06-02 00:00:00,Château Turcaud Bordeaux Rouge 2016,"<div id=""wrapper"">
<div id=""container-wrapper"">
<div id=""content-wrapper"">
<div class=""contenu""><section id=""vue"">
<div class=""wysiwyg"">

<span style=""float: none; background-color: transparent; color: #454545; font-family: 'Helvetica Neue',Helvetica,Roboto,Arial,sans-serif; font-size: 16px; font-style: normal; font-variant: normal; font-weight: 400; letter-spacing: normal; line-height: 25.6px; text-align: left; text-decoration: none; text-indent: 0px;"">Des arômes d’épices (poivre, clou de girofle, eucalyptus), de mûre et de fruits rouges, de sous-bois . Des notes grillées et fumées</span><span style=""float: none; background-color: transparent; color: #454545; font-family: 'Helvetica Neue',Helvetica,Roboto,Arial,sans-serif; font-size: 16px; font-style: normal; font-variant: normal; font-weight: 400; letter-spacing: normal; line-height: 25.6px; text-align: left; text-decoration: none; text-indent: 0px;"">. Fraîcheur et bonne longueur avec un fruité persistant; les tanins s’arrondissent et s’équilibrent après quelques mois de mise en bouteille.</span>

</div>
</section></div>
</div>
</div>
</div>
<footer>
<div id=""footer-wrapper"">
<div id=""footer-container""></div>
</div>
</footer>",publish,closed,closed,chateau-turcaud-bordeaux-rouge-2016,2020-08-27 00:00:00,2020-08-27 00:00:00,"https://www.bottle-neck.fr/?post_type=product&#038;p=15958",product,,-0.9166722787903381,0
6930,1,8.4,83.0,instock,16135,5.0,taxable,2,2020-04-26 00:00:00,2020-04-25 00:00:00,Mouthes Le Bihan Côtes de Duras L'Aimé Chai 2015,"Belle robe jeune à dominante rubis soutenue. Nez fruité, avec des notes de fruits  confits, de confiture, de fruits noirs, épicé, poivré et mentholé. Bouche charnue, vin plein, dense, fruité, fumé, finissant sur des tanins tactiles et croquants Un vin de repas entre copains!",publish,closed,closed,mouthes-le-bihan-aime-chai-2015,2020-08-27 00:00:00,2020-08-27 00:00:00,"https://www.bottle-neck.fr/?post_type=product&#038;p=16135",product,,-0.8663316252460316,0
5522,1,48.4,10.0,instock,15861,1.0,taxable,2,2018-11-01 00:00:00,2018-11-01 00:00:00,Domaine Chambeyron Côte Rôtie L'Angéline 2017,"L'Angéline séduit par sa trame ronde et souple, son fruit juteux et son boisé juste.

&nbsp;",publish,closed,closed,domaine-chambeyron-cote-rotie-angeline-2017,2020-08-25 00:00:00,2020-08-25 00:00:00,"https://www.bottle-neck.fr/?post_type=product&#038;p=15861",product,,0.5719727617341551,0
5067,1,59.9,0.0,outofstock,15346,16.0,taxable,2,2018-07-31 00:00:00,2018-07-31 00:00:00,Albert Mann Pinot Noir Grand H 2017,"La robe est profonde, de couleur rouge grenat.Le nez est marqué par les fruits rouges, telle que la cerise, le cassis et la framboise, et sur les belles épices. L’attaque en bouche est large avec une densité de tanins importantes et le côté épicé que nous retrouvons en final. Un beau fumé présent, accompagne avec élégance. Nous retrouvons la puissance du Grand Cru Hengst, c’est un athlète taillé pour la garde.",publish,closed,closed,albert-mann-pinot-noir-grand-h-2017,2020-02-14 00:00:00,2020-02-14 00:00:00,"https://www.bottle-neck.fr/?post_type=product&#038;p=15346",product,,0.9854852729909588,0
4192,1,17.8,43.0,instock,15605,5.0,taxable,2,2018-02-15 00:00:00,2018-02-15 00:00:00,Château de La Liquière Faugères Cistus Rouge 2017,"Une belle sélection parcellaire qui nous donne un vin complexe et soyeux, velouté, dominé par les fruits cuits, le chocolat et le thym. Cistus est intense, concentré, mais d'une grande fraîcheur.",publish,closed,closed,chateau-de-la-liquiere-faugeres-cistus-rouge-2017,2020-08-26 00:00:00,2020-08-26 00:00:00,"https://www.bottle-neck.fr/?post_type=product&#038;p=15605",product,,-0.5283300943056877,0
4235,1,17.1,0.0,outofstock,13905,1.0,taxable,2,2018-02-17 00:00:00,2018-02-17 00:00:00,Maroc Graillot/Thaleb Tandem Syrah 2015,"<div class=""m-product_description"">
<div id=""full_description"" class=""accessible""></div>
</div>
<div class=""m-product_buy_buttons"">Tandem, c'est la rencontre d’Alain Graillot, vigneron en Crozes-Hermitage et de Jacques Poulain, œnologue bordelais installé au Maroc. Ensemble, ils élaborent ce vin expressif, au bouquet d’arômes complexe qui réunit des notes de fruits noirs bien mûrs, de cerises confiturées, relevé par des touches d’épices puis évolue vers une finale chocolatée et cacao. La bouche est remarquable en persistance et en équilibre.
<div class=""field field-name-field-wine-taste field-type-text field-label-inline clearfix"">
<div class=""field-items"">
<div class=""field-item even""></div>
</div>
</div>
</div>",publish,closed,closed,maroc-graillot-thaleb-tandem-syrah-2015,2020-08-22 00:00:00,2020-08-22 00:00:00,"https://www.bottle-neck.fr/?post_type=product&#038;p=13905",product,,-0.5535004210778409,0
6738,1,15.4,40.0,instock,8193,3.0,taxable,2,2020-03-05 00:00:00,2020-03-05 00:00:00,Emile Boeckel Crémant Chardonnay Extra Brut 2016,"Ce Crémant est vif et délicat, se et  racé. Très typé chardonnay et tout en élégance.",publish,closed,closed,emile-boeckel-cremant-chardonnay-extra-brut-2016,2020-08-22 00:00:00,2020-08-22 00:00:00,"https://www.bottle-neck.fr/?post_type=product&#038;p=8193",product,,-0.614628357524499,0
4079,1,37.0,0.0,outofstock,13078,0.0,taxable,2,2018-02-13 00:00:00,2018-02-13 00:00:00,Le Vieux Donjon Châteauneuf-du-Pape 2013,"<div id=""wrapper"">
<div id=""container-wrapper"">
<div id=""content-wrapper"">
<div class=""contenu""><section id=""vue"">
<div class=""wysiwyg"">

Comme toujours, magistralement élégant, le nez prend des notes de fruits rouges fraîchement ramassés. Le raffinement reste la marque de fabrique de de domaine. Naturel en bouche, il s'impose par sa délicatesse et une énergie magnifique. Superbe!

</div>
</section></div>
</div>
</div>
</div>
<footer>
<div id=""footer-wrapper"">
<div id=""footer-container""></div>
</div>
</footer>",publish,closed,closed,vieux-donjon-chateauneuf-2013,2019-02-20 00:00:00,2019-02-20 00:00:00,"https://www.bottle-neck.fr/?post_type=product&#038;p=13078",product,,0.16205601144480195,0
4566,1,28.5,3.0,instock,15457,0.0,taxable,2,2018-04-12 00:00:00,2018-04-12 00:00:00,Domaine de Montcalmès Coteaux du Languedoc Blanc 2017,"Un jus dense et abricoté, des notes de miel, de fleur blanche, de la puissance, c’est un vin riche et tout en saveurs, à déguster à table. Un grand blanc du Languedoc, très rare, mais toujours très convoité!",publish,closed,closed,domaine-de-montcalmes-ct-languedoc-blanc-2017,2020-06-26 00:00:00,2020-06-26 00:00:00,"https://www.bottle-neck.fr/?post_type=product&#038;p=15457",product,,-0.14358367078848772,0
4227,1,12.6,49.0,instock,15261,6.0,taxable,2,2018-02-17 00:00:00,2018-02-17 00:00:00,La Cotelleraie Saint-Nicolas-de-Bourgueil La Croisée 2018,"Les expressions du terroir de Saint Nicolas de Bourgueil se manifestent dans leur splendeur : fruits rouges, arômes floraux, tendresse des tanins, longueur en bouche, tout est réuni pour flatter les palais les plus délicats.",publish,closed,closed,cotelleraie-saint-nicolas-croisee-2018,2020-08-14 00:00:00,2020-08-14 00:00:00,"https://www.bottle-neck.fr/?post_type=product&#038;p=15261",product,,-0.7153096646131119,0
5486,1,49.5,5.0,instock,16130,9.0,taxable,2,2018-10-10 00:00:00,2018-10-10 00:00:00,Decelle-Villa Meursault 2018,"De couleur Jaune paille brillante, le Meursault Decelle-Villa se décline sur des notes briochées, amandées et de pomme fraîche. La bouche, de belle tension est pure et nette. Ce vin accompagnera bien les plats d’asperges, les grands poissons et même les foies gras. Il pourra vieillir jusqu’à 10 ans en cave.",publish,closed,closed,decelle-villa-meursault-2018,2020-08-26 00:00:00,2020-08-26 00:00:00,"https://www.bottle-neck.fr/?post_type=product&#038;p=16130",product,,0.6115261323761103,0
4178,1,11.5,12.0,instock,16160,17.0,taxable,2,2018-02-15 00:00:00,2018-02-15 00:00:00,Domaine de l'Hortus Pic Saint-Loup La Bergerie Rosé 2019,"<div class=""row"">
<div class=""features-value col-xs-8 col-sm-8 col-md-9"">Arômes intenses, dominés par la framboise et de la fraise, aussi des notes amyliques et florales. Très belle attaque en bouche avec de la fraîcheur et de la finesse, mais aussi du volume et de la douceur. Une finale longue très riche en fruits mais avec des notes épicées et amyliques.</div>
</div>",publish,closed,closed,hortus-pic-saint-loup-la-bergerie-rose-2019,2020-08-13 00:00:00,2020-08-13 00:00:00,"https://www.bottle-neck.fr/?post_type=product&#038;p=16160",product,,-0.754863035255067,0
6886,1,42.0,0.0,outofstock,14897,0.0,taxable,2,2020-04-25 00:00:00,2020-04-25 00:00:00,Gratavinum Priorat GV5 2011,"Couleur grenat très foncé, avec des reflets. Un nez expressif de notes de confiture de fruits noirs et de notes minérales, crayon de graphite très intenses. En bouche, il montre beaucoup de tanins présents mais aussi une finesse d’une qualité extraordinaire. Haute concentration dt volume, excellente acidité, la bouche est entièrement marquée par le caractère minéral intense qui conduit à une finale très longue et une grande sensation de fraîcheur.",publish,closed,closed,gratavinum-priorat-gv5-2011,2020-06-27 00:00:00,2020-06-27 00:00:00,"https://www.bottle-neck.fr/?post_type=product&#038;p=14897",product,,0.3418440598173253,0
5703,1,29.4,1.0,instock,11736,0.0,taxable,2,2019-02-01 00:00:00,2019-02-01 00:00:00,Domaine de l'Ecu Muscadet Taurus 2012,"Robe blé tendre. Nez élégant sur des notes minérales prononcées, notes d’agrumes, citron et pamplemousse, notes délicates de fleurs blanches, fruits secs, amande, notes toastées. Bouche grasse, opulente et contrebalancée par une fine acidité, une vivacité qui porte l’équilibre de ce vin. Elancée, complexe, puissante, la bouche mêle des notes de fruits du verger, de poire, d’abricot, de rhubarbe et de réglisse. Un vin doté d’une grande allonge, finale sur le poivre blanc. A déguster entre amateurs.",publish,closed,closed,domaine-de-lecu-muscadet-taurus-2012,2020-06-24 00:00:00,2020-06-24 00:00:00,"https://www.bottle-neck.fr/?post_type=product&#038;p=11736",product,,-0.11122182208143358,0
4974,1,23.0,2.0,instock,16004,5.0,taxable,2,2018-06-08 00:00:00,2018-06-08 00:00:00,Château du Couvent Pomerol 2017,"<div id=""wrapper"">
<div id=""container-wrapper"">
<div id=""content-wrapper"">
<div class=""contenu""><section id=""vue"">Deuxième vin du Clos René. Le nez séduit par son élégance. On y retrouve d'intenses arômes de cassis, cerise, cèdre, puis de mûre et d'épices. La bouche est souple dès l'attaque et évolue sur une matière suave. </section></div>
</div>
</div>
</div>
<footer>
<div id=""footer-wrapper"">
<div id=""footer-container""></div>
</div>
</footer>",publish,closed,closed,chateau-du-couvent-pomerol-2017,2020-08-26 00:00:00,2020-08-26 00:00:00,"https://www.bottle-neck.fr/?post_type=product&#038;p=16004",product,,-0.3413505239982634,0
4097,1,12.8,26.0,instock,15675,1.0,taxable,2,2018-02-13 00:00:00,2018-02-13 00:00:00,Paul Ginglinger Pinot Gris Les Prelats 2018,"Les Prélats est un assemblage de nombreuses parcelles situées sur les lieux-dits Altengarten, Krumling, Morschwihrerweg, Fuchsloch, Kleiner Eich et Stich. Cette grande diversité apporte des composantes complémentaires qui concourent à la complexité de l’assemblage. Cette cuvée présente de façon récurrente un fruité délicat et une bouche grasse s’étirant autour d’une très légère rondeur.",publish,closed,closed,paul-ginglinger-pinot-gris-prelats-2018,2020-08-26 00:00:00,2020-08-26 00:00:00,"https://www.bottle-neck.fr/?post_type=product&#038;p=15675",product,,-0.7081181426782109,0
4621,1,16.5,49.0,instock,15849,9.0,taxable,2,2018-04-14 00:00:00,2018-04-14 00:00:00,Bernard Baudry Chinon Rouge Les Grézeaux 2017,Les Grézeaux est un vin concentré avec une matière dense mais toujours soyeuse due à l’influence des graviers.,publish,closed,closed,bernard-baudry-chinon-rouge-les-grezeaux-2017,2020-08-01 00:00:00,2020-08-01 00:00:00,"https://www.bottle-neck.fr/?post_type=product&#038;p=15849",product,,-0.5750749868825438,0
6572,1,44.0,0.0,outofstock,15704,0.0,taxable,2,2020-01-04 00:00:00,2020-01-04 00:00:00,Decelle-Villa Saint-Aubin 1er Cru Sous Roche Dumay 2015,Commentaires à venir.,publish,closed,closed,decelle-villa-saint-aubin-dumay-2015,2020-02-08 00:00:00,2020-02-08 00:00:00,"https://www.bottle-neck.fr/?post_type=product&#038;p=15704",product,,0.4137592791663346,0
4222,1,8.9,66.0,instock,15759,4.0,taxable,2,2018-02-16 00:00:00,2018-02-16 00:00:00,Xavier Frissant Touraine Amboise M de La Touche 2016,"Vin léger et gourmand, sur des belles notes de fruits. M' de la Touche garde tout de même une belle structure et quelques tanins, bien représentatifs du cépage Côt.",publish,closed,closed,xavier-frissant-touraine-amboise-m-de-la-touche-2016,2020-08-27 00:00:00,2020-08-27 00:00:00,"https://www.bottle-neck.fr/?post_type=product&#038;p=15759",product,,-0.8483528204087792,0
6106,1,74.8,15.0,instock,14106,0.0,taxable,2,2019-06-08 00:00:00,2019-06-08 00:00:00,Stéphane Tissot Château-Chalon 2011,"Ce vin peut-être dégusté sur sa jeunesse mais peut également vieillir 50 ans et plus. Vin complexe, puissant et très fin Le terroir du lias apporte une fraicheur, une minéralité presque citronné et une finesse remarquable. L’oxydation est très subtile pour un vin très concentré. Ce vin peut-être dégusté sur sa jeunesse mais peut également vieillir 50 ans et plus.",publish,closed,closed,stephane-tissot-chateau-chalon-2011,2020-05-30 00:00:00,2020-05-30 00:00:00,"https://www.bottle-neck.fr/?post_type=product&#038;p=14106",product,,1.5212536571410782,0
5551,1,36.3,18.0,instock,13957,0.0,taxable,2,2018-11-26 00:00:00,2018-11-26 00:00:00,Thierry Germain Saumur-Champigny Franc De Pied 2017,"D’une belle couleur rouge rubis, la robe est brillante et limpide et se pare de reflets diaprés et ondoyants entre le violine et la cerise. Au nez on décèle de belles notes de fleurs et de petits fruits rouges. L’attaque est franche et droite. Le fruité est légèrement écrasé et donne beaucoup de jus dans lequel le rouge domine. L’acidité est présente, donnant de l’ampleur et une belle profondeur.",publish,closed,closed,thierry-germain-saumur-champigny-franc-de-pied-2017,2019-04-25 00:00:00,2019-04-25 00:00:00,"https://www.bottle-neck.fr/?post_type=product&#038;p=13957",product,,0.13688568467264858,0
5000,1,27.3,0.0,outofstock,15868,6.0,taxable,2,2018-07-17 00:00:00,2018-07-17 00:00:00,David Duband Côtes de Nuits Villages 2017,"Les raisins sont ramassés manuellement, triés et vinifiés avec 80% de vendange entière. Un nez intense de fruits rouges croquants, accompagnés de quelques notes de sous-bois, et de cannelle.",publish,closed,closed,duband-cotes-de-nuits-villages-2017,2020-07-02 00:00:00,2020-07-02 00:00:00,"https://www.bottle-neck.fr/?post_type=product&#038;p=15868",product,,-0.1867328023978933,0
4149,1,69.0,34.0,instock,7086,0.0,taxable,2,2018-02-14 00:00:00,2018-02-14 00:00:00,Champagne Mailly Grand Cru Intemporelle Rosé 2009,"Au regard, la robe d’un rose saumoné clair et tendre enchante par ses reflets orangés qui illuminent un fin chapelet de bulles.
Un nez fin et subtil évoque un savoureux mariage entre arômes de fraise des bois, framboise, brugnon, poire, amande et froment. La bouche confirme les promesses de ce vin. Harmonie, justesse et éclat naissent dans un jeu de contrastes rare et magique : les fruits rouges côtoient les fruits blancs et les agrumes. La concentration s’affirme dans la finesse. Le charnu s’allie à la minéralité. La puissance se mêle à la tendresse et le soyeux se déroule en finale dans une éclatante pureté.",publish,closed,closed,champagne-mailly-grand-cru-intemporelle-rose-2009,2020-08-20 00:00:00,2020-08-20 00:00:00,"https://www.bottle-neck.fr/?post_type=product&#038;p=7086",product,,1.3126995210289514,0
4686,1,14.0,6.0,instock,16324,2.0,taxable,2,2018-04-18 00:00:00,2018-04-18 00:00:00,Cosse Maisonneuve Cahors Solis 2018,"Le nez est puissant et marqué par des notes fumées, de cuir et de fruits noirs. Intense et généreuse, la bouche est dotée d’une belle matière et se révèle à la fois structurée, ronde et souple.",publish,closed,closed,matthieu-cosse-cahors-solis-2018,2020-07-10 00:00:00,2020-07-10 00:00:00,"https://www.bottle-neck.fr/?post_type=product&#038;p=16324",product,,-0.6649690110688053,0
4337,1,83.0,13.0,instock,4679,0.0,taxable,2,2018-03-02 00:00:00,2018-03-02 00:00:00,Champagne Mailly Grand Cru Les Echansons 2007,"<blockquote>Ce vin s'habille d'une parure festive : un or lumineux aux reflets ambrés s'anime d'une effervescence passionnée et d'un cordon de mousse persistant. Au nez, une sensation de profondeur et de raffinement apparait : le vin dévoile de précieux arômes de fruits parfaitement mûrs (poire, mirabelle) et confits (citron, mandarine) fondus dans de délicates notes d'amandes, de viennoiserie, de miel et de caramel.En bouche, les saveurs de fruits se prolongent délicieusement et soulignent l'étoffe dense et étirée du vin. Dans un équilibre de fraicheur et d'ampleur, les notes beurrées, épicées s'épanouissent avec subtilité donnant à l'ensemble un parfum de grande maturité. La persistante note minérale, comme une évidence et telle une signature, prolonge le trait et accentue l'éclat et la pureté de ce vin.</blockquote>",publish,closed,closed,champagne-mailly-grand-cru-les-echansons-2007,2020-07-09 00:00:00,2020-07-09 00:00:00,"https://www.bottle-neck.fr/?post_type=product&#038;p=4679",product,,1.8161060564720166,0
4651,1,49.0,21.0,instock,11849,0.0,taxable,2,2018-04-17 00:00:00,2018-04-17 00:00:00,Thierry Germain Saumur Blanc Terres 2014,"D’une belle Robe Jaune paille, limpide, ce vin offre un nez avec une belle fraîcheur associée à une minéralité bien présente. A cela s’ajoute des arômes d’écorce d’orange. La bouche est grasse et ronde avec de légers tanins en final.",publish,closed,closed,thierry-germain-saumur-blanc-terres-2014,2020-08-20 00:00:00,2020-08-20 00:00:00,"https://www.bottle-neck.fr/?post_type=product&#038;p=11849",product,,0.593547327538858,0
4646,1,21.5,34.0,instock,15848,1.0,taxable,2,2018-04-17 00:00:00,2018-04-17 00:00:00,Bernard Baudry Chinon Rouge Le Clos Guillot 2017,Le Clos Guillot est un vin raffiné. Ses arômes de griottes et de fruits noirs le font parfois « pinoter » certaines années. Le vin est d’une belle longueur et reste très frais en bouche.,publish,closed,closed,bernard-baudry-chinon-rouge-clos-guillot-2017,2020-08-27 00:00:00,2020-08-27 00:00:00,"https://www.bottle-neck.fr/?post_type=product&#038;p=15848",product,,-0.3952869385100204,0
4162,1,14.3,26.0,instock,14474,1.0,taxable,2,2018-02-15 00:00:00,2018-02-15 00:00:00,Domino Romano Ribera Del Duero Camino Romano 2016,"Ce vin présente un nez plein de fruits, avec des notes de confiture de fruits rouges et d’herbes aromatiques. En bouche, le Camino se révèle être un vin élégant avec une bonne acidité aidant à l’équilibrer, une prédominance de fruits et un final très frais et limpide.",publish,closed,closed,domino-romano-ribera-camino-2016,2020-06-28 00:00:00,2020-06-28 00:00:00,"https://www.bottle-neck.fr/?post_type=product&#038;p=14474",product,,-0.6541817281664539,0
6928,1,19.0,20.0,instock,15741,2.0,taxable,2,2020-04-26 00:00:00,2020-04-25 00:00:00,Le Cèdre de Jean Faure Saint-Emilion 2016,"Un nez ouvert  sur un velouté de fruits rouges, livrant avec beaucoup de douceur et de finesse quelques senteurs de cerise et de fraise sur un lit de petites épices.En bouche nous avons le même esprit et même plaisir. Structure fine et élégante.",publish,closed,closed,cedre-de-jean-faure-saint-emilion-2016,2020-08-28 00:00:00,2020-08-28 00:00:00,"https://www.bottle-neck.fr/?post_type=product&#038;p=15741",product,,-0.4851809626962821,0
5377,1,19.0,7.0,instock,15677,0.0,taxable,2,2018-09-02 00:00:00,2018-09-02 00:00:00,Argentine Alamos Catena Malbec 2017,"Cette cuvée est élevé pendant 12 mois en barriques. On retrouve des arômes de fruits rouges mûrs, de cerise et de mûre, avec quelques notes de chocolat et d'épices. Le vin est rond en bouche avec des tanins sucrés et une belle finale.",publish,closed,closed,argentine-alamos-catena-malbec-2017,2020-07-28 00:00:00,2020-07-28 00:00:00,"https://www.bottle-neck.fr/?post_type=product&#038;p=15677",product,,-0.4851809626962821,0
5383,1,19.5,9.0,instock,3383,0.0,taxable,2,2018-09-02 00:00:00,2018-09-02 00:00:00,Nouvelle-Zélande Marlborough Kim Crawford Sauvignon Blanc 2015,"Grâce à ses arômes de gazon fraîchement coupé, de pamplemousse, de pêche et de melon, le sauvignon blanc de Kim Crawford est le blanc préféré des Québécois! Il provient de la région de Marlborough, en Nouvelle-Zélande, reconnue pour ses sauvignons blancs aux parfums exubérants qui ne laissent personne indifférent. Sa bouche est fruitée, vive et possède quelques grammes de sucre résiduel qui charment le palais en finale.",publish,closed,closed,nouvelle-zelande-marlborough-kim-crawford-sauvignon-blanc-2015,2020-04-25 00:00:00,2020-04-25 00:00:00,"https://www.bottle-neck.fr/?post_type=product&#038;p=3383",product,,-0.46720215785902974,0
5448,1,7.2,0.0,outofstock,14469,0.0,taxable,2,2018-09-14 00:00:00,2018-09-14 00:00:00,Parcé Frères Côtes du Roussillon Villages Hommage à Fernand 2017,"<div><span style=""font-family: 'Helvetica Neue',Helvetica,Arial,sans-serif"">L<span style=""float: none;background-color: transparent;color: #333333;font-family: 'Helvetica Neue',Helvetica,Arial,sans-serif;font-size: 14px;font-style: normal;font-variant: normal;font-weight: 400;letter-spacing: normal;text-align: left;text-decoration: none;text-indent: 0px"">a robe est grenat sombre translucide, avec une pointe violacée. Le nez est fin, gourmand, sur la confiture de fruits noirs en train de mijoter, avec une touche d'épices douces et une pincée de benjoin. La bouche est toute aussi fine, élancée, gagnant vite en ampleur : elle déploie alors une matière soyeuse dans un premier temps, un peu plus rustique dans un second, tout en restant souple et fruitée.</span></span></div>
<div class=""pw-hidden-cp""></div>
&nbsp;",publish,closed,closed,parce-freres-cotes-du-roussillon-villages-hommage-a-fernand-2017__trashed,2020-08-27 00:00:00,2020-08-27 00:00:00,"https://www.bottle-neck.fr/?post_type=product&#038;p=14469",product,,-0.9094807568554372,0
4167,1,14.3,36.0,instock,15785,3.0,taxable,2,2018-02-15 00:00:00,2018-02-15 00:00:00,Ollieux Romanis Corbières Rouge Cuvée Prestige 2017,"Une robe rouge grenat soutenue, le nez se compose de fins arômes de fruits noirs avec une présence marquée de cassis et de cacao. La bouche se traduit par un très bon équilibre et une finale fraîche.",publish,closed,closed,ollieux-romanis-corbieres-cuvee-prestige-2017,2020-08-23 00:00:00,2020-08-23 00:00:00,"https://www.bottle-neck.fr/?post_type=product&#038;p=15785",product,,-0.6541817281664539,0
4392,1,49.5,13.0,instock,11586,0.0,taxable,2,2018-03-22 00:00:00,2018-03-22 00:00:00,Wemyss Malts Blended Malt Scotch Whisky Spice King,"Le Spice King ""Roi des Epices"" révèle un nez de délicieuses prunes cuites, de raisins secs et de bois bien poli. En bouche, du poivre rouge relève de belle manière des châtaignes au sel marin ; il y a aussi des zestes d'oranges épicées et de la cannelle. Des notes de cuir fin se mélangent à de la bruyère humide, le tout balloté par les embruns du rivage. Avec de l'eau, la chaleur du gingembre se développe avec du bacon fumé cuit sur un feu de bois flotté. Au final, la chaleur du poivre laisse la place à une délicate fumée de braises.",publish,closed,closed,whisky-wemyss-spice-king,2020-06-18 00:00:00,2020-06-18 00:00:00,"https://www.bottle-neck.fr/?post_type=product&#038;p=11586",product,,0.6115261323761103,0
5956,1,17.2,12.0,instock,15895,0.0,taxable,2,2019-04-18 00:00:00,2019-04-18 00:00:00,Clos du Prieur Terrasses du Larzac 2018,"Le Clos du Prieur séduit d’emblée par son côté floral et puissant, sa personnalité complexe évoquant l’iris, le laurier, le cassis et les petites baies sauvages. Un vin souple et ample qui se déguste dès aujourd'hui, avec sa finale longue et originale sur l'amande… Un beau rouge à découvrir !",publish,closed,closed,clos-du-prieur-terrasses-du-larzac-2018,2020-08-08 00:00:00,2020-08-08 00:00:00,"https://www.bottle-neck.fr/?post_type=product&#038;p=15895",product,,-0.5499046601103905,0
5968,1,71.5,18.0,instock,13215,0.0,taxable,2,2019-04-19 00:00:00,2019-04-19 00:00:00,Zind-Humbrecht Pinot Gris Clos Windsbuhl 2013,"Le nez est très riche et intense, développant des arômes de miel, fruits mûrs et fleurs blanches. Cette puissance immédiate ne laisse pas présager du style de la bouche qui est en fait en contradiction. Là où les arômes laissent présager d’un style très moelleux, la bouche quant à elle dévoile une acidité fière, une salinité importante, une touche calcaire évidente et beaucoup de caractère. La finale est longue et harmonieuse. On retrouve aussi les amers typiques du millésime.

&nbsp;

&nbsp;",publish,closed,closed,zind-humbrecht-pinot-gris-windsbuhl-2013,2019-09-05 00:00:00,2019-09-05 00:00:00,"https://www.bottle-neck.fr/?post_type=product&#038;p=13215",product,,1.402593545215213,0
4397,1,59.0,7.0,instock,12639,0.0,taxable,2,2018-03-22 00:00:00,2018-03-22 00:00:00,Wemyss Malts Blended Malt Scotch Whisky The Hive Batch Strength,"Ce Blended Malts en Batch Strength est très légèrement réduits par un faible apport d’eau pour ajuster de façon idéale le degré d’alcool au profil aromatique. Une couleur de miel de fleur d’oranger. Le nez évoque de juteux quartiers d’orange cuits dans le miel et la cannelle, accompagnés d’une crème pâtissière au safran, et autour desquels gravitent des notes de petits pains briochés sortant du four ainsi que des notes de fruits à noyaux, mûrs. En bouche, une explosion de douceurs florales est suivie de notes d’huile d’écorce d’orange et d’avoine grillée. Sans réduction, on a l’impression d’avoir sur la langue un miel frais et sirupeux. Une meringue au caramel (Cinder Toffee) pétillante danse en bouche dans une finale fraîche et nette.",publish,closed,closed,whisky-wemyss-the-hive-batch-strength,2019-12-02 00:00:00,2019-12-02 00:00:00,"https://www.bottle-neck.fr/?post_type=product&#038;p=12639",product,,0.9531234242839046,0
4614,1,19.0,50.0,instock,15875,11.0,taxable,2,2018-04-14 00:00:00,2018-04-14 00:00:00,Gilbert Picq Chablis En Vaudécorse 2017,"Superbe fruité et beaucoup d'éclat. Attaque ronde, beau volume et finale saline. Une belle parcelle qui séduit par son côté charmeur.",publish,closed,closed,gilbert-picq-chablis-en-vaudecorse-2017,2020-08-28 00:00:00,2020-08-28 00:00:00,"https://www.bottle-neck.fr/?post_type=product&#038;p=15875",product,,-0.4851809626962821,0
4728,1,29.5,20.0,instock,15729,2.0,taxable,2,2018-04-19 00:00:00,2018-04-18 00:00:00,Maurice Schoech Gewurztraminer Vendanges Tardives 2017,"La peau épaisse et rosée du gewurztraminer se prête à merveille à la surmaturation. Récoltées et triées sur nos plus vieilles parcelles en coteaux, les grappes botrytisées  donnent naissance à un vin unique. La robe dorée, le nez à la fois exotique et complexe et la bouche moelleuse et sa finale en dentelle régalera vos papilles pour toutes vos occasions festives.",publish,closed,closed,schoech-gewurztraminer-vt-2017,2020-08-26 00:00:00,2020-08-26 00:00:00,"https://www.bottle-neck.fr/?post_type=product&#038;p=15729",product,,-0.10762606111398305,0
4779,1,7.8,163.0,instock,14300,18.0,taxable,2,2018-04-20 00:00:00,2018-04-19 00:00:00,Clos du Mont-Olivet Vin de France La Sabonite,A forte dominante de Grenache la Sabonite est issue du tri de la vendange de Châteauneuf-du-Pape ( appelé le « râpé ») assemblé avec les raisins provenant des parcelles en vin de table. Son autre particularité est qu’il résulte de l’assemblage de divers millésimes élevés en cuves et en foudres.,publish,closed,closed,clos-du-mont-olivet-vin-de-france-la-sabonite,2020-08-21 00:00:00,2020-08-21 00:00:00,"https://www.bottle-neck.fr/?post_type=product&#038;p=14300",product,,-0.8879061910507343,0
6328,1,22.4,7.0,instock,15810,0.0,taxable,2,2019-11-03 00:00:00,2019-11-03 00:00:00,Le Pas de l'Escalette IGP Pays d'Hérault Les Clapas Blanc 2018,"Très élégant, fin et minéral, aux arômes intenses d'agrumes, de fleurs blanches et ponctué de notes mentholées. La bouche est droite, saline, marquée par la minéralité et la finesse.",publish,closed,closed,le-pas-de-lescalette-igp-pays-dherault-les-clapas-blanc-2018,2020-08-21 00:00:00,2020-08-21 00:00:00,"https://www.bottle-neck.fr/?post_type=product&#038;p=15810",product,,-0.3629250898029662,0
4239,1,28.0,18.0,instock,16567,0.0,taxable,2,2018-02-20 00:00:00,2018-02-20 00:00:00,Domaine Augustin Collioure Blanc Adéodat 2019,"<div class=""m-product_description"">
<div id=""full_description"" class=""accessible"">Un vin fin et élégant. Une structure juste qui n’emporte pas le palais, mais amène une belle longueur. Un bois maîtrisé et de discrète note de fruits à chair blanche et de cire. Un grand Languedoc Blanc.</div>
</div>
<div class=""m-product_buy_buttons"">
<div class=""field field-name-field-wine-taste field-type-text field-label-inline clearfix"">
<div class=""field-items"">
<div class=""field-item even""></div>
</div>
</div>
</div>",publish,closed,closed,augustin-collioure-blanc-adeodat-2019,2020-08-27 00:00:00,2020-08-27 00:00:00,"https://www.bottle-neck.fr/?post_type=product&#038;p=16567",product,,-0.16156247562574005,0
6617,1,9.9,12.0,instock,16031,6.0,taxable,2,2020-01-18 00:00:00,2020-01-18 00:00:00,Clos du Mont-Olivet Vins de Pays du Gard Rive Droite 2018,"<span style=""display: inline !important; float: none; background-color: transparent; color: #333333; cursor: text; font-family: Georgia,'Times New Roman','Bitstream Charter',Times,serif; font-size: 16px; font-style: normal; font-variant: normal; font-weight: 400; letter-spacing: normal; orphans: 2; text-align: left; text-decoration: none; text-indent: 0px; text-transform: none; -webkit-text-stroke-width: 0px; white-space: normal; word-spacing: 0px;"">C'est en novembre 2016 que la famille Sabon acquiert ses premières parcelles sur la commune de Saint-Laurent des Arbres sur la rive droite du Rhône. L'assemblage de plusieurs parcelles de Carignan, Grenache, Syrah et Merlot sur les lieux-dits Gissac, Le Clau et La Fressinède aux sols à dominante sableuse donne à cette cuvée toute la richesse et la profondeur de ce magnifique terroir.</span>",publish,closed,closed,clos-du-mont-olivet-igp-gard-rive-droite-2018,2020-08-07 00:00:00,2020-08-07 00:00:00,"https://www.bottle-neck.fr/?post_type=product&#038;p=16031",product,,-0.8123952107342746,0
4039,1,46.0,0.0,outofstock,19815,0.0,taxable,2,2018-02-12 00:00:00,2018-02-12 00:00:00,Pierre Jean Villa Côte Rôtie Carmina 2017,"Le côte rôtie Carmina monte en puissance mais garde un milieu de bouche pulpeux aux tanins aboutis. En référence à Carmina Burana, ce Côte Rôtie associe puissance, pureté, complexité et sensualité.",publish,closed,closed,pierre-jean-villa-cote-rotie-carmina-2017,2020-01-05 00:00:00,2020-01-05 00:00:00,"https://www.bottle-neck.fr/?post_type=product&#038;p=19815",product,,0.48567449851534394,0
5826,1,41.2,12.0,outofstock,15325,4.0,taxable,2,2019-03-28 00:00:00,2019-03-28 00:00:00,Agnès Levet Côte Rôtie Améthyste 2017,"<span style=""float: none;background-color: transparent;color: #000000;font-family: 'Open Sans',Arial,Verdana,sans-serif;font-size: 15px;font-style: normal;font-variant: normal;font-weight: 400;letter-spacing: normal;list-style-type: none;text-align: center;text-decoration: none;text-indent: 0px"">C’est un vin équilibré et harmonieux issu du cœur historique de l'appellation, aux aromatiques étoffées par les saveurs épicées et appuyé par des tanins structurés et robuste.</span>

&nbsp;",publish,closed,closed,agnes-levet-amethyste-2017,2020-05-22 00:00:00,2020-05-22 00:00:00,"https://www.bottle-neck.fr/?post_type=product&#038;p=15325",product,,0.31307797207772164,0
4976,1,16.45,26.0,instock,16005,4.0,taxable,2,2018-06-08 00:00:00,2018-06-08 00:00:00,Château Lafont Menaut Pessac-Leognan Rouge 2017,"<div id=""wrapper"">
<div id=""container-wrapper"">
<div id=""content-wrapper"">
<div class=""contenu""><section id=""vue"">Un équilibre, un fruit et une tenue en bouche remarquable. On y retrouve de belles notes de cassis et de mûre, une richesse tannique ainsi que le côté fumé typique des Pessac.</section></div>
</div>
</div>
</div>
<footer>
<div id=""footer-wrapper"">
<div id=""footer-container""></div>
</div>
</footer>",publish,closed,closed,chateau-lafont-menaut-pessac-leognan-rouge-2017,2020-08-05 00:00:00,2020-08-05 00:00:00,"https://www.bottle-neck.fr/?post_type=product&#038;p=16005",product,,-0.576872867366269,0
4797,1,78.0,0.0,outofstock,14506,0.0,taxable,2,2018-04-20 00:00:00,2018-04-20 00:00:00,Domaine Peyre Rose Clos des Cistes 2008,"Dominante de Syrah avec une pointe de Grenache, Le Clos des Cistes offre des arômes intenses de cassis, d'herbe fraîche et d'épices exotiques. Parfumé, complexe et structuré, avec une richesse charpentée, c'est un très grand Languedoc.",publish,closed,closed,domaine-peyre-rose-clos-des-cistes-2008,2020-07-16 00:00:00,2020-07-16 00:00:00,"https://www.bottle-neck.fr/?post_type=product&#038;p=14506",product,,1.6363180080994932,0
5893,1,26.6,65.0,instock,13910,5.0,taxable,2,2019-03-28 00:00:00,2019-03-28 00:00:00,Gilbert Picq Chablis 1er Cru Vaucoupin 2016,"Un premier cru ample et volumineux, possédant un superbe fruité et une grande finale saline.",publish,closed,closed,gilbert-picq-chablis-1er-cru-vaucoupin-2016,2020-08-28 00:00:00,2020-08-28 00:00:00,"https://www.bottle-neck.fr/?post_type=product&#038;p=13910",product,,-0.21190312917004653,0
5741,1,73.3,0.0,outofstock,15127,0.0,taxable,2,2019-02-16 00:00:00,2019-02-16 00:00:00,Domaine Clerget Chambolle-Musigny Les Charmes 2015,"Un grand classique que ce Chambolle-Musigny 1er cru Les Charmes. Il porte bien son nom et offre le meilleur de la Bourgogne. Sa finesse, son élégance s’appuient sur une bouche concentrée, charnue, et, dans sa jeunesse, des tanins “droits” qui se fondent avec les années. La bouche est toujours ample, ronde, et livre une explosion de fruits rouges.",publish,closed,closed,clerget-chambolle-musigny-charmes-2015,2020-03-27 00:00:00,2020-03-27 00:00:00,"https://www.bottle-neck.fr/?post_type=product&#038;p=15127",product,,1.4673172426293213,0
5544,1,61.6,0.0,outofstock,14828,0.0,taxable,2,2018-11-26 00:00:00,2018-11-26 00:00:00,Marc Colin Et Fils Chassagne-Montrachet Blanc Les Vide-Bourses 1er Cru 2016,"Ce Chassagne Montrachet se révèle être un vin assez expressif, aux notes minérales et d’agrumes. La bouche est généreuse et longue. C’est un vin d’une grande élégance, un digne représentant de l’appellation.",publish,closed,closed,marc-colin-et-fils-chassagne-montrachet-blanc-les-vide-bourses-1er-cru-2016,2020-03-27 00:00:00,2020-03-27 00:00:00,"https://www.bottle-neck.fr/?post_type=product&#038;p=14828",product,,1.0466132094376168,0
4752,1,27.9,42.0,instock,14184,0.0,taxable,2,2018-04-19 00:00:00,2018-04-19 00:00:00,Domaine de Montgilet Coteaux de l'Aubance Les Trois Schistes 2016,"À la profondeur et à l'intensité de sa robe d'or, brillante et limpide, répond un nez complexe et gourmand, où se mêlent miel d'acacia, gelée de coings et poire séchée. Après une attaque intense et fringante, le palais impose sa générosité et son élégance autour d'arômes de zeste d'orange soulignés par un léger boisé. La longue finale signe un vin finement ciselé.",publish,closed,closed,domaine-de-montgilet-coteaux-de-laubance-les-trois-schistes-2016,2020-08-08 00:00:00,2020-08-08 00:00:00,"https://www.bottle-neck.fr/?post_type=product&#038;p=14184",product,,-0.16515823659319057,0
4256,1,24.4,0.0,outofstock,14253,0.0,taxable,2,2018-02-21 00:00:00,2018-02-21 00:00:00,Domaine Huet Vouvray Haut-Lieu Sec 2017,"<div class=""degust"">Le nez révèle des arômes charmeurs de rose, de graines de grenade et de senteurs citronnées. La bouche est marquée par la pureté du fruit avec une attaque flatteuse et aérienne. Des notes de camomille et de jasmin mènent à une finale longue sur les beaux amers du pamplemousse.</div>",publish,closed,closed,domaine-huet-vouvray-haut-lieu-sec-2016,2020-07-22 00:00:00,2020-07-22 00:00:00,"https://www.bottle-neck.fr/?post_type=product&#038;p=14253",product,,-0.29100987045395693,0
5737,1,11.0,12.0,instock,15369,9.0,taxable,2,2019-02-16 00:00:00,2019-02-16 00:00:00,Triennes IGP Méditerranée Rouge Les Auréliens 2016,"<div id=""wrapper"">
<div id=""container-wrapper"">
<div id=""content-wrapper"">
<div class=""contenu""><section id=""vue"">
<div class=""wysiwyg"">

Vin fruité et croquant. Notes épicées en bouche. Ce vin saura trouver sa place sur toutes les tables.

</div>
</section></div>
</div>
</div>
</div>
<footer>
<div id=""footer-wrapper"">
<div id=""footer-container""></div>
</div>
</footer>",publish,closed,closed,triennes-igp-mediterranee-rouge-aureliens-2016,2020-08-23 00:00:00,2020-08-23 00:00:00,"https://www.bottle-neck.fr/?post_type=product&#038;p=15369",product,,-0.7728418400923194,0
4665,1,14.4,6.0,instock,15404,2.0,taxable,2,2018-04-17 00:00:00,2018-04-17 00:00:00,Vincent Carême Vouvray Sec 2018,Le Sec est issu d'un terroir d'argile à silex. Il s'exprime dans un nez de poire et de pêche de vigne. La bouche est croquante et généreuse.,publish,closed,closed,vincent-careme-vouvray-sec-2018,2020-08-05 00:00:00,2020-08-05 00:00:00,"https://www.bottle-neck.fr/?post_type=product&#038;p=15404",product,,-0.6505859671990036,0
5525,1,12.0,0.0,outofstock,14819,0.0,taxable,2,2018-11-01 00:00:00,2018-11-01 00:00:00,Domaine Chambeyron Vin de Pays des Collines Rhodaniennes Viognier 2016,"De belles notes de fruits jaunes, fruits à chair blanche et doté d'une belle fraîcheur. Un viognier typique et dynamique.",publish,closed,closed,domaine-chambeyron-vdp-viognier-2016,2019-04-28 00:00:00,2019-04-28 00:00:00,"https://www.bottle-neck.fr/?post_type=product&#038;p=14819",product,,-0.7368842304178147,0
5446,1,16.2,30.0,instock,16328,0.0,taxable,2,2018-09-14 00:00:00,2018-09-14 00:00:00,Parcé Frères Banyuls Rimage 2018,"<div>Un nez gourmand de cerise, une bouche riche et complexe entre la douceur et la force. Un vrai régal.</div>
&nbsp;",publish,closed,closed,parce-freres-banyuls-rimage-2018,2020-07-23 00:00:00,2020-07-23 00:00:00,"https://www.bottle-neck.fr/?post_type=product&#038;p=16328",product,,-0.5858622697848952,0
5700,1,44.5,-1.0,outofstock,14736,1.0,taxable,2,2019-01-31 00:00:00,2019-01-31 00:00:00,"Gilles Robin Crozes-Hermitage Rouge ""1920"" 2016","Fruit d'une histoire et d'un héritage familiale important, la cuvée 1920 marque le temps et rend hommage à un vigneron, Louis Pasquiron, qui acheta sa première vigne de Syrah cette année là, au lieu-dit ""Les Chassis"" à Mercurol. Elle est également le témoignage d'une passion bien réelle de son arrière petit-fils, Gilles Robin, pour ce noble cépage qu'il cultive et élève au rang des plus grands vins de la Vallée du Rhône. Sélection des plus beaux raisins du domaine, issus d'un terroir exceptionnel, associé à un millésime extraordinaire, ce vin a été élevé durant 18 mois en demi-muids afin de révéler tous ses secrets.",publish,closed,closed,gilles-robin-crozes-hermitage-rouge-1920-2016-copie,2020-04-21 00:00:00,2020-04-21 00:00:00,"https://www.bottle-neck.fr/?post_type=product&#038;p=14736",product,,0.43173808400358693,0
5611,1,63.4,1.0,instock,15945,1.0,taxable,2,2019-01-16 00:00:00,2019-01-16 00:00:00,Domaine Weinbach Riesling Grand Cru Schlossberg Cuvée Ste Catherine 2018,"Ce Riesling est issu de vignes cultivées dans la partie haute de la colline du Schlossberg, qui fut le premier terroir d'Alsace à être classé en Grand Cru. Un blanc subtil, sur des notes de fruits à chair blanche, avec le caractère granitique du terroir qui s’exprime dans une minéralité très fine. La bouche est racée, dans une très belle trame acide, avec une finale très pure alliant persistance et fraîcheur.",publish,closed,closed,domaine-weinbach-riesling-schlossberg-catherine-2018,2020-07-28 00:00:00,2020-07-28 00:00:00,"https://www.bottle-neck.fr/?post_type=product&#038;p=15945",product,,1.1113369068517251,0
6325,1,27.9,7.0,instock,15678,0.0,taxable,2,2019-11-03 00:00:00,2019-11-03 00:00:00,Tempier Bandol Blanc 2018,"<div id=""wrapper"">
<div id=""container-wrapper"">
<div id=""content-wrapper"">
<div class=""contenu""><section id=""vue"">
<div class=""wysiwyg"">

Il développe des notes très minérales sur la fraîcheur avec une belle expression aromatique d’agrumes et de fleurs blanches.

</div>
</section></div>
</div>
</div>
</div>
<footer>
<div id=""footer-wrapper"">
<div id=""footer-container""></div>
</div>
</footer>",publish,closed,closed,tempier-bandol-blanc-2018,2020-07-22 00:00:00,2020-07-22 00:00:00,"https://www.bottle-neck.fr/?post_type=product&#038;p=15678",product,,-0.16515823659319057,0
4668,1,12.3,23.0,instock,14657,3.0,taxable,2,2018-04-17 00:00:00,2018-04-17 00:00:00,Xavier Frissant Touraine Amboise L'Orée des Frênes 2015,"<p id=""u10579-5"">Ce vin est le résultat d'une sélection des vieilles vignes de Côt du domaine. Il s'ouvre sur des notes épicées et poivrées. Une belle puissance mais des tanins soyeux.</p>",publish,closed,closed,xavier-frissant-touraine-amboise-loree-des-frenes-2015,2020-08-22 00:00:00,2020-08-22 00:00:00,"https://www.bottle-neck.fr/?post_type=product&#038;p=14657",product,,-0.7260969475154633,0
4156,1,20.35,1.0,instock,14941,6.0,taxable,2,2018-02-14 00:00:00,2018-02-14 00:00:00,Elian Daros Côtes du Marmandais Coucou Blanc 2016,"Blanc atypique pour la région, certainement un héritage du passage d'Elian en Alsace. Nez floral, bouche ample et fraîche avec une attaque acidulée puis arômes d’agrumes, fruits exotiques, mirabelle.",publish,closed,closed,elian-daros-cotes-du-marmandais-coucou-blanc-2016,2020-07-16 00:00:00,2020-07-16 00:00:00,"https://www.bottle-neck.fr/?post_type=product&#038;p=14941",product,,-0.4366381896357007,0
5069,1,65.0,2.0,instock,15344,0.0,taxable,2,2018-07-31 00:00:00,2018-07-31 00:00:00,Albert Mann Pinot Noir Les Saintes Claires 2017,"La robe est rouge cerise et assez profonde. Lez dévoile des arômes de petits fruits rouges, comme la groseille à maquereau et une légère touche de fraise. La bouche tout en élégance et en raffinement apporte un côté juteux, presque sanguin. Les tanins présents sont soyeux. Avec beaucoup de longueur et de finesse en final, ce vin représente bien l’endroit où il est né : un éperon calcaire avec peu de profondeur de sol, exposé au sud, sur un terroir calcaire qui lui sied à merveille ; de la haute couture.",publish,closed,closed,albert-mann-pinot-noir-les-saintes-claires-2017,2020-07-22 00:00:00,2020-07-21 00:00:00,"https://www.bottle-neck.fr/?post_type=product&#038;p=15344",product,,1.1688690823309327,0
4358,1,77.0,0.0,outofstock,13854,0.0,taxable,2,2018-03-02 00:00:00,2018-03-02 00:00:00,Champagne Larmandier-Bernier Grand Cru Vieilles Vignes du Levant 2008,"Une très belle robe or jaune dore. Le nez est élégant, toaste, vanille avec des notes de citrons confits, de creme et de noix de cajou. La bouche est très équilibrée, souple et fraiche avec une effervescence cremeuse. La finale est savoureuse, saline et raffinee.",publish,closed,closed,champagne-larmandier-bernier-vieilles-vignes-levant-2008,2020-01-04 00:00:00,2020-01-04 00:00:00,"https://www.bottle-neck.fr/?post_type=product&#038;p=13854",product,,1.6003603984249886,0
4670,1,17.0,93.0,instock,15525,2.0,taxable,2,2018-04-18 00:00:00,2018-04-18 00:00:00,Domaine Pellé Menetou Salon Blanc Morogues 2018,"Assemblage de 7 parcelles sur les coteaux les plus hauts de l’appellation à Morogues. Cette situation géographique (climat froid mais bien ensoleillé) et pédologique (marne kimméridgienne) confère à ce vin un nez discret, pur qui s’ouvre sur des arômes de fleurs blanches et d’agrumes. La bouche est racée, cristalline, toute en longueur sur des notes d’agrumes dans un premier temps puis salines et minérales en fin de bouche. Ici, rien d’exubérant, seulement de la netteté et de la précision.",publish,closed,closed,pelle-menetou-salon-blanc-morogues-2018,2020-08-25 00:00:00,2020-08-25 00:00:00,"https://www.bottle-neck.fr/?post_type=product&#038;p=15525",product,,-0.5570961820452914,0
6585,1,19.0,38.0,instock,15434,0.0,taxable,2,2020-01-04 00:00:00,2020-01-04 00:00:00,La Préceptorie Côtes du Roussillon Blanc Terres Nouvelles 2018,"La robe pâle aux reflets verts dévoile un nez puissant, aux parfums de citron et d’herbe fraîche. La bouche minérale et équilibrée laisse place aux saveurs d’agrumes, sur un arrière-fond empreint d’une belle acidité.",publish,closed,closed,la-preceptorie-cotes-du-roussillon-blanc-terres-nouvelles-2018,2020-07-25 00:00:00,2020-07-25 00:00:00,"https://www.bottle-neck.fr/?post_type=product&#038;p=15434",product,,-0.4851809626962821,0
5807,1,27.3,1.0,instock,15471,4.0,taxable,2,2019-03-20 00:00:00,2019-03-20 00:00:00,Château d'Arcole Saint-Emilion Grand Cru 2016,La cuvée Château d’Arcole est un vin biodynamique fin et élégant vinifié dans la tradition bordelaise. L’attaque est encore vive accompagnée de tanins souples et d’un jolie bouquet d’arômes. Ce vin de Saint-Émilion se déguste dans sa jeunesse sur le fruit et se bonifiera après quelques années.,publish,closed,closed,arcole-saint-emilion-grand-cru-2016,2020-06-18 00:00:00,2020-06-18 00:00:00,"https://www.bottle-neck.fr/?post_type=product&#038;p=15471",product,,-0.1867328023978933,0
4164,1,7.6,19.0,instock,13453,20.0,taxable,2,2018-02-15 00:00:00,2018-02-15 00:00:00,Parés Baltà Penedès Mas Petit 2015,"Au  nez, on y retrouve des arôme de fruits rouges sur un fond légèrement grillés et vanillés. La bouche est suave, avec des tanins soyeux et ronds avec beaucoup de gourmandise.",publish,closed,closed,pares-balta-penedes-mas-petit-2015,2020-08-08 00:00:00,2020-08-08 00:00:00,"https://www.bottle-neck.fr/?post_type=product&#038;p=13453",product,,-0.8950977129856352,0
6223,1,26.7,1.0,instock,15324,6.0,taxable,2,2019-07-26 00:00:00,2019-07-26 00:00:00,Planeta Sicilia Chardonnay 2017,"Une version 100% sicilienne du chardonnay. Un plein d'agrumes, de fruits blancs, un boisé parfaitement équilibré. C'est un grand blanc parfaitement adapté aux produits de la mer.",publish,closed,closed,planeta-sicilia-chardonnay-2017,2020-07-30 00:00:00,2020-07-30 00:00:00,"https://www.bottle-neck.fr/?post_type=product&#038;p=15324",product,,-0.20830736820259615,0
5820,1,63.5,7.0,instock,15240,0.0,taxable,2,2019-03-27 00:00:00,2019-03-27 00:00:00,Maison Trimbach Riesling Cuvée Frédéric Emile 2012,"Exposés sud et sud-est, les terroirs Grands Crus Geisberg et Osterberg de Ribeauvillé qui surplombent le domaine donnent naissance à ce vin depuis plusieurs générations. L’âge moyen des vignes, 45 ans environ, offre des rendements limités. La composition marno-calcaro-gréseux et calcaire coquillé du terroir (Muschelkalk), tout comme les raisins de belle maturité strictement sélectionnés à la main, confèrent à ce vin une remarquable personnalité : un riesling sec et puissant, souligné d’une note minérale et d’une acidité finement ciselée. Prestigieuse signature de la maison, la « Cuvée Frédéric Emile » est recherchée par les fins connaisseurs et collectionneurs.

&nbsp;

&nbsp;",publish,closed,closed,maison-trimbach-riesling-cuvee-frederic-emile-2012,2020-06-28 00:00:00,2020-06-28 00:00:00,"https://www.bottle-neck.fr/?post_type=product&#038;p=15240",product,,1.1149326678191755,0
4077,1,22.9,48.0,instock,15440,0.0,taxable,2,2018-02-13 00:00:00,2018-02-13 00:00:00,Domaine des Bosquets Gigondas 2016,"Charismatique et envoûtant, minéral, garrigues et épices, ce Gigondas est d'une grande pureté. Son fruit et sa fraîcheur d’altitude le rendent approchable sur la jeunesse. Sa structure tannique se fait plus accueillante au fur et à mesure du vieillissement, pendant 10 à 15 ans.",publish,closed,closed,bosquets-gigondas-2016,2020-08-23 00:00:00,2020-08-23 00:00:00,"https://www.bottle-neck.fr/?post_type=product&#038;p=15440",product,,-0.3449462849657139,0
4148,1,37.5,18.0,instock,1364,0.0,taxable,2,2018-02-14 00:00:00,2018-02-14 00:00:00,Champagne Mailly Grand Cru Brut Rosé,"Une somptueuse robe rose lumineuse habille cette bouteille transparente. Immédiatement la finesse des fruits rouges, groseilles, framboises et fraises embaument votre nez et tapissent le palais. Une bouche charpentée, ample, au charme suave de pétales de rose complète votre plaisir.",publish,closed,closed,champagne-mailly-grand-cru-brut-rose,2020-08-08 00:00:00,2020-08-08 00:00:00,"https://www.bottle-neck.fr/?post_type=product&#038;p=1364",product,,0.18003481628205428,0
5506,1,18.2,63.0,instock,14192,0.0,taxable,2,2018-10-10 00:00:00,2018-10-10 00:00:00,Château de la Selve Coteaux de l'Ardèche Rouge Serre de Berty 2014,"<div>

Robe cerise foncée d’une brillance exceptionnelle. Nez très complexe et distingué sur les épices, cuir et sous-bois. En bouche : belle structure avec des tanins fins et une grande longueur sur la fraicheur.

</div>",publish,closed,closed,chateau-de-la-selve-coteaux-de-lardeche-rouge-serre-berty-2014,2020-08-21 00:00:00,2020-08-21 00:00:00,"https://www.bottle-neck.fr/?post_type=product&#038;p=14192",product,,-0.5139470504358858,0
4277,1,24.8,0.0,outofstock,14865,3.0,taxable,2,2018-02-28 00:00:00,2018-02-28 00:00:00,I Fabbri Chianti Classico Riserva 2015,"Le Riserva a été élevé 10 mois en barriques françaises puis 6 mois en bouteille avant commercialisation. C'est un vin d'une très grande structure et d'un très bel équilibre. Il évolue sur des arômes de fruits mûrs, les épices mais aussi les fruits secs, comme la châtaigne.",publish,closed,closed,i-fabbri-chianti-classico-riserva-2015,2020-06-17 00:00:00,2020-06-17 00:00:00,"https://www.bottle-neck.fr/?post_type=product&#038;p=14865",product,,-0.276626826584155,0
6631,1,47.2,12.0,instock,15795,0.0,taxable,2,2020-01-24 00:00:00,2020-01-23 00:00:00,Weingut Besson-Strasser Zürich Pinot Noir Albi 2016,"<span title="""">Frais, profond, fumé et en même temps floral avec des violettes, de nombreuses cerises noires, des bleuets… le nez est très complexe et profond.</span> <span title="""">La bouche est svelte et droite,</span> <span title="""">présente une bonne structure, des tanins fins. </span><span style=""display: inline !important; float: none; background-color: transparent; color: #333333; cursor: text; font-family: Georgia,'Times New Roman','Bitstream Charter',Times,serif; font-size: 16px; font-style: normal; font-variant: normal; font-weight: 400; letter-spacing: normal; orphans: 2; text-align: left; text-decoration: none; text-indent: 0px; text-transform: none; -webkit-text-stroke-width: 0px; white-space: normal; word-spacing: 0px;"">Une</span><span title=""""> énorme fraîcheur et de la vivacité, il n'y a pas de lourdeur, le vin est digeste, la finale est longue et épicée.</span>",publish,closed,closed,weingut-besson-strasser-zurich-pinot-noir-albi-2016,2020-02-22 00:00:00,2020-02-22 00:00:00,"https://www.bottle-neck.fr/?post_type=product&#038;p=15795",product,,0.5288236301247496,0
4188,1,9.5,99.0,instock,16265,8.0,taxable,2,2018-02-15 00:00:00,2018-02-15 00:00:00,Château de La Liquière Languedoc Blanc Les Amandiers 2019,"Très flatteur et expressif, on y trouve des notes de fleurs blanches, d'agrumes et de fruits blancs. C'est un vin frais, rond et délicat.",publish,closed,closed,liquiere-languedoc-amandiers-blancs-2019,2020-08-26 00:00:00,2020-08-26 00:00:00,"https://www.bottle-neck.fr/?post_type=product&#038;p=16265",product,,-0.8267782546040764,0
4707,1,22.8,13.0,instock,15466,13.0,taxable,2,2018-04-18 00:00:00,2018-04-18 00:00:00,Albert Mann Pinot Gris Cuvée Albert 2017,"Le nez est franc et élégant. Ce vin est doté d'un beau fruité, les fruits frais, l'abricot. L'attaque en bouche est dense et la finale est éclatante. Beaucoup de finesse et d'élégance.",publish,closed,closed,albert-mann-pinot-gris-cuvee-albert-2017,2020-07-31 00:00:00,2020-07-31 00:00:00,"https://www.bottle-neck.fr/?post_type=product&#038;p=15466",product,,-0.3485420459331643,0
4602,1,31.5,26.0,instock,15659,7.0,taxable,2,2018-04-14 00:00:00,2018-04-13 00:00:00,Catherine et Claude Maréchal Chorey-Lès-Beaune 2017,"Léger et souple, modérément tannique mais riche en caractère, son nez domine les petits fruits rouges (framboise, griotte) et noirs (mûres) rehaussés de notes de réglisse et de sous-bois.",publish,closed,closed,catherine-et-claude-marechal-chorey-les-beaune-2017,2020-08-01 00:00:00,2020-08-01 00:00:00,"https://www.bottle-neck.fr/?post_type=product&#038;p=15659",product,,-0.03571084176497372,0
6664,1,35.6,38.0,instock,15661,0.0,taxable,2,2020-02-23 00:00:00,2020-02-23 00:00:00,Catherine et Claude Maréchal Savigny-Lès-Beaune Rouge 2017,"Les Marechal proposent un vin rouge à la structure équilibrée et aux tanins bien enrobés. Il offre un nez riche mêlé de notes fruitées, boisées et épicées. En bouche, on retrouve les fruits de son bouquet avec, en plus, volume et persistance. Un vin de plaisir, presque féminin.",publish,closed,closed,catherine-et-claude-marechal-savigny-les-beaune-rouge-2017,2020-08-27 00:00:00,2020-08-27 00:00:00,"https://www.bottle-neck.fr/?post_type=product&#038;p=15661",product,,0.11171535790049547,0
4865,1,9.8,1.0,instock,16274,13.0,taxable,2,2018-05-04 00:00:00,2018-05-03 00:00:00,Mourgues du Grès Costières de Nîmes Capitelles Rosé 2018,"<div>Ample et concentré sur les fruits rouges frais, légèrement brioché et mie de pain. L'attaque en bouche est élégante et charnue. Bel équilibre sur la minéralité et beaucoup de volume sur le fruit (groseille) avec des nuances d’épices et de noisettes grillées.</div>",publish,closed,closed,mourgues-du-gres-costieres-de-nimes-capitelles-rose-2018,2020-08-05 00:00:00,2020-08-05 00:00:00,"https://www.bottle-neck.fr/?post_type=product&#038;p=16274",product,,-0.815990971701725,0
4915,1,25.9,14.0,instock,15615,8.0,taxable,2,2018-05-16 00:00:00,2018-05-15 00:00:00,Jean-Baptiste Arena Patrimonio Blanc Morta Maio,"Très joli nez, assez délicat, de fruits jaunes et blancs, avec des notes florales et de fruits exotiques. Cette complexité délicate se retrouve en bouche, parfaitement équilibrée sans lourdeur, où la matière montre une belle présence et une texture assez grasse.",publish,closed,closed,jean-baptiste-arena-patrimonio-morta-maio,2020-08-23 00:00:00,2020-08-23 00:00:00,"https://www.bottle-neck.fr/?post_type=product&#038;p=15615",product,,-0.23707345594219992,0
4867,1,9.9,0.0,outofstock,16148,1.0,taxable,2,2018-05-04 00:00:00,2018-05-03 00:00:00,Château De La Selve IGP Coteaux de l'Ardèche Maguelonne Rosé 2019,"<div>

Un rosé minéral, fruité et d’une grande fraîcheur. Le nez est fin, aromatique, fruité avec des arômes de fruits rouge et blanc et une note florale. La bouche est minérale, d’une belle fraîcheur et d’une belle finesse.

</div>",publish,closed,closed,chateau-de-la-selve-igp-coteaux-de-lardeche-maguelonne-rose-2019,2020-08-27 00:00:00,2020-08-27 00:00:00,"https://www.bottle-neck.fr/?post_type=product&#038;p=16148",product,,-0.8123952107342746,0
5002,1,64.9,1.0,instock,14580,0.0,taxable,2,2018-07-17 00:00:00,2018-07-17 00:00:00,David Duband Morey-Saint-Denis 1er Cru Les Broc 2016,"Une robe d'un rouge cerise clair et limpide. Au nez, dominante de fruits rouges et noirs avec une touche d'épices comme le poivre noir. La bouche est dense avec une belle fraîcheur et une finale enrobante.",publish,closed,closed,david-duband-morey-saint-denis-1er-cru-les-broc-2016,2020-08-06 00:00:00,2020-08-06 00:00:00,"https://www.bottle-neck.fr/?post_type=product&#038;p=14580",product,,1.1652733213634823,0
4137,1,29.8,0.0,outofstock,13209,0.0,taxable,2,2018-02-13 00:00:00,2018-02-13 00:00:00,Zind-Humbrecht Muscat Grand Cru Goldert 2015,"Le nez est impressionnant et déjà très expressif. Au palais on retrouve puissance et générosité, bien maitrisées par le caractère fort du cru. L’acidité est pure, droite et signe d’une belle maturité : très salivante. Au départ très réducteur, ce vin aura su s’élever et s’ouvrir pendant les 18 mois passés sur lies totales. Vin volumineux mais aussi brillant, il mérite encore du temps !",publish,closed,closed,zind-humbrecht-muscat-gc-goldert-2015,2019-10-04 00:00:00,2019-10-04 00:00:00,"https://www.bottle-neck.fr/?post_type=product&#038;p=13209",product,,-0.09683877821163163,0
4073,1,77.8,11.0,instock,13074,0.0,taxable,2,2018-02-13 00:00:00,2018-02-13 00:00:00,Château de Vaudieu Châteauneuf-du-Pape L'Avenue 2015,"""L'Avenue"" est issue d’une parcelle de vieux grenaches sur grès au sommet d’une des collines de Châteauneuf-du-Pape. Le nez dévoile des notes de coulis de framboise et de thé noir, la bouche est sur la fraîcheur et la finesse caractéristique des vieux grenaches sur sol à texture sableuse.",publish,closed,closed,chateau-de-vaudieu-chateauneuf-du-pape-lavenue-2015,2019-12-09 00:00:00,2019-12-09 00:00:00,"https://www.bottle-neck.fr/?post_type=product&#038;p=13074",product,,1.6291264861645922,0
4405,1,68.1,6.0,instock,13230,0.0,taxable,2,2018-03-22 00:00:00,2018-03-22 00:00:00,Cognac Frapin Château de Fontpinot XO 1/2,"Exclusivement vendangé, distillé, vieilli et mis en bouteille numérotées au Château familial, ce cognac Grande Champagne revendique l'appellation ""Château"" qui lui confère sa rareté. Cette très vieille réserve du Château doit sa maturité exceptionnelle de 41° et sa qualité à un long vieillissement en chais secs. Son bouquet floral est dû à une distillation sur lies qui lui apporte élégance, finesse et persistance des arômes.",publish,closed,closed,cognac-frapin-chateau-de-fontpinot-xo-1-2,2019-12-30 00:00:00,2019-12-30 00:00:00,"https://www.bottle-neck.fr/?post_type=product&#038;p=13230",product,,1.2803376723218969,0
4923,1,7.0,143.0,instock,15928,10.0,taxable,2,2018-05-17 00:00:00,2018-05-17 00:00:00,Cave de Castelmaure Corbières Rouge Vigneron 2018,"Le Rouge Vigneron de la cave de Castelmaure offre une couleur pourpre intense. Il possède un nez sur des arômes de raisins mûrs et de fruits rouges comme la fraise et le cassis. En bouche, ce Corbières est soyeux plein et tendre.",publish,closed,closed,cave-de-castelmaure-corbieres-rouge-vigneron-2018,2020-08-28 00:00:00,2020-08-28 00:00:00,"https://www.bottle-neck.fr/?post_type=product&#038;p=15928",product,,-0.9166722787903381,0
5380,1,18.0,24.0,instock,16022,0.0,taxable,2,2018-09-02 00:00:00,2018-09-02 00:00:00,Nouvelle-Zélande Marlborough Momo Sauvignon Blanc 2018,"Ce vin illustre l'éclat et l'intensité que peut offrir le cépage sur les terroirs frais et ensoleillés de Marlborough. Un nez luxuriant, intense, entre fruits tropicaux, fruit blanc, notes herbacées et minérales. On retrouve en bouche toute la fraîcheur, le croquant et les parfums exubérants du cépage.",publish,closed,closed,nouvelle-zelande-marlborough-momo-sauvignon-blanc-2018,2020-04-25 00:00:00,2020-04-25 00:00:00,"https://www.bottle-neck.fr/?post_type=product&#038;p=16022",product,,-0.5211385723707868,0
4085,1,19.0,37.0,instock,16462,7.0,taxable,2,2018-02-13 00:00:00,2018-02-13 00:00:00,Rimauresq Côtes de Provence Rouge Cru Classé 2017,"<div id=""wrapper"">
<div id=""container-wrapper"">
<div id=""content-wrapper"">
<div class=""contenu""><section id=""vue"">
<div class=""wysiwyg"">

Son nez complexe révèle des notes de garrigue, de fruits noirs et de réglisse. En bouche, il est dense avec des tanins riches et renferme des arômes de fruits épicés. Il peut être dégusté jeune ou être conservé encore quelques petites années.

</div>
</section></div>
</div>
</div>
</div>
<footer>
<div id=""footer-wrapper"">
<div id=""footer-container""></div>
</div>
</footer>",publish,closed,closed,rimauresq-cotes-de-provence-cru-classe-2017,2020-08-27 00:00:00,2020-08-27 00:00:00,"https://www.bottle-neck.fr/?post_type=product&#038;p=16462",product,,-0.4851809626962821,0
